Mission;Sample;serial number;return container;Container;Sample type;weight (g)
Apollo 11;10001;NA;ALSRC1004;NA;fines;181.9
Apollo 11;10002;NA;ALSRC1003;NA;rocks & fines;5629.00
Apollo 11;10003;NA;ALSRC1004;NA;Basalt;213.00
Apollo 11;10004;1;ALSRC1004;Drive tube;Core;44.8
Apollo 11;10005;2;ALSRC1004;Drive tube;Core;53.4
Apollo 11;10008;NA;ALSRC1004;NA;Fines;89.00
Apollo 11;10009;NA;ALSRC1004;NA;Breccia;112.00
Apollo 11;10010;NA;contingency bag;NA;Fines;491.00
Apollo 11;10011;NA;ALSRC1004;NA;Fines;82.6
Apollo 11;10014;NA;ALSRC1004;NA;Fines;50.00
Apollo 11;10015;NA;ALSRC1004;Gas reaction cell;Gas reaction cell;0.396
Apollo 11;10017;NA;ALSRC1004;NA;Basalt;973.00
Apollo 11;10018;NA;ALSRC1004;NA;Breccia;213.00
Apollo 11;10019;NA;ALSRC1004;NA;Breccia;297.00
Apollo 11;10020;NA;ALSRC1004;NA;Basalt;425.00
Apollo 11;10021;NA;contingency bag;NA;Breccia;250.00
Apollo 11;10022;NA;contingency bag;NA;Breccia;95.59
Apollo 11;10023;NA;contingency bag;NA;Basalt;66.00
Apollo 11;10024;NA;contingency bag;NA;Breccia;68.12
Apollo 11;10025;NA;contingency bag;NA;Basalt;8.59
Apollo 11;10026;NA;contingency bag;NA;Breccia;9.3
Apollo 11;10027;NA;contingency bag;NA;Breccia;8.87
Apollo 11;10028;NA;contingency bag;NA;Breccia;3.53
Apollo 11;10029;NA;contingency bag;NA;Basalt;5.53
Apollo 11;10030;NA;contingency bag;NA;Breccia;1.81
Apollo 11;10031;NA;contingency bag;NA;Basalt;2.7
Apollo 11;10032;NA;contingency bag;NA;Basalt;3.13
Apollo 11;10033;NA;contingency bag;NA;Fines;1.12
Apollo 11;10044;NA;ALSRC1003;NA;Basalt;247.5
Apollo 11;10045;NA;ALSRC1003;NA;Basalt;185.5
Apollo 11;10046;NA;ALSRC1003;NA;Breccia;663.00
Apollo 11;10047;NA;ALSRC1003;NA;Basalt;138.00
Apollo 11;10048;NA;ALSRC1003;NA;Breccia;579.00
Apollo 11;10049;NA;ALSRC1003;NA;Basalt;193.00
Apollo 11;10050;NA;ALSRC1003;NA;Basalt;114.5
Apollo 11;10054;NA;ALSRC1003;NA;Fines;202.1
Apollo 11;10056;NA;ALSRC1003;NA;Breccia;186.00
Apollo 11;10057;NA;ALSRC1003;NA;Basalt;919.00
Apollo 11;10058;NA;ALSRC1003;NA;Basalt;282.00
Apollo 11;10059;NA;ALSRC1003;NA;Breccia;188.00
Apollo 11;10060;NA;ALSRC1004;NA;Breccia;722.00
Apollo 11;10061;NA;ALSRC1004;NA;Breccia;346.00
Apollo 11;10062;NA;ALSRC1004;NA;Basalt;78.5
Apollo 11;10063;NA;ALSRC1004;NA;Breccia;148.00
Apollo 11;10064;NA;ALSRC1004;NA;Breccia;65.00
Apollo 11;10065;NA;ALSRC1004;NA;Breccia;347.00
Apollo 11;10066;NA;ALSRC1004;NA;Breccia;40.00
Apollo 11;10067;NA;ALSRC1004;NA;Breccia;69.3
Apollo 11;10068;NA;ALSRC1004;NA;Breccia;218.00
Apollo 11;10069;NA;ALSRC1004;NA;Basalt;119.5
Apollo 11;10070;NA;ALSRC1004;NA;Breccia;64.00
Apollo 11;10071;NA;ALSRC1004;NA;Basalt;189.5
Apollo 11;10072;NA;ALSRC1004;NA;Gabbro;447.00
Apollo 11;10073;NA;ALSRC1004;NA;Breccia;124.5
Apollo 11;10074;NA;ALSRC1004;NA;Breccia;55.5
Apollo 11;10075;NA;ALSRC1004;NA;Breccia;53.00
Apollo 11;10082;NA;ALSRC1004;NA;Breccia;50.5
Apollo 11;10084;NA;ALSRC1003;NA;Fines;3830.00
Apollo 11;10085;NA;ALSRC1003;NA;Fines;569.00
Apollo 11;10086;NA;ALSRC1003;NA;Fines;823.00
Apollo 11;10087;NA;ALSRC1003;NA;Chips & fines;17.4
Apollo 11;10089;NA;ALSRC1003;NA;Fines;50.00
Apollo 11;10090;NA;ALSRC1003;NA;Fines;12.00
Apollo 11;10091;NA;ALSRC1003;NA;Breccia;23.9
Apollo 11;10092;NA;ALSRC1003;NA;Basalt;46.00
Apollo 11;10093;NA;ALSRC1004;NA;Breccia;26.00
Apollo 11;10094;NA;ALSRC1004;NA;Breccia;25.00
Apollo 12;12001;NA;selected sample;NA;fines;2216.00
Apollo 12;12002;NA;selected sample;NA;medium-grained vuggy crystalline igneous rocks;1529.5
Apollo 12;12003;NA;selected sample;NA;fines;300.00
Apollo 12;12004;NA;selected sample;NA;fine-grained vesicular crystalline igneous rocks;585.00
Apollo 12;12005;NA;selected sample;NA;fine-grained vesicular crystalline igneous rocks;482.00
Apollo 12;12006;NA;selected sample;NA;fine-grained vesicular crystalline igneous rocks and medium-grained vuggy crystalline igneous rocks;206.4
Apollo 12;12007;NA;selected sample;NA;fine-grained vesicular crystalline igneous rocks;65.2
Apollo 12;12008;NA;selected sample;NA;fine-grained vesicular crystalline igneous rocks and medium-grained vuggy crystalline igneous rocks;58.4
Apollo 12;12009;NA;selected sample;NA;fine-grained vesicular crystalline igneous rocks;468.2
Apollo 12;12010;NA;selected sample;NA;fine-grained vesicular crystalline igneous rocks;360.00
Apollo 12;12011;NA;selected sample;NA;fine-grained vesicular crystalline igneous rocks;193.00
Apollo 12;12012;NA;selected sample;NA;fine-grained vesicular crystalline igneous rocks and medium-grained vuggy crystalline igneous rocks;176.2
Apollo 12;12013;NA;selected sample;NA;fine-grained vesicular crystalline igneous rocks;82.3
Apollo 12;12014;NA;selected sample;NA;medium-grained vuggy crystalline igneous rocks;159.4
Apollo 12;12015;NA;selected sample;NA;fine-grained vesicular crystalline igneous rocks;191.2
Apollo 12;12016;NA;selected sample;NA;fine-grained vesicular crystalline igneous rocks and medium-grained vuggy crystalline igneous rocks;2028.3
Apollo 12;12017;NA;selected sample;NA;fine-grained vesicular crystalline igneous rocks and medium-grained vuggy crystalline igneous rocks;53.00
Apollo 12;12018;NA;selected sample;NA;medium-grained vuggy crystalline igneous rocks;787.00
Apollo 12;12019;NA;selected sample;NA;fine-grained vesicular crystalline igneous rocks;462.4
Apollo 12;12020;NA;selected sample;NA;fine-grained vesicular crystalline igneous rocks;312.00
Apollo 12;12021;NA;selected sample;NA;medium-grained vuggy crystalline igneous rocks;1876.6
Apollo 12;12022;NA;selected sample;NA;medium-grained vuggy crystalline igneous rocks;1864.3
Apollo 12;12023;NA;special samples;LESC;fines;269.3
Apollo 12;12024;NA;special samples;GASC;fines;56.5
Apollo 12;12025;2010;special samples;Drive tube;fines;56.1
Apollo 12;12026;2013;special samples;Drive tube;fines;101.4
Apollo 12;12027;2011;special samples;Drive tube;fines;80.00
Apollo 12;12028;2012;special samples;Drive tube;fines;189.6
Apollo 12;12029;NA;special samples;NA;fines;6.5
Apollo 12;12030;NA;documented sample;bag 1-D;fines;75.00
Apollo 12;12031;NA;documented sample;bag 3-D;medium-grained vuggy crystalline igneous rocks;185.00
Apollo 12;12032;NA;documented sample;bag 4-D;fines;310.5
Apollo 12;12033;NA;documented sample;bag 5-D;fines;450.00
Apollo 12;12034;NA;documented sample;bag 6-D;Breccia;155.00
Apollo 12;12035;NA;documented sample;bag 7-D;medium-grained vuggy crystalline igneous rocks;71.00
Apollo 12;12036;NA;documented sample;bag 8-D;medium-grained vuggy crystalline igneous rocks;75.00
Apollo 12;12037;NA;documented sample;bag 8-D;fines;145.00
Apollo 12;12038;NA;documented sample;bag 9-D;fine-grained vesicular crystalline igneous rocks;746.00
Apollo 12;12039;NA;documented sample;bag 10-D;medium-grained vuggy crystalline igneous rocks;255.00
Apollo 12;12040;NA;documented sample;bag 10-D;medium-grained vuggy crystalline igneous rocks;319.00
Apollo 12;12041;NA;documented sample;bag 11-D;fines;46258.00
Apollo 12;12042;NA;documented sample;bag 12-D;fines;255.00
Apollo 12;12043;NA;documented sample;bag 14-D;fine-grained vesicular crystalline igneous rocks;60.00
Apollo 12;12044;NA;documented sample;bag 14-D;fines;92.00
Apollo 12;12045;NA;documented sample;bag 15-D;fine-grained vesicular crystalline igneous rocks;63.00
Apollo 12;12046;NA;documented sample;bag 15-D;fine-grained vesicular crystalline igneous rocks;166.00
Apollo 12;12047;NA;documented sample;bag 15-D;fine-grained vesicular crystalline igneous rocks;193.00
Apollo 12;12048;NA;documented sample;bag 7-D;fines;2.00
Apollo 12;12050;NA;documented sample;NA;chips;1.00
Apollo 12;12051;NA;documented sample;D-ALSRC;fine-grained vesicular crystalline igneous rocks and medium-grained vuggy crystalline igneous rocks;1660.00
Apollo 12;12052;NA;documented sample;D-ALSRC;fine-grained vesicular crystalline igneous rocks;1866.00
Apollo 12;12053;NA;documented sample;D-ALSRC;fine-grained vesicular crystalline igneous rocks;879.00
Apollo 12;12054;NA;documented sample;D-ALSRC;medium-grained vuggy crystalline igneous rocks;687.00
Apollo 12;12055;NA;documented sample;NA;medium-grained vuggy crystalline igneous rocks;912.00
Apollo 12;12056;NA;documented sample;D-ALSRC;fine-grained vesicular crystalline igneous rocks and medium-grained vuggy crystalline igneous rocks;121.00
Apollo 12;12057;NA;documented sample;NA;fines and chips;650.00
Apollo 12;12060;NA;tote bag sample;NA;fines;20.7
Apollo 12;12061;NA;tote bag sample;NA;chips;9.5
Apollo 12;12062;NA;tote bag sample;tote bag;fine-grained vesicular crystalline igneous rocks and medium-grained vuggy crystalline igneous rocks;738.7
Apollo 12;12063;NA;tote bag sample;tote bag;fine-grained vesicular crystalline igneous rocks;2426.00
Apollo 12;12064;NA;tote bag sample;tote bag;medium-grained vuggy crystalline igneous rocks;1214.3
Apollo 12;12065;NA;tote bag sample;tote bag;fine-grained vesicular crystalline igneous rocks and medium-grained vuggy crystalline igneous rocks;2109.00
Apollo 12;12070;NA;contingency sample;NA;fines;1102.00
Apollo 12;12071;NA;contingency sample;NA;chips;9.16
Apollo 12;12072;NA;contingency sample;NA;fine-grained vesicular crystalline igneous rocks;103.6
Apollo 12;12073;NA;contingency sample;NA;Breccia;407.65
Apollo 12;12075;NA;contingency sample;NA;fine-grained vesicular crystalline igneous rocks;232.5
Apollo 12;12076;NA;contingency sample;NA;fine-grained vesicular crystalline igneous rocks;54.55
Apollo 12;12077;NA;contingency sample;NA;fine-grained vesicular crystalline igneous rocks;22.63
Apollo 14;14006;NA;contingency sample;weigh bag 1039;Breccia;12
Apollo 14;14007;NA;contingency sample;weigh bag 1039;Breccia;3.67
Apollo 14;14008;NA;contingency sample;weigh bag 1039;Breccia;4.35
Apollo 14;14009;NA;contingency sample;weigh bag 1039;Breccia;1.09
Apollo 14;14010;NA;contingency sample;weigh bag 1039;Breccia;1
Apollo 14;14011;NA;contingency sample;weigh bag 1039;Breccia;0.68
Apollo 14;14041;NA;contingency sample;bag 3N;friable fine-grained clastic rock ;166.3
Apollo 14;14042;NA;contingency sample;bag 3N;friable fine-grained clastic rock ;103.2
Apollo 14;14043;NA;contingency sample;bag 3N;friable fine-grained clastic rock ;5.9
Apollo 14;14045;NA;contingency sample;bag 4N;friable fine-grained clastic rock ;65.2
Apollo 14;14047;NA;contingency sample;bag 5N;fine-grained clastic rock;242
Apollo 14;14049;NA;contingency sample;bag 6N;friable fragmental rock;200.13
Apollo 14;14051;NA;contingency sample;bag 7N;fragmental rock;191.3
Apollo 14;14053;NA;contingency sample;bag 14N;mare basalt;251.3
Apollo 14;14055;NA;contingency sample;bag 15N;friable fine-grained clastic rock ;111
Apollo 14;14056;NA;contingency sample;bag 15N;soil clod;6.38
Apollo 14;14057;NA;contingency sample;bag 15N;friable rock;5.51
Apollo 14;14058;NA;contingency sample;bag 15N;clastic rock;4.53
Apollo 14;14059;NA;contingency sample;bag 15N;NA;8.68
Apollo 14;14060;NA;contingency sample;bag 15N;fragmental rock;2.5
Apollo 14;14061;NA;contingency sample;bag 15N;fragmental rock;3.11
Apollo 14;14063;NA;contingency sample;bag 16N;white rock;135.55
Apollo 14;14064;NA;contingency sample;bag 16N;white rock;107.5
Apollo 14;14066;NA;contingency sample;bag 17N;fragmental rock;509.8
Apollo 14;14068;NA;contingency sample;bag 10N;holocrystalline melt rock;35.47
Apollo 14;14069;NA;contingency sample;bag 10N;breccia;24.9
Apollo 14;14070;NA;contingency sample;bag 10N;breccia;36.5
Apollo 14;14071;NA;contingency sample;bag 10N;crystalline rock;2.16
Apollo 14;14072;NA;contingency sample;bag 10N;basalt;45.06
Apollo 14;14073;NA;Trench sample ;bag 20N ;holocrystalline melt rock;10.4
Apollo 14;14074;NA;Trench sample ;bag 20N ;holocrystalline melt rock;5.2
Apollo 14;14075;NA;Trench sample ;bag 20N ;rock chip;4.65
Apollo 14;14076;NA;Trench sample ;bag 20N ;fragmental rock;2
Apollo 14;14077;NA;Trench sample ;bag 20N ;holocrystalline plagioclase-rich rock;2.77
Apollo 14;14078;NA;Trench sample ;bag 20N ;holocrystalline melt rock;8.3
Apollo 14;14079;NA;Trench sample ;bag 20N ;holocrystalline melt rock;3.2
Apollo 14;14080;NA;Trench sample ;bag 21N;polymicts;1.94
Apollo 14;14081;NA;Trench sample ;bag 21N;polymicts;0.84
Apollo 14;14082;NA;Trench sample ;bag 13N;white rock;61.16
Apollo 14;14083;NA;Trench sample ;bag 13N;white rock;13.37
Apollo 14;14169;NA;comprehensive sample;weigh bag 1027;fragmental polymict rock;78.66
Apollo 14;14170;NA;comprehensive sample;weigh bag 1027;fragmental polymict rock;26.34
Apollo 14;14171;NA;comprehensive sample;weigh bag 1027;fragmental polymict rock;37.79
Apollo 14;14172;NA;comprehensive sample;weigh bag 1027;fragmental polymict rock;32.1
Apollo 14;14173;NA;comprehensive sample;weigh bag 1027;fragmental polymict rock;19.59
Apollo 14;14174;NA;comprehensive sample;weigh bag 1027;fragmental polymict rock;11.62
Apollo 14;14175;NA;comprehensive sample;weigh bag 1027;fragmental polymict rock;7.48
Apollo 14;14176;NA;comprehensive sample;weigh bag 1027;fragmental polymict rock;4.12
Apollo 14;14177;NA;comprehensive sample;weigh bag 1027;fragmental polymict rock;2.32
Apollo 14;14178;NA;comprehensive sample;weigh bag 1027;fragmental polymict rock;2.88
Apollo 14;14179;NA;comprehensive sample;weigh bag 1027;fragmental polymict rock;3.03
Apollo 14;14180;NA;comprehensive sample;weigh bag 1027;fragmental polymict rock;4.75
Apollo 14;14181;NA;comprehensive sample;weigh bag 1027;fragmental polymict rock;2.48
Apollo 14;14182;NA;comprehensive sample;weigh bag 1027;fragmental polymict rock;2.29
Apollo 14;14183;NA;comprehensive sample;weigh bag 1027;fragmental polymict rock;1.4
Apollo 14;14184;NA;comprehensive sample;weigh bag 1027;fragmental polymict rock;1.48
Apollo 14;14185;NA;comprehensive sample;weigh bag 1027;fragmental polymict rock;1.52
Apollo 14;14186;NA;comprehensive sample;weigh bag 1027;fragmental polymict rock;1.26
Apollo 14;14187;NA;comprehensive sample;weigh bag 1027;fragmental polymict rock;1.9
Apollo 14;14188;NA;comprehensive sample;weigh bag 1027;fragmental polymict rock;1.6
Apollo 14;14194;NA;comprehensive sample;weigh bag 1031;polymict breccia;4.28
Apollo 14;14195;NA;comprehensive sample;weigh bag 1031;fragmental rock;2.77
Apollo 14;14196;NA;comprehensive sample;weigh bag 1031;polymict breccia;3.93
Apollo 14;14197;NA;comprehensive sample;weigh bag 1031;rock ;1.63
Apollo 14;14198;NA;comprehensive sample;weigh bag 1031;crystalline rock;1.63
Apollo 14;14199;NA;comprehensive sample;weigh bag 1031;polymict breccia;1.88
Apollo 14;14200;NA;comprehensive sample;weigh bag 1031;basaltic crystalline rock;1.24
Apollo 14;14201;NA;comprehensive sample;weigh bag 1031;polymict breccia;1.56
Apollo 14;14210;2044;NA;Drive tube ;drive tube ;39.5
Apollo 14;14211;2045;NA;Drive tube ;drive tube ;169.7
Apollo 14;14220;2022;NA;Drive tube ;drive tube ;80.7
Apollo 14;14230;2043;NA;Drive tube ;drive tube ;76
Apollo 14;14250;NA;comprehensive sample;weigh bag 1007;microbreccia;4.06
Apollo 14;14251;NA;comprehensive sample;weigh bag 1007;microbreccia;1.51
Apollo 14;14252;NA;comprehensive sample;weigh bag 1007;microbreccia;0.86
Apollo 14;14253;NA;comprehensive sample;weigh bag 1007;crystalline breccia;1.23
Apollo 14;14254;NA;comprehensive sample;weigh bag 1007;soil and glass;1.01
Apollo 14;14255;NA;comprehensive sample;weigh bag 1007;microbreccia;22.15
Apollo 14;14264;NA;comprehensive sample;weigh bag 1039;vitric breccia;117.8
Apollo 14;14265;NA;comprehensive sample;weigh bag 1039;breccia;65.79
Apollo 14;14266;NA;comprehensive sample;weigh bag 1039;polymict breccia;6.95
Apollo 14;14267;NA;comprehensive sample;weigh bag 1039;vitric breccia;54.77
Apollo 14;14268;NA;comprehensive sample;weigh bag 1039;vitric breccia;23.12
Apollo 14;14269;NA;comprehensive sample;weigh bag 1039;microbreccia;17.19
Apollo 14;14270;NA;comprehensive sample;weigh bag 1039;crystalline breccia;25.59
Apollo 14;14271;NA;comprehensive sample;weigh bag 1039;vitric breccia;97.41
Apollo 14;14272;NA;comprehensive sample;weigh bag 1039;vitric breccia;46.63
Apollo 14;14273;NA;comprehensive sample;weigh bag 1039;vitric breccia;22.4
Apollo 14;14274;NA;comprehensive sample;weigh bag 1039;polymict breccia;15.18
Apollo 14;14275;NA;comprehensive sample;weigh bag 1039;polymict breccia;12.46
Apollo 14;14276;NA;comprehensive sample;weigh bag 1039;crystalline rock;12.75
Apollo 14;14277;NA;comprehensive sample;weigh bag 1039;vitric breccia;7.59
Apollo 14;14278;NA;comprehensive sample;weigh bag 1039;polymict breccia;7.6
Apollo 14;14279;NA;comprehensive sample;weigh bag 1039;polymict breccia;5.67
Apollo 14;14280;NA;comprehensive sample;weigh bag 1039;vitric breccia;6.2
Apollo 14;14281;NA;comprehensive sample;weigh bag 1039;vitric breccia;12.03
Apollo 14;14282;NA;comprehensive sample;weigh bag 1039;soil breccia;1.89
Apollo 14;14283;NA;comprehensive sample;weigh bag 1039;crystalline polymict breccia;1.25
Apollo 14;14284;NA;comprehensive sample;weigh bag 1039;microbreccia;1.47
Apollo 14;14285;NA;comprehensive sample;weigh bag 1039;polymict breccia;2.23
Apollo 14;14286;NA;comprehensive sample;weigh bag 1039;fragmental rock ;4.42
Apollo 14;14287;NA;comprehensive sample;weigh bag 1039;microbreccia;1.07
Apollo 14;14288;NA;comprehensive sample;weigh bag 1039;vitric breccia;3.44
Apollo 14;14294;NA;comprehensive sample;weigh bag 1038;breccia;3.43
Apollo 14;14295;NA;comprehensive sample;weigh bag 1038;polymict breccia;1.24
Apollo 14;14296;NA;comprehensive sample;weigh bag 1038;polymict breccia chip ;2.26
Apollo 14;14297;NA;comprehensive sample;weigh bag 1038;polymict breccia;1.73
Apollo 14;14301;NA;comprehensive sample;weigh bag 1031;polymict breccia;1361
Apollo 14;14302;NA;comprehensive sample;weigh bag 1027;holocrystalline breccia;380
Apollo 14;14303;NA;comprehensive sample;weigh bag 1027;breccia;898
Apollo 14;14304;NA;comprehensive sample;weigh bag 1027;breccia;2499
Apollo 14;14305;NA;comprehensive sample;weigh bag 1027;holocrystalline breccia;2117
Apollo 14;14306;NA;comprehensive sample;weigh bag 1031;breccia;582.8
Apollo 14;14307;NA;comprehensive sample;weigh bag 1031;polymict breccia;155
Apollo 14;14309;NA;comprehensive sample;weigh bag 1031;vitric breccia;42.4
Apollo 14;14310;NA;comprehensive sample;weigh bag 1031;melt rock ;3439
Apollo 14;14311;NA;comprehensive sample;weigh bag 1031;fragmental polymict breccia;3204.4
Apollo 14;14312;NA;comprehensive sample;;polymict breccia;299
Apollo 14;14313;NA;comprehensive sample;documented bag 27N;fragmental polymict breccia;144
Apollo 14;14314;NA;comprehensive sample;;friable polymict breccia;115.7
Apollo 14;14315;NA;comprehensive sample;weigh bag 1038;breccia;115
Apollo 14;14316;NA;comprehensive sample;weigh bag 1038;fragmental breccia;38.2
Apollo 14;14317;NA;comprehensive sample;weigh bag 1038;coherent breccia;16.1
Apollo 14;14318;NA;comprehensive sample;weigh bag 1038;polymict breccia;600.2
Apollo 14;14319;NA;comprehensive sample;weigh bag 1038;polymict breccia;211.6
Apollo 14;14320;NA;comprehensive sample;weigh bag 1038;polymict breccia;64.9
Apollo 14;14321;NA;comprehensive sample;weigh bag 1038;polymict breccia;8998
Apollo 14;14425;NA;bulk sample ;weigh bag 2;glass sphere;0.794
Apollo 14;14426;NA;bulk sample ;weigh bag 2;polymict  breccia;1.58
Apollo 14;14427;NA;bulk sample ;weigh bag 2;clastic rock;4.47
Apollo 14;14428;NA;bulk sample ;weigh bag 2;vesicular breccia;1.47
Apollo 14;14429;NA;bulk sample ;weigh bag 2;vesicular polymict breccia;3.03
Apollo 14;14430;NA;bulk sample ;weigh bag 2;polymict breccia;4.81
Apollo 14;14431;NA;bulk sample ;weigh bag 2;crystalline rock;1.7
Apollo 14;14433;NA;bulk sample ;weigh bag 2;friable polymict breccia;1.23
Apollo 14;14434;NA;bulk sample ;weigh bag 2;coarse grained polymict breccia;1.68
Apollo 14;14435;NA;bulk sample ;weigh bag 2;holocrystalline rock;0.92
Apollo 14;14436;NA;bulk sample ;weigh bag 2;igneous rock;3.76
Apollo 14;14437;NA;bulk sample ;weigh bag 2;fragmental rock;2.65
Apollo 14;14438;NA;bulk sample ;weigh bag 2;friable polymict breccia;3.35
Apollo 14;14439;NA;bulk sample ;weigh bag 2;friable fragmental rock;1
Apollo 14;14440;NA;bulk sample ;weigh bag 2;holocrystalline rock;1.5
Apollo 14;14441;NA;bulk sample ;weigh bag 2;fragmental rock;1.23
Apollo 14;14442;NA;bulk sample ;weigh bag 2;friable fragment ;3.51
Apollo 14;14443;NA;bulk sample ;weigh bag 2;holocrystalline rock;2.5
Apollo 14;14444;NA;bulk sample ;weigh bag 2;holocrystalline rock;1.6
Apollo 14;14445;NA;bulk sample ;weigh bag 2;polymict breccia;9.22
Apollo 14;14446;NA;bulk sample ;weigh bag 2;chips of plagioclase-rich rock;0.82
Apollo 14;14447;NA;bulk sample ;weigh bag 2;agglomeration of fine grained clastics;0.91
Apollo 14;14448;NA;bulk sample ;weigh bag 2;agglomeration of fine grained clastics;1.06
Apollo 14;14449;NA;bulk sample ;weigh bag 2;chip of clastic rock;1.7
Apollo 14;14450;NA;bulk sample ;weigh bag 2;agglomeration of fine grained clastics;1.27
Apollo 14;14451;NA;bulk sample ;weigh bag 2;holocrystalline rock;2.1
Apollo 14;14452;NA;bulk sample ;weigh bag 2;clastic rock;1.77
Apollo 14;14453;NA;bulk sample ;weigh bag 2;breccia chip;6.03
Apollo 15;15001;27;NA;drill stem bottom;NA;232.8
Apollo 15;15002;10;NA;drill stem section ;NA;210.1
Apollo 15;15003;20;NA;drill stem section ;NA;223
Apollo 15;15004;11;SRC 2;drill stem section ;NA;210.6
Apollo 15;15005;23;SRC 2;drill stem section ;NA;239.1 
Apollo 15;15006;22;SRC 2;drill stem top;NA;227.9
Apollo 15;15007;2010;SRC 1;drive tube bottom ;NA;768.2
Apollo 15;15008;2003;SRC 1;drive tube top ;NA;510.2
Apollo 15;15009;2007;SRC 2;drive tube ;NA;622
Apollo 15;15010;2014;SRC 2;drive tube bottom ;NA;740.4
Apollo 15;15011;2009;SRC 2;drive tube top ;NA;653.6
Apollo 15;15012;NA;SRC 2;SESC 1;NA;312.2
Apollo 15;15013;NA;SRC 2;SESC  ;NA;296.2
Apollo 15;15014;NA;SRC 2;SESC 2;NA;333.2
Apollo 15;15015;NA;SRC 2;SCB 4;glass coated breccia;4770.2
Apollo 15;15016;NA;SRC 2;SCB 4;porphyritic coated basalt;923.7
Apollo 15;15017;NA;SRC 2;DB 162;glass shell;9.8
Apollo 15;15018;NA;SRC 2;DB 162;glass object;5.7
Apollo 15;15019;NA;SRC 2;DB 162;glassy microbreccia;1.2
Apollo 15;15020;NA;contingency sample bag ;SCB 4;unsieved fines ;88.7
Apollo 15;15021;NA;contingency sample bag ;SCB 4;<1mm fines;500.2
Apollo 15;15022;NA;contingency sample bag ;SCB 4;1-2mm fines;10
Apollo 15;15023;NA;contingency sample bag ;SCB 4;2-4mm fines;5
Apollo 15;15024;NA;contingency sample bag ;SCB 4;4-10mm fines;3.6
Apollo 15;15025;NA;contingency sample bag ;SCB 4;coherent breccia;77.3
Apollo 15;15026;NA;contingency sample bag ;SCB 4;glass coated microbreccia;1.1
Apollo 15;15027;NA;SRC 2;DB 162;breccia;51
Apollo 15;15028;NA;SRC 2;DB 162;glassy breccia;59.4
Apollo 15;15030;NA;SRC 2;DB 252;unsieved fines ;75.3
Apollo 15;15031;NA;SRC 2;DB 252;<1mm fines;207.8
Apollo 15;15032;NA;SRC 2;DB 252;1-2mm fines ;7
Apollo 15;15033;NA;SRC 2;DB 252;2-4mm fines;6.6
Apollo 15;15034;NA;SRC 2;DB 252;4-10mm fines;7
Apollo 15;15040;NA;SRC 2;DB 253;unsieved fines ;113.4
Apollo 15;15041;NA;SRC 2;DB 253;<1mm fines;269.6
Apollo 15;15042;NA;SRC 2;DB 253;1-2mm fines;5.1
Apollo 15;15043;NA;SRC 2;DB 253;2-4mm fines;2.8
Apollo 15;15044;NA;SRC 2;DB 253;4-10mm fines;1.5
Apollo 15;15058;NA;SRC 2;SCB 6;porphyritic basalt;2672.5
Apollo 15;15059;NA;SRC 2;SCB 6;glass coated breccia;1149.2
Apollo 15;15065;NA;SRC 1;DB 156;gabbro;1475.5
Apollo 15;15070;NA;SRC 1;DB 157;unsieved fines ;51.3
Apollo 15;15071;NA;SRC 1;DB 157;<1mm fines;100.7
Apollo 15;15072;NA;SRC 1;DB 157;1-2mm fines;3
Apollo 15;15073;NA;SRC 1;DB 157;2-4mm fines;1.4
Apollo 15;15074;NA;SRC 1;DB 157;4-10mm fines;1.3
Apollo 15;15075;NA;SRC 1;DB 157;gabbro;809.3
Apollo 15;15076;NA;SRC 1;DB 157;gabbro;400.5
Apollo 15;15080;NA;SRC 1;DB 158;unsieved fines ;73.5
Apollo 15;15081;NA;SRC 1;DB 158;<1mm fines;106.9
Apollo 15;15082;NA;SRC 1;DB 158;1-2mm fines;2
Apollo 15;15083;NA;SRC 1;DB 158;2-4mm fines;1.8
Apollo 15;15084;NA;SRC 1;DB 158;4-10mm fines;1.1
Apollo 15;15085;NA;SRC 1;DB 158;basalt ;471.3
Apollo 15;15086;NA;SRC 1;DB 158;breccia;216.5
Apollo 15;15087;NA;SRC 1;DB 158;gabbro;5.7
Apollo 15;15088;NA;SRC 1;DB 158;breccia;1.8
Apollo 15;15090;NA;SRC 1;DB 159;unsieved fines ;39.3
Apollo 15;15091;NA;SRC 1;DB 159;<1mm fines;162.9
Apollo 15;15092;NA;SRC 1;DB 159;1-2mm fines;2.7
Apollo 15;15093;NA;SRC 1;DB 159;2-4mm fines;0.6
Apollo 15;15095;NA;SRC 1;DB 159;glass coated microbreccia;25.5
Apollo 15;15100;NA;SRC 1;DB 187;unsieved fines ;281
Apollo 15;15101;NA;SRC 1;DB 187;<1mm fines;637.6
Apollo 15;15102;NA;SRC 1;DB 187;1-2mm fines;12.2
Apollo 15;15103;NA;SRC 1;DB 187;2-4mm fines;4.1
Apollo 15;15104;NA;SRC 1;DB 187;4-10mm fines;1.5
Apollo 15;15105;NA;SRC 1;DB 187;basalt ;5.6
Apollo 15;15115;NA;SRC 1;DB 186;porphyritic basalt ;4
Apollo 15;15116;NA;SRC 1;DB 186;gabbro;7.2
Apollo 15;15117;NA;SRC 1;DB 186;porphyritic basalt;23.3
Apollo 15;15118;NA;SRC 1;DB 186;porphyritic basalt;27.6
Apollo 15;15119;NA;SRC 1;DB 186;basalt with adhering breccia;14.1
Apollo 15;15125;NA;SRC 1;DB 186;basalt;6.5
Apollo 15;15135;NA;SRC 1;DB 186;glassy microbreccia;1.6
Apollo 15;15145;NA;SRC 1;DB 186;breccia;15.1
Apollo 15;15146;NA;SRC 1;DB 186;breccia;1
Apollo 15;15147;NA;SRC 1;DB 186;soil breccia;3.7
Apollo 15;15148;NA;SRC 1;DB 186;soil breccia;3
Apollo 15;15200;NA;SRC 1;DB 160;unsieved fines ;7.7
Apollo 15;15201;NA;SRC 1;DB 160;<1mm fines;18.3
Apollo 15;15202;NA;SRC 1;DB 160;1-2mm fines;0.4
Apollo 15;15203;NA;SRC 1;DB 160;2-4mm fines;0.2
Apollo 15;15204;NA;SRC 1;DB 160;4-10mm fines;0.1
Apollo 15;15205;NA;SRC 1;DB 161;coarse breccia;337.3
Apollo 15;15206;NA;SRC 1;DB 160;glassy breccia ;92
Apollo 15;15210;NA;SRC 1;DB 180;unsieved fines ;221.2
Apollo 15;15211;NA;SRC 1;DB 180;<1mm fines;163.5
Apollo 15;15212;NA;SRC 1;DB 180;1-2mm fines;3.6
Apollo 15;15213;NA;SRC 1;DB 180;2-4mm fines;2.4
Apollo 15;15214;NA;SRC 1;DB 180;4-10mm fines;0.2
Apollo 15;15220;NA;SRC 1;DB 181;unsieved fines ;160.5
Apollo 15;15221;NA;SRC 1;DB 181;<1mm fines;290
Apollo 15;15222;NA;SRC 1;DB 181;1-2mm fines;2.4
Apollo 15;15223;NA;SRC 1;DB 181;2-4mm fines;5.8
Apollo 15;15224;NA;SRC 1;DB 181;4-10mm fines;7
Apollo 15;15230;NA;SRC 1;DB 182;unsieved fines ;99.1
Apollo 15;15231;NA;SRC 1;DB 182;<1mm fines;233.9
Apollo 15;15232;NA;SRC 1;DB 182;1-2mm fines;5.2
Apollo 15;15233;NA;SRC 1;DB 182;2-4mm fines;3.8
Apollo 15;15234;NA;SRC 1;DB 182;4-10mm fines;1.8
Apollo 15;15240;NA;SRC 2;DB 163;unsieved fines ;67.1
Apollo 15;15241;NA;SRC 2;DB 163;<1mm fines;197.4
Apollo 15;15242;NA;SRC 2;DB 163;1-2mm fines;18.9
Apollo 15;15243;NA;SRC 2;DB 163;2-4mm fines;31.8
Apollo 15;15244;NA;SRC 2;DB 163;4-10mm fines;32.6
Apollo 15;15245;NA;SRC 2;DB 163;glass coated breccia;115.5
Apollo 15;15250;NA;SRC 2;DB 164;unsieved fines ;207
Apollo 15;15251;NA;SRC 2;DB 164;<1mm fines;380.9
Apollo 15;15252;NA;SRC 2;DB 164;1-2mm fines;8.3
Apollo 15;15253;NA;SRC 2;DB 164;2-4mm fines;4
Apollo 15;15254;NA;SRC 2;DB 164;4-10mm fines;1.2
Apollo 15;15255;NA;SRC 2;DB 190;glass coated breccia;240.4
Apollo 15;15256;NA;SRC 2;DB 190;basalt;201
Apollo 15;15257;NA;SRC 2;DB 190;microbreccia;22.5
Apollo 15;15258;NA;SRC 2;DB 192;microbreccia;0.7
Apollo 15;15260;NA;SRC 2;DB 166;unsieved fines ;172.2
Apollo 15;15261;NA;SRC 2;DB 166;<1mm fines;416.6
Apollo 15;15262;NA;SRC 2;DB 166;1-2mm fines;9.1
Apollo 15;15263;NA;SRC 2;DB 166;2-4mm fines;6.7
Apollo 15;15264;NA;SRC 2;DB 166;4-10mm fines;5.9
Apollo 15;15265;NA;SRC 2;DB 193;fine breccia;314.1
Apollo 15;15266;NA;SRC 2;DB 193;fine breccia;271.4
Apollo 15;15267;NA;SRC 2;DB 193;microbreccia;1.8
Apollo 15;15268;NA;SRC 2;DB 192;microbreccia;11
Apollo 15;15269;NA;SRC 2;DB 192;glassy microbreccia;6
Apollo 15;15270;NA;SRC 2;DB 167;unsieved fines ;319
Apollo 15;15271;NA;SRC 2;DB 167;<1mm fines;798.3
Apollo 15;15272;NA;SRC 2;DB 167;1-2mm fines;20.7
Apollo 15;15273;NA;SRC 2;DB 167;2-4mm fines;13.7
Apollo 15;15274;NA;SRC 2;DB 167;4-10mm fines;4.4
Apollo 15;15281;NA;SRC 2;SCB 3;<1mm fines;107
Apollo 15;15282;NA;SRC 2;SCB 3;1-2mm fines;9.7
Apollo 15;15283;NA;SRC 2;SCB 3;2-4mm fines;13.3
Apollo 15;15284;NA;SRC 2;SCB 3;4-10mm fines;38.2
Apollo 15;15285;NA;SRC 2;DB 192;breccia;264.2
Apollo 15;15286;NA;SRC 2;DB 192;vesicular basalt glass and microbreccia;34.6
Apollo 15;15287;NA;SRC 2;DB 192;soil breccia;44.9
Apollo 15;15288;NA;SRC 2;DB 192;glassy breccia;70.5
Apollo 15;15289;NA;SRC 2;DB 192;breccia;24.1
Apollo 15;15290;NA;SRC 2;DB 188;unsieved fines ;55
Apollo 15;15291;NA;SRC 2;DB 188;<1mm fines;169
Apollo 15;15292;NA;SRC 2;DB 188;1-2mm fines;5.4
Apollo 15;15293;NA;SRC 2;DB 188;2-4mm fines;6.7
Apollo 15;15294;NA;SRC 2;DB 188;4-10mm fines;10.2
Apollo 15;15295;NA;SRC 2;DB 188;breccia;947.3
Apollo 15;15297;NA;SRC 2;SCB 3;breccia chips ;39.4
Apollo 15;15298;NA;SRC 2;SCB 3;microbreccia;1731.4
Apollo 15;15299;NA;SRC 2;SCB 3;breccia;1691.7
Apollo 15;15300;NA;SRC 2;DB 173;unsieved fines ;390.7
Apollo 15;15301;NA;SRC 2;DB 173;<1mm fines;810.2
Apollo 15;15302;NA;SRC 2;DB 173;1-2mm fines;23.2
Apollo 15;15303;NA;SRC 2;DB 173;2-4mm fines;12.7
Apollo 15;15304;NA;SRC 2;DB 173;4-10mm fines;7.3
Apollo 15;15305;NA;SRC 2;DB 173;<10mm green soil conc.;2.9
Apollo 15;15306;NA;SRC 2;DB 173;breccia;134.2
Apollo 15;15307;NA;SRC 2;DB 173;hollow glass sphere;1.3
Apollo 15;15308;NA;SRC 2;DB 173;breccia;1.7
Apollo 15;15310;NA;SRC 2;DB 172;unsieved fines ;140.6
Apollo 15;15311;NA;SRC 2;DB 172;<1mm fines;295
Apollo 15;15312;NA;SRC 2;DB 172;1-2mm fines;10.1
Apollo 15;15313;NA;SRC 2;DB 172;2-4mm fines;9.8
Apollo 15;15314;NA;SRC 2;DB 172;4-10mm fines;8.4
Apollo 15;15315;NA;SRC 2;DB 172;soil breccia containing clasts of brown pyroxene basalt;35.6
Apollo 15;15316;NA;SRC 2;DB 172;soil breccia containing clasts of brown pyroxene basalt;6.1
Apollo 15;15317;NA;SRC 2;DB 172;soil breccia containing clasts of brown pyroxene basalt;0.6
Apollo 15;15318;NA;SRC 2;DB 172;soil breccia containing clasts of brown pyroxene basalt;5.4
Apollo 15;15319;NA;SRC 2;DB 172;soil breccia containing clasts of brown pyroxene basalt;8
Apollo 15;15320;NA;SRC 2;DB 172;soil breccia containing clasts of brown pyroxene basalt;4.7
Apollo 15;15321;NA;SRC 2;DB 172;soil breccia lacking clasts of brown pyroxene basalt;0.3
Apollo 15;15322;NA;SRC 2;DB 172;soil breccia lacking clasts of brown pyroxene basalt;8.4
Apollo 15;15323;NA;SRC 2;DB 172;soil breccia lacking clasts of brown pyroxene basalt;4.4
Apollo 15;15324;NA;SRC 2;DB 172;soil breccia lacking clasts of brown pyroxene basalt;32.3
Apollo 15;15325;NA;SRC 2;DB 172;soil breccia lacking clasts of brown pyroxene basalt;57.8
Apollo 15;15326;NA;SRC 2;DB 172;soil breccia lacking clasts of brown pyroxene basalt;2.5
Apollo 15;15327;NA;SRC 2;DB 172;soil breccia lacking clasts of brown pyroxene basalt;12.4
Apollo 15;15328;NA;SRC 2;DB 172;soil breccia lacking clasts of brown pyroxene basalt;0.3
Apollo 15;15329;NA;SRC 2;DB 172;soil breccia lacking clasts of brown pyroxene basalt;2.2
Apollo 15;15330;NA;SRC 2;DB 172;soil breccia lacking clasts of brown pyroxene basalt;57.8
Apollo 15;15331;NA;SRC 2;DB 172;soil breccia lacking clasts of brown pyroxene basalt;2.6
Apollo 15;15332;NA;SRC 2;DB 172;soil breccia lacking clasts of brown pyroxene basalt;2.3
Apollo 15;15333;NA;SRC 2;DB 172;soil breccia lacking clasts of brown pyroxene basalt;0.3
Apollo 15;15334;NA;SRC 2;DB 172;soil breccia lacking clasts of brown pyroxene basalt;7.5
Apollo 15;15335;NA;SRC 2;DB 172;soil breccia lacking clasts of brown pyroxene basalt;6
Apollo 15;15336;NA;SRC 2;DB 172;soil breccia lacking clasts of brown pyroxene basalt;0.2
Apollo 15;15337;NA;SRC 2;DB 172;soil breccia lacking clasts of brown pyroxene basalt;4.3
Apollo 15;15338;NA;SRC 2;DB 172;soil breccia lacking clasts of brown pyroxene basalt;11.1
Apollo 15;15339;NA;SRC 2;DB 172;soil breccia lacking clasts of brown pyroxene basalt;0.4
Apollo 15;15340;NA;SRC 2;DB 172;soil breccia lacking clasts of brown pyroxene basalt;0.9
Apollo 15;15341;NA;SRC 2;DB 172;soil breccia lacking clasts of brown pyroxene basalt;1.6
Apollo 15;15342;NA;SRC 2;DB 172;soil breccia lacking clasts of brown pyroxene basalt;7.5
Apollo 15;15343;NA;SRC 2;DB 172;soil breccia lacking clasts of brown pyroxene basalt;6.9
Apollo 15;15344;NA;SRC 2;DB 172;soil breccia lacking clasts of brown pyroxene basalt;7.9
Apollo 15;15345;NA;SRC 2;DB 172;soil breccia lacking clasts of brown pyroxene basalt;12.3
Apollo 15;15346;NA;SRC 2;DB 172;soil breccia lacking clasts of brown pyroxene basalt;3.1
Apollo 15;15347;NA;SRC 2;DB 172;soil breccia lacking clasts of brown pyroxene basalt;3.2
Apollo 15;15348;NA;SRC 2;DB 172;soil breccia lacking clasts of brown pyroxene basalt;0.3
Apollo 15;15349;NA;SRC 2;DB 172;soil breccia lacking clasts of brown pyroxene basalt;2.3
Apollo 15;15350;NA;SRC 2;DB 172;soil breccia lacking clasts of brown pyroxene basalt;2.9
Apollo 15;15351;NA;SRC 2;DB 172;soil breccia lacking clasts of brown pyroxene basalt;4.2
Apollo 15;15352;NA;SRC 2;DB 172;soil breccia lacking clasts of brown pyroxene basalt;2.9
Apollo 15;15353;NA;SRC 2;DB 172;soil breccia lacking clasts of brown pyroxene basalt;10.6
Apollo 15;15354;NA;SRC 2;DB 172;soil breccia lacking clasts of brown pyroxene basalt;0.3
Apollo 15;15355;NA;SRC 2;DB 172;soil breccia lacking clasts of brown pyroxene basalt;5.2
Apollo 15;15356;NA;SRC 2;DB 172;tough microbreccia;2
Apollo 15;15357;NA;SRC 2;DB 172;tough microbreccia;11.8
Apollo 15;15358;NA;SRC 2;DB 172;tough microbreccia;14.6
Apollo 15;15359;NA;SRC 2;DB 172;tough microbreccia;4.2
Apollo 15;15360;NA;SRC 2;DB 172;tough microbreccia;9.3
Apollo 15;15361;NA;SRC 2;DB 172;pale green microcrystalline rock ;0.9
Apollo 15;15362;NA;SRC 2;DB 172;anorthosite ;4.2
Apollo 15;15363;NA;SRC 2;DB 172;anorthosite ;0.5
Apollo 15;15364;NA;SRC 2;DB 172;anorthosite ;1.5
Apollo 15;15365;NA;SRC 2;DB 172;green glass microbreccia;2.9
Apollo 15;15366;NA;SRC 2;DB 172;green glass microbreccia;3.3
Apollo 15;15367;NA;SRC 2;DB 172;green glass microbreccia;1.1
Apollo 15;15368;NA;SRC 2;DB 172;green glass microbreccia;0.4
Apollo 15;15369;NA;SRC 2;DB 172;green glass microbreccia;2.5
Apollo 15;15370;NA;SRC 2;DB 172;green glass microbreccia;2.9
Apollo 15;15371;NA;SRC 2;DB 172;green glass microbreccia;0.5
Apollo 15;15372;NA;SRC 2;DB 172;green glass microbreccia;0.8
Apollo 15;15373;NA;SRC 2;DB 172;green glass microbreccia;0.6
Apollo 15;15374;NA;SRC 2;DB 172;green glass microbreccia;1
Apollo 15;15375;NA;SRC 2;DB 172;green glass microbreccia;0.4
Apollo 15;15376;NA;SRC 2;DB 172;green glass microbreccia;1
Apollo 15;15377;NA;SRC 2;DB 172;green glass microbreccia;0.5
Apollo 15;15378;NA;SRC 2;DB 172;fine non-mare basalt;3.3
Apollo 15;15379;NA;SRC 2;DB 172;fine non-mare basalt;64.3
Apollo 15;15380;NA;SRC 2;DB 172;fine non-mare basalt;5.2
Apollo 15;15381;NA;SRC 2;DB 172;fine non-mare basalt;0.3
Apollo 15;15382;NA;SRC 2;DB 172;fine non-mare basalt;3.2
Apollo 15;15383;NA;SRC 2;DB 172;fine non-mare basalt;1.4
Apollo 15;15384;NA;SRC 2;DB 172;fine non-mare basalt;1.4
Apollo 15;15385;NA;SRC 2;DB 172;coarse mare basalt;8.7
Apollo 15;15386;NA;SRC 2;DB 172;coarse mare basalt;7.5
Apollo 15;15387;NA;SRC 2;DB 172;coarse mare basalt;2
Apollo 15;15388;NA;SRC 2;DB 172;coarse mare basalt;9
Apollo 15;15389;NA;SRC 2;DB 172;glass;2.8
Apollo 15;15390;NA;SRC 2;DB 172;glass;3.5
Apollo 15;15391;NA;SRC 2;DB 172;glass;0.3
Apollo 15;15392;NA;SRC 2;DB 172;glass;0.4
Apollo 15;15400;NA;SRC 2;DB 168;unsieved fines ;47.5
Apollo 15;15401;NA;SRC 2;DB 168;<1mm fines;86.4
Apollo 15;15402;NA;SRC 2;DB 168;1-2mm fines;4.8
Apollo 15;15403;NA;SRC 2;DB 168;2-4mm fines;6.1
Apollo 15;15404;NA;SRC 2;DB 168;4-10mm fines;7.9
Apollo 15;15405;NA;SRC 2;DB 168;recrystallized breccia;513.1
Apollo 15;15410;NA;SRC 2;DB 194;unsieved fines ;56.2
Apollo 15;15411;NA;SRC 2;DB 194;<1mm fines;103.3
Apollo 15;15412;NA;SRC 2;DB 194;1-2mm fines;7.1
Apollo 15;15413;NA;SRC 2;DB 194;2-4mm fines;6.7
Apollo 15;15414;NA;SRC 2;DB 194;4-10mm fines;4
Apollo 15;15415;NA;SRC 2;DB 196;anorthosite ;269.4
Apollo 15;15417;NA;SRC 2;DB 194;breccia;1.3
Apollo 15;15418;NA;SRC 2;DB 194;vitreous breccia;1140.7
Apollo 15;15419;NA;SRC 2;DB 194;breccia with glass;17.7
Apollo 15;15421;NA;SRC 2;DB 195;<1mm fines;254.7
Apollo 15;15422;NA;SRC 2;DB 195;1-2mm fines;15.9
Apollo 15;15423;NA;SRC 2;DB 195;2-4mm fines;18.3
Apollo 15;15424;NA;SRC 2;DB 195;4-10mm fines;19.5
Apollo 15;15425;NA;SRC 2;DB 195;green and gray clods;136.3
Apollo 15;15426;NA;SRC 2;DB 195;green and gray clods;223.6
Apollo 15;15427;NA;SRC 2;DB 195;green and gray clods;115.9
Apollo 15;15431;NA;SRC 2;DB 170;<1mm fines;475.7
Apollo 15;15432;NA;SRC 2;DB 170;1-2mm fines;39.7
Apollo 15;15433;NA;SRC 2;DB 170;2-4mm fines;31.2
Apollo 15;15434;NA;SRC 2;DB 170;4-10mm fines;51.6
Apollo 15;15435;NA;SRC 2;DB 170;gray clods;206.8
Apollo 15;15445;NA;SRC 2;DB 171;breccia with white clasts ;287.2
Apollo 15;15455;NA;SRC 2;DB 198;black and white breccia;937.2
Apollo 15;15459;NA;SRC 2;SCB 6;breccia with large clasts ;5854
Apollo 15;15465;NA;SRC 2;DB 199;glass coated breccia;376
Apollo 15;15466;NA;SRC 2;DB 199;dark glass with clasts ;119.2
Apollo 15;15467;NA;SRC 2;DB 199;microbreccia;1.1
Apollo 15;15468;NA;SRC 2;DB 199;glass and breccia;1.3
Apollo 15;15470;NA;SRC 2;DB 203;unsieved fines ;82.2
Apollo 15;15471;NA;SRC 2;DB 203;<1mm fines;153
Apollo 15;15472;NA;SRC 2;DB 203;1-2mm fines;6.1
Apollo 15;15473;NA;SRC 2;DB 203;2-4mm fines;4.5
Apollo 15;15474;NA;SRC 2;DB 203;4-10mm fines;4.7
Apollo 15;15475;NA;SRC 2;DB 203;basalt ;406.8
Apollo 15;15476;NA;SRC 2;DB 203;basalt ;266.3
Apollo 15;15485;NA;SRC 2;DB 204;basalt;104.9
Apollo 15;15486;NA;SRC 2;DB 204;basalt with gray coatings ;46.8
Apollo 15;15495;NA;SRC 2;DB 174;gabbro;908.9
Apollo 15;15498;NA;SRC 2;SCB 6;recrystallized breccia;2339.8
Apollo 15;15499;NA;SRC 2;SCB 5;vesicular basalt  ;2024
Apollo 15;15500;NA;SRC 2;DB 255;unsieved fines ;24.8
Apollo 15;15501;NA;SRC 2;DB 255;<1mm fines;103
Apollo 15;15502;NA;SRC 2;DB 255;1-2mm fines;4.4
Apollo 15;15503;NA;SRC 2;DB 255;2-4mm fines;3.8
Apollo 15;15504;NA;SRC 2;DB 255;4-10mm fines;4.1
Apollo 15;15505;NA;SRC 2;DB 255;glass coated breccia ;1147.4
Apollo 15;15506;NA;SRC 2;DB 255;glass coated microbreccia;22.9
Apollo 15;15507;NA;SRC 2;DB 255;vesicular glass ellipsoid;3.9
Apollo 15;15508;NA;SRC 2;DB 255;glass coated microbreccia;1.4
Apollo 15;15510;NA;SRC 2;DB 273;unsieved fines ;72.3
Apollo 15;15511;NA;SRC 2;DB 273;<1mm fines;193.1
Apollo 15;15512;NA;SRC 2;DB 273;1-2mm fines;4.9
Apollo 15;15513;NA;SRC 2;DB 273;2-4mm fines;4.4
Apollo 15;15514;NA;SRC 2;DB 273;4-10mm fines;1.1
Apollo 15;15515;NA;SRC 2;DB 273;brown gray clods;144.7
Apollo 15;15528;NA;SRC 2;DB 274;breccia;4.7
Apollo 15;15529;NA;SRC 2;DB 274;vesicular basalt ;1531
Apollo 15;15530;NA;SRC 2;DB 275;unsieved fines ;138
Apollo 15;15531;NA;SRC 2;DB 275;<1mm fines;136
Apollo 15;15532;NA;SRC 2;DB 275;1-2mm fines;6.3
Apollo 15;15533;NA;SRC 2;DB 275;2-4mm fines;5.4
Apollo 15;15534;NA;SRC 2;DB 275;4-10mm fines;6
Apollo 15;15535;NA;SRC 2;DB 275;porphyritic olivine basalt;404.4
Apollo 15;15536;NA;SRC 2;DB 275;basalt;317.2
Apollo 15;15537;NA;SRC 2;DB 275;coarse grained basalt ;1.9
Apollo 15;15538;NA;SRC 2;DB 275;olivine microgabbro;2.6
Apollo 15;15545;NA;SRC 2;DB 278;basalt;746.6
Apollo 15;15546;NA;SRC 2;DB 278;basalt;27.8
Apollo 15;15547;NA;SRC 2;DB 278;vuggy basalt;20.1
Apollo 15;15548;NA;SRC 2;DB 278;basalt;3.3
Apollo 15;15555;NA;Sample return bag;loose rock;vuggy basalt;9613.7
Apollo 15;15556;NA;SRC 2;SCB 2;vesicular basalt;1542.3
Apollo 15;15557;NA;SRC 2;SCB 2;basalt;2518
Apollo 15;15558;NA;SRC 2;SCB 2;breccia;1333.3
Apollo 15;15561;NA;SRC 2;SCB 2;<1mm SCB 2 residue ;112.5
Apollo 15;15562;NA;SRC 2;SCB 2;1-2mm SCB 2 residue ;20.6
Apollo 15;15563;NA;SRC 2;SCB 2;2-4mm SCB 2 residue;30.4
Apollo 15;15564;NA;SRC 2;SCB 2;4-10mm SCB 2 residue ;50
Apollo 15;15565;NA;SRC 2;SCB 2;breccia fragments ;822.6
Apollo 15;15595;NA;SRC 2;DB 281;porphyritic basalt;237.6
Apollo 15;15596;NA;SRC 2;DB 281;basalt;224.8
Apollo 15;15597;NA;SRC 2;DB 281;basalt;145.7
Apollo 15;15598;NA;SRC 2;DB 281;basalt;135.7
Apollo 15;15600;NA;SRC 2;DB 283;reserve fines;449.1
Apollo 15;15601;NA;SRC 2;DB 283;<1mm fines;802
Apollo 15;15602;NA;SRC 2;DB 283;1-2mm fines;32.9
Apollo 15;15603;NA;SRC 2;DB 283;2-4mm fines;25.5
Apollo 15;15604;NA;SRC 2;DB 283;4-10mm fines;21.5
Apollo 15;15605;NA;SRC 2;DB 283;basalt;6.1
Apollo 15;15606;NA;SRC 2;DB 283;vesicular basalt;10.1
Apollo 15;15607;NA;SRC 2;DB 283;coarse grained basalt ;14.8
Apollo 15;15608;NA;SRC 2;DB 283;microporphyritic basalt;1.2
Apollo 15;15609;NA;SRC 2;DB 283;basalt;1.1
Apollo 15;15610;NA;SRC 2;DB 283;basalt with clinopyroxene;1.5
Apollo 15;15612;NA;SRC 2;DB 282;vesicular olivine basalt;5.9
Apollo 15;15613;NA;SRC 2;DB 282;vesicular olivine basalt;1
Apollo 15;15614;NA;SRC 2;DB 282;vesicular olivine basalt;9.7
Apollo 15;15615;NA;SRC 2;DB 282;vesicular olivine basalt;1.7
Apollo 15;15616;NA;SRC 2;DB 282;vesicular olivine basalt;8
Apollo 15;15617;NA;SRC 2;DB 282;vesicular olivine basalt;3.1
Apollo 15;15618;NA;SRC 2;DB 282;vesicular olivine basalt;0.8
Apollo 15;15619;NA;SRC 2;DB 282;vesicular olivine basalt;0.6
Apollo 15;15620;NA;SRC 2;DB 282;vesicular olivine basalt;6.6
Apollo 15;15621;NA;SRC 2;DB 282;vesicular olivine basalt;1.6
Apollo 15;15622;NA;SRC 2;DB 282;vesicular olivine basalt;29.5
Apollo 15;15623;NA;SRC 2;DB 282;vesicular olivine basalt;3
Apollo 15;15624;NA;SRC 2;DB 282;vesicular olivine basalt;0.2
Apollo 15;15625;NA;SRC 2;DB 282;vesicular olivine basalt;0.5
Apollo 15;15626;NA;SRC 2;DB 282;vesicular olivine basalt;0.6
Apollo 15;15627;NA;SRC 2;DB 282;vesicular olivine basalt;0.4
Apollo 15;15628;NA;SRC 2;DB 282;vesicular olivine basalt;0.4
Apollo 15;15629;NA;SRC 2;DB 282;vesicular olivine basalt;0.4
Apollo 15;15630;NA;SRC 2;DB 282;vesicular olivine basalt;23.2
Apollo 15;15632;NA;SRC 2;DB 282;porphyritic basalt with clinopyroxene;2.3
Apollo 15;15633;NA;SRC 2;DB 282;porphyritic basalt with clinopyroxene;7.4
Apollo 15;15634;NA;SRC 2;DB 282;porphyritic basalt with clinopyroxene;5.2
Apollo 15;15635;NA;SRC 2;DB 282;porphyritic basalt with clinopyroxene;0.5
Apollo 15;15636;NA;SRC 2;DB 282;porphyritic basalt with clinopyroxene;336.7
Apollo 15;15637;NA;SRC 2;DB 282;porphyritic basalt with clinopyroxene;0.9
Apollo 15;15638;NA;SRC 2;DB 282;porphyritic basalt with clinopyroxene;3.6
Apollo 15;15639;NA;SRC 2;DB 282;porphyritic basalt with clinopyroxene;7
Apollo 15;15640;NA;SRC 2;DB 282;porphyritic basalt with clinopyroxene;0.5
Apollo 15;15641;NA;SRC 2;DB 282;porphyritic basalt with clinopyroxene;6.9
Apollo 15;15642;NA;SRC 2;DB 282;porphyritic basalt with clinopyroxene;1.9
Apollo 15;15643;NA;SRC 2;DB 282;porphyritic basalt with clinopyroxene;17.9
Apollo 15;15644;NA;SRC 2;DB 282;porphyritic basalt with clinopyroxene;0.4
Apollo 15;15645;NA;SRC 2;DB 282;porphyritic basalt with clinopyroxene;0.5
Apollo 15;15647;NA;SRC 2;DB 282;fine subophitic basalt;48.1
Apollo 15;15648;NA;SRC 2;DB 282;fine subophitic basalt;9.1
Apollo 15;15649;NA;SRC 2;DB 282;fine subophitic basalt;6.2
Apollo 15;15650;NA;SRC 2;DB 282;fine subophitic basalt;3.4
Apollo 15;15651;NA;SRC 2;DB 282;fine subophitic basalt;1.6
Apollo 15;15652;NA;SRC 2;DB 282;fine subophitic basalt;0.7
Apollo 15;15653;NA;SRC 2;DB 282;fine subophitic basalt;0.4
Apollo 15;15654;NA;SRC 2;DB 282;fine subophitic basalt;0.2
Apollo 15;15655;NA;SRC 2;DB 282;fine subophitic basalt;0.4
Apollo 15;15656;NA;SRC 2;DB 282;fine subophitic basalt;0.2
Apollo 15;15658;NA;SRC 2;DB 282;pyroxene phyric basalt;11.6
Apollo 15;15659;NA;SRC 2;DB 282;pyroxene phyric basalt;12.6
Apollo 15;15660;NA;SRC 2;DB 282;pyroxene phyric basalt;8.9
Apollo 15;15661;NA;SRC 2;DB 282;pyroxene phyric basalt;5.9
Apollo 15;15662;NA;SRC 2;DB 282;pyroxene phyric basalt;4.9
Apollo 15;15663;NA;SRC 2;DB 282;pyroxene phyric basalt;10.3
Apollo 15;15664;NA;SRC 2;DB 282;pyroxene phyric basalt;7.4
Apollo 15;15665;NA;SRC 2;DB 282;olivine phyric basalt;10.2
Apollo 15;15666;NA;SRC 2;DB 282;pigeonite phyric basalt;3.9
Apollo 15;15667;NA;SRC 2;DB 282;pigeonite phyric basalt;1.1
Apollo 15;15668;NA;SRC 2;DB 282;olivine phyric basalt;15.1
Apollo 15;15669;NA;SRC 2;DB 282;olivine phyric basalt;4.4
Apollo 15;15670;NA;SRC 2;DB 282;pyroxene phyric basalt;2
Apollo 15;15671;NA;SRC 2;DB 282;vesicular subophitic basalt ;6.1
Apollo 15;15672;NA;SRC 2;DB 282;vesicular subophitic basalt ;21.4
Apollo 15;15673;NA;SRC 2;DB 282;vesicular subophitic basalt ;5.9
Apollo 15;15674;NA;SRC 2;DB 282;fine porphyritic basalt;35.7
Apollo 15;15675;NA;SRC 2;DB 282;fine porphyritic basalt;34.5
Apollo 15;15676;NA;SRC 2;DB 282;fine porphyritic basalt;25.3
Apollo 15;15677;NA;SRC 2;DB 282;fine porphyritic basalt;6.4
Apollo 15;15678;NA;SRC 2;DB 282;fine porphyritic basalt;7.5
Apollo 15;15679;NA;SRC 2;DB 282;fine porphyritic basalt;0.7
Apollo 15;15680;NA;SRC 2;DB 282;fine porphyritic basalt;0.3
Apollo 15;15681;NA;SRC 2;DB 282;fine porphyritic basalt;0.3
Apollo 15;15682;NA;SRC 2;DB 282;plumose porphyritic basalt ;50.6
Apollo 15;15683;NA;SRC 2;DB 282;fine porphyritic basalt;22
Apollo 15;15684;NA;SRC 2;DB 282;glass cemented breccia fragments ;1.4
Apollo 15;15685;NA;SRC 2;DB 282;glass cemented breccia fragments ;0.8
Apollo 15;15686;NA;SRC 2;DB 282;glass cemented breccia fragments ;0.9
Apollo 15;15687;NA;SRC 2;DB 282;glass cemented breccia fragments ;1.4
Apollo 15;15688;NA;SRC 2;DB 282;glass cemented breccia fragments ;5.3
Apollo 15;15689;NA;SRC 2;DB 282;breccia with sugary clasts ;2.8
Apollo 15;15901;NA;SCB1;DB156;DB residue;13.6
Apollo 15;15902;NA;SCB1;DB157;DB residue;4.5
Apollo 15;15903;NA;SCB1;DB158;DB residue;2.7
Apollo 15;15904;NA;SCB1;DB159;DB residue;1.2
Apollo 15;15906;NA;SCB1;DB160;DB residue;2.8
Apollo 15;15907;NA;SCB1;DB181;DB residue;5.3
Apollo 15;15908;NA;SCB1;DB161;DB residue;1.2
Apollo 15;15909;NA;SCB1;DB182;DB residue;1.7
Apollo 15;15910;NA;SCB1;DB186;DB residue;4.9
Apollo 15;15911;NA;SCB1;DB187;DB residue;4.8
Apollo 15;15912;NA;SCB5;DB162;DB residue;8.1
Apollo 15;15916;NA;SCB5;DB190;DB residue;3.2
Apollo 15;15917;NA;SCB5;DB192;DB residue;26.6
Apollo 15;15918;NA;SCB5;DB193;DB residue;14.5
Apollo 15;15924;NA;SCB3;DB196;DB residue;2.7
Apollo 15;15925;NA;SCB5;DB170;DB residue;0.8
Apollo 15;15926;NA;SCB5;DB198;DB residue;12.4
Apollo 15;15927;NA;SCB5;DB199;DB residue;20.1
Apollo 15;15931;NA;SCB5;DB203;DB residue;1.7
Apollo 15;15932;NA;SCB5;DB174;DB residue;20.5
Apollo 15;15933;NA;SCB5;DB204;DB residue;15.9
Apollo 15;15936;NA;SCB7;DB273;DB residue;6.7
Apollo 15;15937;NA;SCB7;DB255;DB residue;1.7
Apollo 15;15938;NA;SCB2;DB274;DB residue;16.6
Apollo 15;15939;NA;SCB7;DB275;DB residue;4.2
Apollo 15;15940;NA;SCB7;DB278;DB residue;3.5
Apollo 15;15941;NA;SCB7;DB281;DB residue;10
Apollo 15;15942;NA;SCB7;DB282;DB residue;58.8
Apollo 15;15943;NA;SCB7;DB283;DB residue;1.7
Apollo 15;15951;NA;SCB1;NA;SCB residue ;30
Apollo 15;15954;NA;SCB4;NA;SCB residue ;89.3
Apollo 15;15955;NA;SCB5;NA;SCB residue ;8.6
Apollo 15;15956;NA;SCB6;NA;SCB residue ;98.5
Apollo 15;15957;NA;SCB7;NA;SCB residue ;75.5
Apollo 16;60001;180;NA;Drill core bit;NA;30.1
Apollo 16;60002;18;NA;Drill core stem;NA;211.9
Apollo 16;60003;19;NA;Drill core stem;NA;215.5
Apollo 16;60004;15;NA;Drill core stem;NA;202.7
Apollo 16;60005;24;NA;Drill core stem;NA;76.1
Apollo 16;60006;12;NA;drive tube ;NA;165.6
Apollo 16;60007;14;NA;Drill core bottom;NA;105.7
Apollo 16;60009;2054;NA;Drive tube;NA;759.8
Apollo 16;60010;2045;NA;Drive tube ;NA;634.3
Apollo 16;60013;2032;NA;Drive tube;NA;757.2
Apollo 16;60014;2027;NA;Drive tube ;NA;570.3
Apollo 16;60015;NA;SCB5;NA;pristine cataclastic anorthosite ;5574
Apollo 16;60016;NA;SCB7;NA;fragmental polymict breccia;4307
Apollo 16;60017;NA;SCB7;NA;variolitic impact melt / breccia;2102
Apollo 16;60018;NA;SCB7;NA;basaltic impact melt ;1501
Apollo 16;60019;NA;SCB4;NA;glassy breccia;1887
Apollo 16;60025;NA;SCB3;NA;pristine cataclastic anorthosite ;1836
Apollo 16;60035;NA;SRC1;DB351;polymict granoblastic breccia;1052
Apollo 16;60055;NA;SRC1;DB355;pristine cataclastic anorthosite ;35.48
Apollo 16;60056;NA;SRC1;DB355;cataclastic anorthosite ;16.07
Apollo 16;60057;NA;SRC1;DB355;cataclastic anorthosite ;3.1
Apollo 16;60058;NA;SRC1;DB355;fragmental polymict breccia;2.12
Apollo 16;60059;NA;SRC1;DB355;cataclastic anorthosite ;1.05
Apollo 16;60075;NA;SRC 1;DB373;fragmental polymict breccia;183.8
Apollo 16;60095;NA;SCB1;DB004;glass ;46.6
Apollo 16;60115;NA;SCB1;DB381;glassy breccia;132.5
Apollo 16;60135;NA;SCB6;DB430;cataclastic anorthosite ;137.7
Apollo 16;60215;NA;SCB6;DB13;pristine cataclastic anorthosite ;385.8
Apollo 16;60235;NA;SCB6;DB15;basaltic impact melt ;70.13
Apollo 16;60255;NA;SCB6;DB17;regolith breccia;871
Apollo 16;60275;NA;SCB7;DB18;glassy breccia;255.2
Apollo 16;60315;NA;SCB7;DB20;poikilitic impact melt;787.7
Apollo 16;60335;NA;SCB6;DB331;basaltic impact melt ;317.8
Apollo 16;60515;NA;SCB4;DB349;cataclastic anorthosite ;16.74
Apollo 16;60516;NA;SCB4;DB349;cataclastic anorthosite ;7.91
Apollo 16;60517;NA;SCB4;DB349;cataclastic anorthosite ;1.23
Apollo 16;60518;NA;SCB4;DB349;cataclastic anorthosite ;1.12
Apollo 16;60519;NA;SCB4;DB349;cataclastic anorthosite ;0.5
Apollo 16;60525;NA;SCB4;DB349;poikilitic impact melt;12.84
Apollo 16;60526;NA;SCB4;DB349;poikilitic impact melt;8.42
Apollo 16;60527;NA;SCB4;DB349;crystalline polymict breccia;7.36
Apollo 16;60528;NA;SCB4;DB349;glassy impact melt ;2.94
Apollo 16;60529;NA;SCB4;DB349;basaltic impact melt ;1.24
Apollo 16;60535;NA;SCB4;DB349;fragmental polymict breccia;7.23
Apollo 16;60615;NA;SCB4;DB347;basaltic impact melt ;32.97
Apollo 16;60616;NA;SCB4;DB347;poikilitic impact melt;3.4
Apollo 16;60617;NA;SCB4;DB347;crystalline impact melt;2.77
Apollo 16;60618;NA;SCB4;DB347;basaltic impact melt ;21.67
Apollo 16;60619;NA;SCB4;DB347;granoblastic anorthosite;28
Apollo 16;60625;NA;SCB4;DB347;poikilitic impact melt;117
Apollo 16;60626;NA;SCB4;DB347;poikilitic impact melt;15.87
Apollo 16;60627;NA;SCB4;DB347;crystalline impact melt;12.09
Apollo 16;60628;NA;SCB4;DB347;cataclastic anorthosite ;6.86
Apollo 16;60629;NA;SCB4;DB347;cataclastic anorthosite ;4.92
Apollo 16;60635;NA;SCB4;DB347;basaltic impact melt ;15.05
Apollo 16;60636;NA;SCB4;DB347;basaltic impact melt ;35.65
Apollo 16;60637;NA;SCB4;DB347;fragmental polymict breccia;7.98
Apollo 16;60638;NA;SCB4;DB347;fragmental polymict breccia;0.72
Apollo 16;60639;NA;SCB4;DB347;fragmental polymict breccia;175.1
Apollo 16;60645;NA;SCB4;DB347;fine-grained impact melt;33.5
Apollo 16;60646;NA;SCB4;DB347;fine-grained impact melt;3.39
Apollo 16;60647;NA;SCB4;DB347;glassy impact melt ;1.76
Apollo 16;60648;NA;SCB4;DB347;glassy breccia;2.84
Apollo 16;60649;NA;SCB4;DB347;glassy breccia;1.03
Apollo 16;60655;NA;SCB4;DB347;glassy impact melt ;8.63
Apollo 16;60656;NA;SCB4;DB347;glassy impact melt ;11.23
Apollo 16;60657;NA;SCB4;DB347;fragmental polymict breccia;6.05
Apollo 16;60658;NA;SCB4;DB347;glassy impact melt ;5.47
Apollo 16;60659;NA;SCB4;DB347;fragmental polymict breccia;22.2
Apollo 16;60665;NA;SCB4;DB347;glass;90.1
Apollo 16;60666;NA;SCB4;DB347;glassy impact melt ;15.95
Apollo 16;60667;NA;SCB4;DB347;glassy impact melt ;7.66
Apollo 16;60668;NA;SCB4;DB347;glassy impact melt ;2.91
Apollo 16;60669;NA;SCB4;DB347;glass;2.54
Apollo 16;60675;NA;SCB4;DB347;fine-grained impact melt;1.3
Apollo 16;60676;NA;SCB4;DB347;glassy impact melt ;8.92
Apollo 16;60677;NA;SCB4;DB347;glassy breccia;5.23
Apollo 16;60678;NA;SCB4;DB347;glassy impact melt ;1.25
Apollo 16;60679;NA;SCB4;DB347;glassy impact melt ;2.96
Apollo 16;61015;NA;SRC1;NA;dilithologic breccia;1804
Apollo 16;61016;NA;BSLSS;NA;basaltic impact melt ;11729
Apollo 16;61017;NA;SRC1;NA;cataclastic anorthosite ;2.62
Apollo 16;61135;NA;SRC1;DB362;fragmental polymict breccia;245.1
Apollo 16;61155;NA;SRC1;DB371;glassy impact melt ;47.59
Apollo 16;61156;NA;SRC1;DB371;meta-poikilitic impact melt;58.46
Apollo 16;61157;NA;SRC1;DB371;fragmental polymict breccia;11.26
Apollo 16;61158;NA;SRC1;DB371;fragmental polymict breccia;14.79
Apollo 16;61175;NA;SRC1;DB364;fragmental polymict breccia;542.7
Apollo 16;61195;NA;SRC1;DB002;regolith breccia;587.9
Apollo 16;61225;NA;SRC1;DB357;crystalline impact melt;3.52
Apollo 16;61226;NA;SRC1;DB357;cataclastic anorthosite ;1.53
Apollo 16;61245;NA;SRC1;DB352;fine-grained impact melt;8.25
Apollo 16;61246;NA;SRC1;DB352;fine-grained impact melt;6.05
Apollo 16;61247;NA;SRC1;DB352;poikilitic impact melt;2.48
Apollo 16;61248;NA;SRC1;DB352;fragmental polymict breccia;1.71
Apollo 16;61249;NA;SRC1;DB352;basaltic impact melt ;1.17
Apollo 16;61255;NA;SRC1;DB352;cindery glass;1.13
Apollo 16;61295;NA;SRC1;DB353;regolith breccia;187
Apollo 16;61505;NA;SRC1;DB354;fine-grained impact melt;1.651
Apollo 16;61515;NA;SRC1;DB372;fragmental polymict breccia;2
Apollo 16;61516;NA;SRC1;DB372;fragmental polymict breccia;2.38
Apollo 16;61517;NA;SRC1;DB372;fragmental polymict breccia;0.47
Apollo 16;61518;NA;SRC1;DB372;fragmental polymict breccia;0.16
Apollo 16;61519;NA;SRC1;DB372;fragmental polymict breccia;0.33
Apollo 16;61525;NA;SRC1;DB372;glassy breccia;10.35
Apollo 16;61526;NA;SRC1;DB372;fragmental polymict breccia;4.08
Apollo 16;61527;NA;SRC1;DB372;fragmental polymict breccia;0.52
Apollo 16;61528;NA;SRC1;DB372;fragmental polymict breccia;0.24
Apollo 16;61529;NA;SRC1;DB372;fragmental polymict breccia;0.28
Apollo 16;61535;NA;SRC1;DB372;fragmental polymict breccia;0.23
Apollo 16;61536;NA;SRC1;DB372;glassy breccia;85.99
Apollo 16;61537;NA;SRC1;DB372;fragmental polymict breccia;6.62
Apollo 16;61538;NA;SRC1;DB372;fragmental polymict breccia;4.76
Apollo 16;61539;NA;SRC1;DB372;glassy breccia;5.78
Apollo 16;61545;NA;SRC1;DB372;fragmental polymict breccia;3.61
Apollo 16;61546;NA;SRC1;DB372;glassy impact melt ;110.7
Apollo 16;61547;NA;SRC1;DB372;basaltic impact melt ;17.93
Apollo 16;61548;NA;SRC1;DB372;glassy impact melt ;24.18
Apollo 16;61549;NA;SRC1;DB372;basaltic impact melt ;3.76
Apollo 16;61555;NA;SRC1;DB372;glassy impact melt ;3.46
Apollo 16;61556;NA;SRC1;DB372;glass ;2.23
Apollo 16;61557;NA;SRC1;DB372;glassy impact melt ;0.93
Apollo 16;61558;NA;SRC1;DB372;glass;3
Apollo 16;61559;NA;SRC1;DB372;glassy breccia;0.62
Apollo 16;61565;NA;SRC1;DB372;glassy breccia;0.88
Apollo 16;61566;NA;SRC1;DB372;glassy impact melt ;0.66
Apollo 16;61567;NA;SRC1;DB372;glassy impact melt ;0.19
Apollo 16;61568;NA;SRC1;DB372;basaltic impact melt ;19.32
Apollo 16;61569;NA;SRC1;DB372;poikilitic impact melt;12.02
Apollo 16;61575;NA;SRC1;DB372;crystalline impact melt;5.26
Apollo 16;61576;NA;SRC1;DB372;plagioclase crystal;5.87
Apollo 16;61577;NA;SRC1;DB372;granoblastic anorthosite;0.21
Apollo 16;62235;NA;SRC1;DB005;poikilitic impact melt;319.6
Apollo 16;62236;NA;SRC1;DB005;pristine noritic anorthosite;57.27
Apollo 16;62237;NA;SRC1;DB005;pristine troctolitic anorthosite;62.35
Apollo 16;62238;NA;SRC1;DB005;cataclastic anorthosite ;1.565
Apollo 16;62245;NA;SRC1;DB006;crystalline impact melt;6.03
Apollo 16;62246;NA;SRC1;DB006;cataclastic anorthosite ;4.59
Apollo 16;62247;NA;SRC1;DB006;fragmental polymict breccia;2.11
Apollo 16;62248;NA;SRC1;DB006;fragmental polymict breccia;1.61
Apollo 16;62249;NA;SRC1;DB006;fragmental polymict breccia;1.41
Apollo 16;62255;NA;SRC1;DB007;dilithologic breccia;1239
Apollo 16;62275;NA;SRC1;DB009;cataclastic anorthosite ;443
Apollo 16;62285;NA;SRC1;DB011;friable regolith clod;3.524
Apollo 16;62286;NA;SRC1;DB011;friable regolith clod;2.917
Apollo 16;62287;NA;SRC1;DB011;fine-grained impact melt;2.474
Apollo 16;62288;NA;SRC1;DB011;fragmental polymict breccia;1.939
Apollo 16;62289;NA;SRC1;DB011;friable regolith clod;1.135
Apollo 16;62295;NA;SRC1;DB010;basaltic impact melt ;250.8
Apollo 16;62305;NA;SRC1;DB011;fragmental polymict breccia;0.81
Apollo 16;62315;NA;SRC1;DB006;fragmental polymict breccia;0.77
Apollo 16;63335;NA;SCB6;DB428;fine-grained impact melt;65.4
Apollo 16;63355;NA;SCB6;DB429;poikilitic impact melt;68.24
Apollo 16;63505;NA;SCB4;DB346;fine-grained impact melt;5.41
Apollo 16;63506;NA;SCB4;DB346;basaltic impact melt ;4.9
Apollo 16;63507;NA;SCB4;DB346;fragmental polymict breccia;2.78
Apollo 16;63508;NA;SCB4;DB346;fine-grained impact melt;2.61
Apollo 16;63509;NA;SCB4;DB346;fine-grained impact melt;2.05
Apollo 16;63515;NA;SCB4;DB346;fine-grained impact melt;1.32
Apollo 16;63525;NA;SCB4;DB345;fine-grained impact melt;6.68
Apollo 16;63526;NA;SCB4;DB345;fine-grained impact melt;2.91
Apollo 16;63527;NA;SCB4;DB345;basaltic impact melt ;6.1
Apollo 16;63528;NA;SCB4;DB345;fine-grained impact melt;4.12
Apollo 16;63529;NA;SCB4;DB345;fine-grained impact melt;23.48
Apollo 16;63535;NA;SCB4;DB345;basaltic impact melt ;6.85
Apollo 16;63536;NA;SCB4;DB345;basaltic impact melt ;1.02
Apollo 16;63537;NA;SCB4;DB345;basaltic impact melt ;4.78
Apollo 16;63538;NA;SCB4;DB345;fine-grained impact melt;35.06
Apollo 16;63539;NA;SCB4;DB345;fine-grained impact melt;0.39
Apollo 16;63545;NA;SCB4;DB345;basaltic impact melt ;15.95
Apollo 16;63546;NA;SCB4;DB345;fine-grained impact melt;9.23
Apollo 16;63547;NA;SCB4;DB345;poikilitic impact melt;4.9
Apollo 16;63548;NA;SCB4;DB345;fine-grained impact melt;1.13
Apollo 16;63549;NA;SCB4;DB345;basaltic impact melt ;26.57
Apollo 16;63555;NA;SCB4;DB345;fine-grained impact melt;3.38
Apollo 16;63556;NA;SCB4;DB345;poikilitic impact melt;18.1
Apollo 16;63557;NA;SCB4;DB345;fine-grained impact melt;7.53
Apollo 16;63558;NA;SCB4;DB345;poikilitic impact melt;7.09
Apollo 16;63559;NA;SCB4;DB345;glass;6.04
Apollo 16;63565;NA;SCB4;DB345;glass;0.94
Apollo 16;63566;NA;SCB4;DB345;glass;19.61
Apollo 16;63567;NA;SCB4;DB345;glass;3.21
Apollo 16;63568;NA;SCB4;DB345;glass;4.06
Apollo 16;63569;NA;SCB4;DB345;glass;0.43
Apollo 16;63575;NA;SCB4;DB345;glass;4.72
Apollo 16;63576;NA;SCB4;DB345;glass;1.23
Apollo 16;63577;NA;SCB4;DB345;crystalline polymict breccia;12.41
Apollo 16;63578;NA;SCB4;DB345;fine-grained impact melt;19.6
Apollo 16;63579;NA;SCB4;DB345;fine-grained impact melt;11.35
Apollo 16;63585;NA;SCB4;DB345;basaltic impact melt ;32.62
Apollo 16;63586;NA;SCB4;DB345;fine-grained impact melt;1.98
Apollo 16;63587;NA;SCB4;DB345;poikilitic impact melt;20.51
Apollo 16;63588;NA;SCB4;DB345;fragmental polymict breccia;2.4
Apollo 16;63589;NA;SCB4;DB345;fragmental polymict breccia;13.5
Apollo 16;63595;NA;SCB4;DB345;fragmental polymict breccia;2.1
Apollo 16;63596;NA;SCB4;DB345;poikilitic impact melt;6.4
Apollo 16;63597;NA;SCB4;DB345;poikilitic impact melt;5.67
Apollo 16;63598;NA;SCB4;DB345;poikilitic impact melt;12.66
Apollo 16;64001;2038;NA;Drive tube;drive tube ;752.3
Apollo 16;64002;2043;NA;Drive tube;drive tube ;584.1
Apollo 16;64425;NA;SCB3;DB399;dilithologic breccia;14.62
Apollo 16;64435;NA;SCB1;DB394;fine-grained impact melt;1079
Apollo 16;64455;NA;SCB3;DB397;basaltic impact melt ;56.68
Apollo 16;64475;NA;SCB3;DB398;dilithologic breccia;1032
Apollo 16;64476;NA;SCB3;DB398;dilithologic breccia;125.1
Apollo 16;64477;NA;SCB3;DB398;glassy breccia;19.32
Apollo 16;64478;NA;SCB3;DB398;poikilitic impact melt;12.34
Apollo 16;64505;NA;SCB1;DB396;fragmental polymict breccia;5.392
Apollo 16;64506;NA;SCB1;DB396;basaltic impact melt ;5.079
Apollo 16;64507;NA;SCB1;DB396;dilithologic breccia;4.474
Apollo 16;64508;NA;SCB1;DB396;dilithologic breccia;4.168
Apollo 16;64509;NA;SCB1;DB396;fragmental polymict breccia;3.15
Apollo 16;64515;NA;SCB1;DB396;basaltic impact melt ;3.761
Apollo 16;64516;NA;SCB1;DB396;cataclastic anorthosite ;2.929
Apollo 16;64517;NA;SCB1;DB396;crystalline polymict breccia;1.546
Apollo 16;64518;NA;SCB1;DB396;fine-grained impact melt;1.49
Apollo 16;64519;NA;SCB1;DB396;cataclastic anorthosite ;1.124
Apollo 16;64525;NA;SCB1;DB396;cataclastic anorthosite ;1.107
Apollo 16;64535;NA;SCB1;DB395;dilithologic breccia;256.6
Apollo 16;64536;NA;SCB1;DB395;dilithologic breccia;177.5
Apollo 16;64537;NA;SCB1;DB395;dilithologic breccia;124.3
Apollo 16;64538;NA;SCB1;DB395;polylithologic breccia;30.03
Apollo 16;64539;NA;SCB1;DB395;dilithologic breccia;17.76
Apollo 16;64545;NA;SCB1;DB395;dilithologic breccia;14.09
Apollo 16;64546;NA;SCB1;DB395;dilithologic breccia;12.8
Apollo 16;64547;NA;SCB1;DB395;fragmental polymict breccia;10.9
Apollo 16;64548;NA;SCB1;DB395;dilithologic breccia;8.49
Apollo 16;64549;NA;SCB1;DB395;dilithologic breccia;6.47
Apollo 16;64555;NA;SCB1;DB395;fragmental dilithologic breccia;5.29
Apollo 16;64556;NA;SCB1;DB395;dilithologic breccia;5.15
Apollo 16;64557;NA;SCB1;DB395;fine-grained impact melt;4.79
Apollo 16;64558;NA;SCB1;DB395;dilithologic breccia;3.13
Apollo 16;64559;NA;SCB1;DB395;basaltic impact melt ;21.82
Apollo 16;64565;NA;SCB1;DB395;glassy impact melt ;14.73
Apollo 16;64566;NA;SCB1;DB395;fine-grained impact melt;14.13
Apollo 16;64567;NA;SCB1;DB395;poikilitic impact melt;13.86
Apollo 16;64568;NA;SCB1;DB395;poikilitic impact melt;9.379
Apollo 16;64569;NA;SCB1;DB395;poikilitic impact melt;14.32
Apollo 16;64575;NA;SCB1;DB395;poikilitic impact melt;6.837
Apollo 16;64576;NA;SCB1;DB395;basaltic impact melt ;6.916
Apollo 16;64577;NA;SCB1;DB395;glassy breccia;5.692
Apollo 16;64578;NA;SCB1;DB395;fine-grained impact melt;5.596
Apollo 16;64579;NA;SCB1;DB395;fine-grained impact melt;4.802
Apollo 16;64585;NA;SCB1;DB395;basaltic impact melt ;4.696
Apollo 16;64586;NA;SCB1;DB395;fine-grained impact melt;3.337
Apollo 16;64587;NA;SCB1;DB395;fragmental polymict breccia;7.18
Apollo 16;64588;NA;SCB1;DB395;fragmental polymict breccia;2.546
Apollo 16;64589;NA;SCB1;DB395;cataclastic anorthosite ;4.039
Apollo 16;64815;NA;SCB3;DB401;meta-poikilitic impact melt;20.9
Apollo 16;64816;NA;SCB3;DB401;poikilitic impact melt;3.83
Apollo 16;64817;NA;SCB3;DB401;basaltic impact melt ;8.98
Apollo 16;64818;NA;SCB3;DB401;dilithologic breccia;15.98
Apollo 16;64819;NA;SCB3;DB401;pristine cataclastic anorthosite;11.76
Apollo 16;64825;NA;SCB3;DB401;fragmental polymict breccia;21.5
Apollo 16;64826;NA;SCB3;DB401;fragmental polymict breccia;11.33
Apollo 16;64827;NA;SCB3;DB401;fragmental polymict breccia;8.11
Apollo 16;64828;NA;SCB3;DB401;fragmental polymict breccia;0.97
Apollo 16;64829;NA;SCB3;DB401;fragmental polymict breccia;2.2
Apollo 16;64835;NA;SCB3;DB401;fragmental polymict breccia;2.32
Apollo 16;64836;NA;SCB3;DB401;fragmental polymict breccia;1.76
Apollo 16;64837;NA;SCB3;DB401;fragmental polymict breccia;2.18
Apollo 16;65015;NA;SCB3;NA;poikilitic impact melt;1802
Apollo 16;65016;NA;SCB1;NA;glass;21.02
Apollo 16;65035;NA;SCB1;DB404;cataclastic anorthosite ;446.1
Apollo 16;65055;NA;SCB3;DB337;basaltic impact melt ;500.8
Apollo 16;65056;NA;SCB3;DB337;variolitic impact melt;64.78
Apollo 16;65075;NA;SCB1;DB403;basaltic impact melt ;107.9
Apollo 16;65095;NA;SCB3;DB336;fragmental polymict breccia;560.1
Apollo 16;65315;NA;SCB1;DB405;pristine cataclastic anorthosite;300.4
Apollo 16;65325;NA;SCB1;DB405;pristine cataclastic anorthosite;67.87
Apollo 16;65326;NA;SCB1;DB405;cataclastic anorthosite ;36.4
Apollo 16;65327;NA;SCB1;DB405;pristine cataclastic anorthosite;9.97
Apollo 16;65328;NA;SCB1;DB405;cataclastic anorthosite ;1.28
Apollo 16;65329;NA;SCB1;DB405;cataclastic anorthosite ;1.92
Apollo 16;65335;NA;SCB1;DB405;cataclastic anorthosite ;1.63
Apollo 16;65336;NA;SCB1;DB405;cataclastic anorthosite ;0.6
Apollo 16;65337;NA;SCB1;DB405;fragmental polymict breccia;11.57
Apollo 16;65338;NA;SCB1;DB405;fragmental polymict breccia;2.65
Apollo 16;65339;NA;SCB1;DB405;fragmental polymict breccia;1.62
Apollo 16;65345;NA;SCB1;DB405;fragmental polymict breccia;0.86
Apollo 16;65346;NA;SCB1;DB405;fragmental polymict breccia;0.8
Apollo 16;65347;NA;SCB1;DB405;fragmental polymict breccia;0.43
Apollo 16;65348;NA;SCB1;DB405;glass ;11.66
Apollo 16;65349;NA;SCB1;DB405;glassy impact melt ;7.58
Apollo 16;65355;NA;SCB1;DB405;glassy impact melt ;4.94
Apollo 16;65356;NA;SCB1;DB405;glassy impact melt ;2.53
Apollo 16;65357;NA;SCB1;DB405;poikilitic impact melt;18.76
Apollo 16;65358;NA;SCB1;DB405;poikilitic impact melt;7.02
Apollo 16;65359;NA;SCB1;DB405;fragmental polymict breccia;2.53
Apollo 16;65365;NA;SCB1;DB405;poikilitic impact melt;2.16
Apollo 16;65366;NA;SCB1;DB405;glass;8.48
Apollo 16;65515;NA;SRC2;DB332;fragmental polymict breccia (regolith clod);50.25
Apollo 16;65516;NA;SRC2;DB332;fragmental polymict breccia (regolith clod);10.49
Apollo 16;65517;NA;SRC2;DB332;fragmental polymict breccia (regolith clod);11.85
Apollo 16;65518;NA;SRC2;DB332;fragmental polymict breccia (regolith clod);9.477
Apollo 16;65519;NA;SRC2;DB332;fragmental polymict breccia (regolith clod);10.58
Apollo 16;65525;NA;SRC2;DB332;fragmental polymict breccia (regolith clod);7.483
Apollo 16;65526;NA;SRC2;DB332;fragmental polymict breccia (regolith clod);3.545
Apollo 16;65527;NA;SRC2;DB332;fragmental polymict breccia (regolith clod);2.89
Apollo 16;65528;NA;SRC2;DB332;fragmental polymict breccia (regolith clod);3.082
Apollo 16;65529;NA;SRC2;DB332;fragmental polymict breccia (regolith clod);2.555
Apollo 16;65535;NA;SRC2;DB332;fragmental polymict breccia (regolith clod);2.658
Apollo 16;65536;NA;SRC2;DB332;fragmental polymict breccia (regolith clod);1.575
Apollo 16;65537;NA;SRC2;DB332;fragmental polymict breccia (regolith clod);2.426
Apollo 16;65538;NA;SRC2;DB332;fragmental polymict breccia (regolith clod);2.342
Apollo 16;65539;NA;SRC2;DB332;fragmental polymict breccia (regolith clod);2.18
Apollo 16;65545;NA;SRC2;DB332;fragmental polymict breccia (regolith clod);1.797
Apollo 16;65546;NA;SRC2;DB332;fragmental polymict breccia (regolith clod);1.346
Apollo 16;65547;NA;SRC2;DB332;fragmental polymict breccia (regolith clod);1.587
Apollo 16;65548;NA;SRC2;DB332;fragmental polymict breccia (regolith clod);3.023
Apollo 16;65549;NA;SRC2;DB332;fragmental polymict breccia (regolith clod);2.094
Apollo 16;65555;NA;SRC2;DB332;fragmental polymict breccia (regolith clod);2.202
Apollo 16;65556;NA;SRC2;DB332;fragmental polymict breccia (regolith clod);1.17
Apollo 16;65557;NA;SRC2;DB332;fragmental polymict breccia (regolith clod);1.114
Apollo 16;65558;NA;SRC2;DB332;fragmental polymict breccia (regolith clod);1.695
Apollo 16;65559;NA;SRC2;DB332;fragmental polymict breccia (regolith clod);1.533
Apollo 16;65565;NA;SRC2;DB332;fragmental polymict breccia (regolith clod);0.852
Apollo 16;65566;NA;SRC2;DB332;fragmental polymict breccia (regolith clod);1.998
Apollo 16;65567;NA;SRC2;DB332;fragmental polymict breccia (regolith clod);1.289
Apollo 16;65568;NA;SRC2;DB332;fragmental polymict breccia (regolith clod);0.808
Apollo 16;65569;NA;SRC2;DB332;fragmental polymict breccia (regolith clod);0.873
Apollo 16;65575;NA;SRC2;DB332;fragmental polymict breccia (regolith clod);0.907
Apollo 16;65576;NA;SRC2;DB332;fragmental polymict breccia (regolith clod);0.906
Apollo 16;65577;NA;SRC2;DB332;fragmental polymict breccia (regolith clod);0.706
Apollo 16;65578;NA;SRC2;DB332;fragmental polymict breccia (regolith clod);0.32
Apollo 16;65579;NA;SRC2;DB332;fragmental polymict breccia (regolith clod);0.612
Apollo 16;65585;NA;SRC2;DB332;cindery glass;9.294
Apollo 16;65586;NA;SRC2;DB332;fragmental polymict breccia (regolith clod);6.763
Apollo 16;65587;NA;SRC2;DB332;fragmental polymict breccia;2.141
Apollo 16;65588;NA;SRC2;DB332;fragmental polymict breccia;9.626
Apollo 16;65715;NA;SCB1;DB334;fragmental polymict breccia;31.36
Apollo 16;65716;NA;SCB1;DB334;fragmental polymict breccia;14.28
Apollo 16;65717;NA;SCB1;DB334;fragmental polymict breccia;7.415
Apollo 16;65718;NA;SCB1;DB334;fragmental polymict breccia;10.61
Apollo 16;65719;NA;SCB1;DB334;fragmental polymict breccia;7.04
Apollo 16;65725;NA;SCB1;DB334;fragmental polymict breccia;6.67
Apollo 16;65726;NA;SCB1;DB334;fragmental polymict breccia;5.19
Apollo 16;65727;NA;SCB1;DB334;fragmental polymict breccia;4.3
Apollo 16;65728;NA;SCB1;DB334;fragmental polymict breccia;4.22
Apollo 16;65729;NA;SCB1;DB334;fragmental polymict breccia;3.81
Apollo 16;65735;NA;SCB1;DB334;fragmental polymict breccia;4.26
Apollo 16;65736;NA;SCB1;DB334;fragmental polymict breccia;2.74
Apollo 16;65737;NA;SCB1;DB334;fragmental polymict breccia;0.85
Apollo 16;65738;NA;SCB1;DB334;fragmental polymict breccia;1.17
Apollo 16;65739;NA;SCB1;DB334;fragmental polymict breccia;0.95
Apollo 16;65745;NA;SCB1;DB334;fragmental polymict breccia;7.76
Apollo 16;65746;NA;SCB1;DB334;fragmental polymict breccia;4.19
Apollo 16;65747;NA;SCB1;DB334;fragmental polymict breccia;0.82
Apollo 16;65748;NA;SCB1;DB334;fragmental polymict breccia;0.97
Apollo 16;65749;NA;SCB1;DB334;fragmental polymict breccia;0.95
Apollo 16;65755;NA;SCB1;DB334;glassy impact melt ;1.42
Apollo 16;65756;NA;SCB1;DB334;fragmental polymict breccia;0.77
Apollo 16;65757;NA;SCB1;DB334;glassy impact melt ;26.2
Apollo 16;65758;NA;SCB1;DB334;dilithologic breccia;5.95
Apollo 16;65759;NA;SCB1;DB334;cataclastic anorthosite ;3.11
Apollo 16;65765;NA;SCB1;DB334;dilithologic breccia;1.12
Apollo 16;65766;NA;SCB1;DB334;cataclastic anorthosite ;1.01
Apollo 16;65767;NA;SCB1;DB334;glass;17.51
Apollo 16;65768;NA;SCB1;DB334;fragmental polymict breccia;3.25
Apollo 16;65769;NA;SCB1;DB334;fragmental polymict breccia;2.74
Apollo 16;65775;NA;SCB1;DB334;fragmental polymict breccia;3.5
Apollo 16;65776;NA;SCB1;DB334;glassy impact melt ;2.33
Apollo 16;65777;NA;SCB1;DB334;poikilitic impact melt;16.53
Apollo 16;65778;NA;SCB1;DB334;poikilitic impact melt;12.22
Apollo 16;65779;NA;SCB1;DB334;basaltic impact melt ;12.71
Apollo 16;65785;NA;SCB1;DB334;basaltic impact melt ;5.16
Apollo 16;65786;NA;SCB1;DB334;glassy breccia;83.02
Apollo 16;65787;NA;SCB1;DB334;crystalline polymict breccia;8.28
Apollo 16;65788;NA;SCB1;DB334;glassy impact melt ;9.32
Apollo 16;65789;NA;SCB1;DB334;cataclastic anorthosite ;12.24
Apollo 16;65795;NA;SCB1;DB334;basaltic impact melt ;6.84
Apollo 16;65905;NA;SCB1;DB406;basaltic impact melt ;12.08
Apollo 16;65906;NA;SCB1;DB406;basaltic impact melt ;6.584
Apollo 16;65907;NA;SCB1;DB406;fragmental polymict breccia;4.658
Apollo 16;65908;NA;SCB1;DB406;glass;2.162
Apollo 16;65909;NA;SCB1;DB406;cataclastic anorthosite ;2.024
Apollo 16;65915;NA;SCB1;DB406;glassy impact melt ;2.06
Apollo 16;65916;NA;SCB1;DB406;cataclastic anorthosite ;0.994
Apollo 16;65925;NA;SCB1;DB335;fragmental polymict breccia;3.82
Apollo 16;65926;NA;SCB1;DB335;fragmental polymict breccia;3.03
Apollo 16;65927;NA;SCB1;DB335;fragmental polymict breccia;0.72
Apollo 16;66035;NA;SCB1;DB407;fragmental polymict breccia;211.4
Apollo 16;66036;NA;SCB1;DB407;fragmental polymict breccia;4.384
Apollo 16;66037;NA;SCB1;DB407;glassy breccia;3.718
Apollo 16;66055;NA;SCB1;DB408;polymict breccia;1306
Apollo 16;66075;NA;SRC2;DB409;fragmental polymict breccia;347.1
Apollo 16;66085;NA;SRC2;DB339;fragmental polymict breccia;3.66
Apollo 16;66086;NA;SRC2;DB339;fragmental polymict breccia;2.027
Apollo 16;66095;NA;SCB1;DB410;basaltic impact melt ;1185
Apollo 16;67015;NA;SCB7;NA;fragmental polymict breccia;1194
Apollo 16;67016;NA;BSLSS;NA;fragmental polymict breccia;4262
Apollo 16;67025;NA;BSLSS;NA;basaltic impact melt ;16.06
Apollo 16;67035;NA;SCB7;DB382;fragmental polymict breccia;245.2
Apollo 16;67055;NA;SCB7;DB383;fragmental polymict breccia;221.9
Apollo 16;67075;NA;SCB7;DB384;cataclastic anorthosite ;219.2
Apollo 16;67095;NA;SCB7;DB385;basaltic impact melt ;339.8
Apollo 16;67115;NA;SCB7;DB386;fragmental polymict breccia;240
Apollo 16;67215;NA;SCB6;PDB1;fragmental breccia;276.2
Apollo 16;67235;NA;SCB6;PDB2;poikilitic impact melt;937.2
Apollo 16;67415;NA;SCB6;DB387;cataclastic noritic anorthosite;174.9
Apollo 16;67435;NA;SCB6;DB415;crystalline polymict breccia;353.5
Apollo 16;67455;NA;SCB6;DB416;fragmental polymict breccia;942.2
Apollo 16;67475;NA;SCB6;DB418;glassy impact melt ;175.1
Apollo 16;67485;NA;SCB6;DB419;fine-grained impact melt;6.55
Apollo 16;67486;NA;SCB6;DB419;glass;5.8
Apollo 16;67487;NA;SCB6;DB419;fine-grained impact melt;2.65
Apollo 16;67488;NA;SCB6;DB419;fine-grained impact melt;2.25
Apollo 16;67489;NA;SCB6;DB419;basaltic impact melt ;2.06
Apollo 16;67495;NA;SCB6;DB419;fine-grained impact melt;1.34
Apollo 16;67515;NA;SCB6;DB420;fragmental polymict breccia;60.8
Apollo 16;67516;NA;SCB6;DB420;crystalline polymict breccia;14.38
Apollo 16;67517;NA;SCB6;DB420;fragmental polymict breccia;9.65
Apollo 16;67518;NA;SCB6;DB420;fragmental polymict breccia;3.74
Apollo 16;67519;NA;SCB6;DB420;fragmental polymict breccia;2.04
Apollo 16;67525;NA;SCB6;DB420;cataclastic anorthosite ;2.52
Apollo 16;67526;NA;SCB6;DB420;fragmental polymict breccia;2.44
Apollo 16;67527;NA;SCB6;DB420;fragmental polymict breccia;2.4
Apollo 16;67528;NA;SCB6;DB420;fragmental polymict breccia;1.24
Apollo 16;67529;NA;SCB6;DB420;cataclastic anorthosite ;1.13
Apollo 16;67535;NA;SCB6;DB420;fragmental breccia;0.99
Apollo 16;67536;NA;SCB6;DB420;fragmental breccia;1.2
Apollo 16;67537;NA;SCB6;DB420;cataclastic anorthosite ;1.29
Apollo 16;67538;NA;SCB6;DB420;fragmental polymict breccia;1.77
Apollo 16;67539;NA;SCB6;DB420;fragmental polymict breccia;2.12
Apollo 16;67545;NA;SCB6;DB420;fragmental polymict breccia;1.88
Apollo 16;67546;NA;SCB6;DB420;fragmental polymict breccia;1.5
Apollo 16;67547;NA;SCB6;DB420;fragmental polymict breccia;0.83
Apollo 16;67548;NA;SCB6;DB420;fragmental polymict breccia;1.36
Apollo 16;67549;NA;SCB6;DB420;fragmental polymict breccia;43.1
Apollo 16;67555;NA;SCB6;DB420;glassy breccia;3.54
Apollo 16;67556;NA;SCB6;DB420;basaltic impact melt ;82.1
Apollo 16;67557;NA;SCB6;DB420;regolith breccia;3.3
Apollo 16;67558;NA;SCB6;DB420;fragmental polymict breccia;2.56
Apollo 16;67559;NA;SCB6;DB420;basaltic impact melt ;32.9
Apollo 16;67565;NA;SCB6;DB420;poikilitic impact melt;10.43
Apollo 16;67566;NA;SCB6;DB420;granoblastic impactite;4.31
Apollo 16;67567;NA;SCB6;DB420;glass;11.51
Apollo 16;67568;NA;SCB6;DB420;glass;11.05
Apollo 16;67569;NA;SCB6;DB420;glass;7.27
Apollo 16;67575;NA;SCB6;DB420;glassy breccia;4.47
Apollo 16;67576;NA;SCB6;DB420;glassy breccia;3.98
Apollo 16;67605;NA;SCB6;DB422;fragmental polymict breccia;44.52
Apollo 16;67615;NA;SCB6;DB421;fine-grained impact melt;8.77
Apollo 16;67616;NA;SCB6;DB421;fine-grained impact melt;21.29
Apollo 16;67617;NA;SCB6;DB421;fine-grained impact melt;14.32
Apollo 16;67618;NA;SCB6;DB421;crystalline breccia;11.17
Apollo 16;67619;NA;SCB6;DB421;fine-grained impact melt;6.15
Apollo 16;67625;NA;SCB6;DB421;fine-grained impact melt;6.72
Apollo 16;67626;NA;SCB6;DB421;crystalline polymict breccia;19.19
Apollo 16;67627;NA;SCB6;DB421;glass;79.64
Apollo 16;67629;NA;SCB6;DB421;glass;5.43
Apollo 16;67635;NA;SCB6;DB421;pristine cataclastic anorthosite;9.12
Apollo 16;67636;NA;SCB6;DB421;pristine cataclastic anorthosite;3.23
Apollo 16;67637;NA;SCB6;DB421;pristine cataclastic anorthosite;2.34
Apollo 16;67638;NA;SCB6;DB421;fragmental polymict breccia;7.23
Apollo 16;67639;NA;SCB6;DB421;crystalline polymict breccia;7.34
Apollo 16;67645;NA;SCB6;DB421;fragmental polymict breccia;0.84
Apollo 16;67646;NA;SCB6;DB421;fragmental polymict breccia;3.94
Apollo 16;67647;NA;SCB6;DB421;regolith breccia;47.72
Apollo 16;67648;NA;SCB6;DB421;crystalline polymict breccia;7.88
Apollo 16;67649;NA;SCB6;DB421;fragmental polymict breccia;1.6
Apollo 16;67655;NA;SCB6;DB421;crystalline polymict breccia;4.11
Apollo 16;67656;NA;SCB6;DB421;fragmental polymict breccia;1.93
Apollo 16;67657;NA;SCB6;DB421;fragmental polymict breccia;1.7
Apollo 16;67658;NA;SCB6;DB421;fragmental polymict breccia;1.35
Apollo 16;67659;NA;SCB6;DB421;crystalline polymict breccia;1.62
Apollo 16;67665;NA;SCB6;DB421;fragmental polymict breccia;5.88
Apollo 16;67666;NA;SCB6;DB421;glassy breccia;5.47
Apollo 16;67667;NA;SCB6;DB421;pristine feldspathic lherzolite;7.89
Apollo 16;67668;NA;SCB6;DB421;poikilitic impact melt;3.58
Apollo 16;67669;NA;SCB6;DB421;fragmental polymict breccia;12.54
Apollo 16;67675;NA;SCB6;DB421;glass;1.07
Apollo 16;67676;NA;SCB6;DB421;variolitic impact melt;2.33
Apollo 16;67685;NA;SCB6;DB421;cindery glass;28.04
Apollo 16;67686;NA;SCB6;DB421;cindery glass;11.75
Apollo 16;67687;NA;SCB6;DB421;cindery glass;7.6
Apollo 16;67688;NA;SCB6;DB421;cindery glass;2.32
Apollo 16;67695;NA;SCB6;DB421;glass;14.02
Apollo 16;67696;NA;SCB6;DB421;glass;7.85
Apollo 16;67697;NA;SCB6;DB421;glassy breccia;5.54
Apollo 16;67705;NA;SCB4;DB388;glass;5.82
Apollo 16;67706;NA;SCB4;DB388;fragmental polymict breccia;1.52
Apollo 16;67707;NA;SCB4;DB388;fragmental polymict breccia;1.42
Apollo 16;67708;NA;SCB4;DB388;fragmental polymict breccia;1.33
Apollo 16;67715;NA;SCB4;DB423;fine-grained impact melt;9.44
Apollo 16;67716;NA;SCB4;DB423;fine-grained impact melt;17.02
Apollo 16;67717;NA;SCB4;DB423;glassy breccia;5.56
Apollo 16;67718;NA;SCB4;DB423;fine-grained impact melt;41.05
Apollo 16;67719;NA;SCB4;DB423;fine-grained impact melt;2.13
Apollo 16;67725;NA;SCB4;DB423;crystalline polymict breccia;5.85
Apollo 16;67726;NA;SCB4;DB423;crystalline polymict breccia;4.53
Apollo 16;67727;NA;SCB4;DB423;fine-grained impact melt;1.8
Apollo 16;67728;NA;SCB4;DB423;fine-grained impact melt;9.25
Apollo 16;67729;NA;SCB4;DB423;glassy breccia;73.2
Apollo 16;67735;NA;SCB4;DB423;glassy impact melt ;13.3
Apollo 16;67736;NA;SCB4;DB423;crystalline impact melt;14.92
Apollo 16;67737;NA;SCB4;DB423;fine-grained impact melt;4.56
Apollo 16;67738;NA;SCB4;DB423;fine-grained impact melt;5.84
Apollo 16;67739;NA;SCB4;DB423;fine-grained impact melt;2.03
Apollo 16;67745;NA;SCB4;DB423;fine-grained impact melt;3.53
Apollo 16;67746;NA;SCB4;DB423;poikiloblastic impactite;3.47
Apollo 16;67747;NA;SCB4;DB423;basaltic impact melt ;6.3
Apollo 16;67748;NA;SCB4;DB423;fine-grained impact melt;4.74
Apollo 16;67749;NA;SCB4;DB423;fragmental polymict breccia;11.47
Apollo 16;67755;NA;SCB4;DB423;fine-grained impact melt;3.53
Apollo 16;67756;NA;SCB4;DB423;crystalline polymict breccia;4.82
Apollo 16;67757;NA;SCB4;DB423;basaltic impact melt ;4.83
Apollo 16;67758;NA;SCB4;DB423;crystalline polymict breccia;4.06
Apollo 16;67759;NA;SCB4;DB423;fragmental polymict breccia;4.56
Apollo 16;67765;NA;SCB4;DB423;fine-grained impact melt;1.73
Apollo 16;67766;NA;SCB4;DB423;crystalline polymict breccia;5.47
Apollo 16;67767;NA;SCB4;DB423;fragmental polymict breccia;1.67
Apollo 16;67768;NA;SCB4;DB423;fragmental polymict breccia;0.99
Apollo 16;67769;NA;SCB4;DB423;poikilitic impact melt;3.05
Apollo 16;67775;NA;SCB4;DB423;fine-grained impact melt;6.58
Apollo 16;67776;NA;SCB4;DB423;fragmental polymict breccia;3.1
Apollo 16;67915;NA;SCB4;NA;crystalline polymict breccia;2559
Apollo 16;67935;NA;SCB4;DB389;basaltic impact melt ;108.9
Apollo 16;67936;NA;SCB4;DB389;basaltic impact melt ;61.82
Apollo 16;67937;NA;SCB4;DB389;basaltic impact melt ;59.67
Apollo 16;67945;NA;SCB4;DB390;basaltic impact melt ;4.37
Apollo 16;67946;NA;SCB4;DB390;variolitic impact melt;3.2
Apollo 16;67947;NA;SCB4;DB390;basaltic impact melt ;2.43
Apollo 16;67948;NA;SCB4;DB390;basaltic impact melt ;1.59
Apollo 16;67955;NA;SCB4;DB390;poikiloblastic impactite;162.6
Apollo 16;67956;NA;SCB4;DB390;basaltic impact melt ;3.7
Apollo 16;67957;NA;SCB4;DB390;glassy breccia;1.73
Apollo 16;67975;NA;SCB4;DB392;fragmental polymict breccia;446.6
Apollo 16;68001;2036;NA;Drive tube ;drive tube ;840.7
Apollo 16;68002;2029;NA;Drive tube ;drive tube ;583.5
Apollo 16;68035;NA;SCB3;DB413;crystalline polymict breccia;20.96
Apollo 16;68115;NA;SRC2;DB340;glassy breccia;1191
Apollo 16;68415;NA;SRC2;DB341-2;basaltic impact melt ;371.2
Apollo 16;68416;NA;SRC2;DB341;basaltic impact melt ;178.4
Apollo 16;68505;NA;SCB3;DB412;poikilitic impact melt;1.3
Apollo 16;68515;NA;SCB3;DB411;dilithologic breccia;236.1
Apollo 16;68516;NA;SCB3;DB411;fine-grained impact melt;34.04
Apollo 16;68517;NA;SCB3;DB411;crystalline fragmental polymict breccia;13.13
Apollo 16;68518;NA;SCB3;DB411;glass;29.82
Apollo 16;68519;NA;SCB3;DB411;basaltic impact melt ;10.56
Apollo 16;68525;NA;SCB3;DB411;poikilitic impact melt;38.96
Apollo 16;68526;NA;SCB3;DB411;poikilitic impact melt;7.21
Apollo 16;68527;NA;SCB3;DB411;crystalline polymict breccia;3.03
Apollo 16;68528;NA;SCB3;DB411;crystalline polymict breccia;1.08
Apollo 16;68529;NA;SCB3;DB411;glass;7.03
Apollo 16;68535;NA;SCB3;DB411;glassy breccia;8.04
Apollo 16;68536;NA;SCB3;DB411;basaltic impact melt ;1.85
Apollo 16;68537;NA;SCB3;DB411;fine-grained impact melt;1.41
Apollo 16;68815;NA;SRC2;DB343;glassy breccia;1826
Apollo 16;68825;NA;SCB1;DB375;glassy impact melt ;8.658
Apollo 16;68845;NA;SCB1;DB344;fine-grained impact melt;4.556
Apollo 16;68846;NA;SCB1;DB344;fine-grained impact melt;2.284
Apollo 16;68847;NA;SCB1;DB344;fine-grained impact melt;2.854
Apollo 16;68848;NA;SCB1;DB344;basaltic impact melt ;1.77
Apollo 16;69001;2034;NA;Drive tube ;NA;558.4
Apollo 16;69935;NA;SCB3;DB378;glassy breccia;127.6
Apollo 16;69945;NA;SCB3;DB377;poikilitic impact melt;6.88
Apollo 16;69955;NA;SCB3;DB380;cataclastic anorthosite ;75.94
Apollo 16;69965;NA;SCB3;DB379;fragmental polymict breccia;1.12
Apollo 17;70001;179;DSB;Drill core bit;NA;29.78
Apollo 17;70002;70;DSB;Drill core stem ;NA;207.8
Apollo 17;70003;62;DSB;Drill core stem ;NA;237.8
Apollo 17;70004;66;DSB;Drill core stem ;NA;238.8
Apollo 17;70005;69;DSB;Drill core stem ;NA;240.7
Apollo 17;70006;65;DSB;Drill core stem ;NA;234.2
Apollo 17;70007;63;DSB;Drill core stem ;NA;179.4
Apollo 17;70008;67;DSB;Drill core stem ;NA;261
Apollo 17;70009;61;DSB;Drill core stem top;NA;143.3
Apollo 17;70010;NA;DSB;NA;Fines outside stem ;3.92
Apollo 17;70011;NA;SCB5;SESC;NA;440.7
Apollo 17;70012;2052;BSLSS;Drive tube ;NA;434.8
Apollo 17;70017;NA;BSLSS;NA;coarse basalt;2957
Apollo 17;70018;NA;SRC1;SCB1;dark matrix breccia;51.58
Apollo 17;70019;NA;SRC2;DB469;agglutinate;159.9
Apollo 17;70030;NA;SCB2;NA;SCB residue ;33.92
Apollo 17;70035;NA;SCB2;NA;coarse basalt;5765
Apollo 17;70040;NA;NA;suit pockets;fragments;2.494
Apollo 17;70050;NA;BSLSS;NA;BSLSS residue unsieved;573.4
Apollo 17;70051;NA;BSLSS;NA;BSLSS residue <1mm;1438
Apollo 17;70052;NA;BSLSS;NA;BSLSS residue 1-2mm;67.76
Apollo 17;70053;NA;BSLSS;NA;BSLSS residue 2-4mm;86.93
Apollo 17;70054;NA;BSLSS;NA;BSLSS residue 4-10mm;94.41
Apollo 17;70060;NA;SCB7;DB15E;dust and sweepings;0.24
Apollo 17;70061;NA;SCB7;DB15E;<1mm fines;60.8
Apollo 17;70062;NA;SCB7;DB15E;1-2mm fines;2.12
Apollo 17;70063;NA;SCB7;DB15E;2-4mm fines;1.24
Apollo 17;70064;NA;SCB7;DB15E;4-10mm fines;0.86
Apollo 17;70070;NA;BSLSS;DB108;dust and sweepings;0.11
Apollo 17;70075;NA;BSLSS;DB108;fine basalt;5.64
Apollo 17;70130;NA;SCB2;DB10E;DB residue ;12.18
Apollo 17;70135;NA;SCB2;DB10E;coarse basalt;446.3
Apollo 17;70136;NA;SCB2;DB10E;coarse basalt;10.65
Apollo 17;70137;NA;SCB2;DB10E;coarse basalt;6.16
Apollo 17;70138;NA;SCB2;DB10E;coarse basalt;3.66
Apollo 17;70139;NA;SCB2;DB10E;coarse basalt;3.16
Apollo 17;70145;NA;SCB2;DB10E;coarse basalt;3.07
Apollo 17;70146;NA;SCB2;DB10E;coarse basalt;1.71
Apollo 17;70147;NA;SCB2;DB10E;coarse basalt;1.35
Apollo 17;70148;NA;SCB2;DB10E;coarse basalt;0.92
Apollo 17;70149;NA;SCB2;DB10E;coarse basalt;0.95
Apollo 17;70155;NA;SCB2;DB10E;coarse basalt;0.77
Apollo 17;70156;NA;SCB2;DB10E;coarse basalt;0.63
Apollo 17;70157;NA;SCB2;DB10E;coarse basalt;0.57
Apollo 17;70160;NA;SCB1;DB474;unsieved fines ;106.1
Apollo 17;70161;NA;SCB1;DB474;<1mm fines;197.7
Apollo 17;70162;NA;SCB1;DB474;1-2mm fines;5.14
Apollo 17;70163;NA;SCB1;DB474;2-4mm fines;3.43
Apollo 17;70164;NA;SCB1;DB474;4-10mm fines;1.66
Apollo 17;70165;NA;SCB1;DB474;coarse basalt;2.143
Apollo 17;70170;NA;SCB5;DB55Y;DB residue ;42.31
Apollo 17;70175;NA;SCB5;DB55Y;dark matrix breccia;339.6
Apollo 17;70180;NA;SCB1;DB475;unsieved fines ;93.25
Apollo 17;70181;NA;SCB1;DB475;<1mm fines;157.1
Apollo 17;70182;NA;SCB1;DB475;1-2mm fines;4.63
Apollo 17;70183;NA;SCB1;DB475;2-4mm fines;3.12
Apollo 17;70184;NA;SCB1;DB475;4-10mm fines;1.68
Apollo 17;70185;NA;SCB1;DB475;coarse basalt;466.6
Apollo 17;70215;NA;BSLSS;NA;fine basalt;8110
Apollo 17;70250;NA;SCB8;DB22E;DB residue ;62.04
Apollo 17;70255;NA;SCB8;DB22E;fine basalt;277.2
Apollo 17;70270;NA;SCB8;DB23E;unsieved fines ;70.46
Apollo 17;70271;NA;SCB8;DB23E;<1mm fines;116.1
Apollo 17;70272;NA;SCB8;DB23E;1-2mm fines;2.97
Apollo 17;70273;NA;SCB8;DB23E;2-4mm fines;1.46
Apollo 17;70274;NA;SCB8;DB23E;4-10mm fines;2.33
Apollo 17;70275;NA;SCB8;DB23E;medium basalt;171.4
Apollo 17;70290;NA;SCB7;DB45Y;DB residue ;56.36
Apollo 17;70295;NA;SCB7;DB45Y;dark matrix breccia;361.2
Apollo 17;70310;NA;SCB5;DB54Y;DB residue ;6.82
Apollo 17;70311;NA;SCB5;DB54Y;<1mm fines;106.5
Apollo 17;70312;NA;SCB5;DB54Y;1-2mm fines;4.2
Apollo 17;70313;NA;SCB5;DB54Y;2-4mm fines;3.21
Apollo 17;70314;NA;SCB5;DB54Y;4-10mm fines;5.25
Apollo 17;70315;NA;SCB5;DB54Y;coarse basalt;148.6
Apollo 17;70320;NA;SCB5;DB53Y;unsieved fines ;78.24
Apollo 17;70321;NA;SCB5;DB53Y;<1mm fines;141.6
Apollo 17;70322;NA;SCB5;DB53Y;1-2mm fines;5.42
Apollo 17;70323;NA;SCB5;DB53Y;2-4mm fines;4.1
Apollo 17;70324;NA;SCB5;DB53Y;4-10mm fines;4
Apollo 17;71010;NA;SRC1;NA;residues in SRC1 and SCB1;32.84
Apollo 17;71030;NA;SCB1;DB476;DB residue ;36.28
Apollo 17;71035;NA;SCB1;DB476;medium basalt;144.8
Apollo 17;71036;NA;SCB1;DB476;medium basalt;118.4
Apollo 17;71037;NA;SCB1;DB476;medium basalt;14.39
Apollo 17;71040;NA;SCB1;DB455;unsieved fines ;94.89
Apollo 17;71041;NA;SCB1;DB455;<1mm fines;137.8
Apollo 17;71042;NA;SCB1;DB455;1-2mm fines;7.21
Apollo 17;71043;NA;SCB1;DB455;2-4mm fines;6.19
Apollo 17;71044;NA;SCB1;DB455;4-10mm fines;12.84
Apollo 17;71045;NA;SCB1;DB455;medium basalt;11.92
Apollo 17;71046;NA;SCB1;DB455;medium basalt;3.037
Apollo 17;71047;NA;SCB1;DB455;coarse basalt;2.78
Apollo 17;71048;NA;SCB1;DB455;fine basalt;2.457
Apollo 17;71049;NA;SCB1;DB455;fine basalt;1.86
Apollo 17;71050;NA;SCB1;DB454;DB residue ;4
Apollo 17;71055;NA;SCB1;DB454;medium basalt;669.6
Apollo 17;71060;NA;SCB1;DB456;unsieved fines ;199.4
Apollo 17;71061;NA;SCB1;DB456;<1mm fines;229.2
Apollo 17;71062;NA;SCB1;DB456;1-2mm fines;20.74
Apollo 17;71063;NA;SCB1;DB456;2-4mm fines;22.79
Apollo 17;71064;NA;SCB1;DB456;4-10mm fines;34.35
Apollo 17;71065;NA;SCB1;DB456;fine basalt;28.83
Apollo 17;71066;NA;SCB1;DB456;fine basalt;19.96
Apollo 17;71067;NA;SCB1;DB456;medium basalt;4.245
Apollo 17;71068;NA;SCB1;DB456;medium basalt;4.208
Apollo 17;71069;NA;SCB1;DB456;fine basalt;4.058
Apollo 17;71075;NA;SCB1;DB455;medium basalt;1.563
Apollo 17;71085;NA;SCB1;DB456;medium basalt;3.402
Apollo 17;71086;NA;SCB1;DB456;fine basalt;3.329
Apollo 17;71087;NA;SCB1;DB456;fine basalt;2.2
Apollo 17;71088;NA;SCB1;DB456;fine basalt;2.064
Apollo 17;71089;NA;SCB1;DB456;medium basalt;1.733
Apollo 17;71095;NA;SCB1;DB456;medium basalt;1.483
Apollo 17;71096;NA;SCB1;DB456;medium basalt;1.368
Apollo 17;71097;NA;SCB1;DB456;medium basalt;1.355
Apollo 17;71130;NA;SCB1;DB477;unsieved fines ;49.51
Apollo 17;71131;NA;SCB1;DB477;<1mm fines;86.4
Apollo 17;71132;NA;SCB1;DB477;1-2mm fines;3.99
Apollo 17;71133;NA;SCB1;DB477;2-4mm fines;3.22
Apollo 17;71134;NA;SCB1;DB477;4-10mm fines;0.91
Apollo 17;71135;NA;SCB1;DB477;fine basalt;36.85
Apollo 17;71136;NA;SCB1;DB477;fine basalt;25.39
Apollo 17;71150;NA;SCB1;DB478;DB residue ;1.565
Apollo 17;71151;NA;SCB1;DB478;<1mm fines;57.6
Apollo 17;71152;NA;SCB1;DB478;1-2mm fines;2.6
Apollo 17;71153;NA;SCB1;DB478;2-4mm fines;2.36
Apollo 17;71154;NA;SCB1;DB478;4-10mm fines;1.37
Apollo 17;71155;NA;SCB1;DB478;fine basalt;26.15
Apollo 17;71156;NA;SCB1;DB478;fine basalt;5.42
Apollo 17;71157;NA;SCB1;DB478;fine basalt;1.466
Apollo 17;71170;NA;SCB1;DB479;DB residue ;16.38
Apollo 17;71175;NA;SCB1;DB479;medium basalt;207.8
Apollo 17;71500;NA;SCB1;DB459;unsieved fines ;359.5
Apollo 17;71501;NA;SCB1;DB459;<1mm fines;600.9
Apollo 17;71502;NA;SCB1;DB459;1-2mm fines;22.68
Apollo 17;71503;NA;SCB1;DB459;2-4mm fines;17.58
Apollo 17;71504;NA;SCB1;DB459;4-10mm fines;13.13
Apollo 17;71505;NA;SCB1;DB459;fine basalt;29.45
Apollo 17;71506;NA;SCB1;DB459;fine basalt;12.11
Apollo 17;71507;NA;SCB1;DB459;medium basalt;3.962
Apollo 17;71508;NA;SCB1;DB459;coarse basalt;3.423
Apollo 17;71509;NA;SCB1;DB459;coarse basalt;1.69
Apollo 17;71515;NA;SCB1;DB459;agglutinate;1.635
Apollo 17;71520;NA;SCB1;DB457;DB residue ;48.16
Apollo 17;71525;NA;SCB1;DB457;fine basalt;3.9
Apollo 17;71526;NA;SCB1;DB457;fine basalt;12.91
Apollo 17;71527;NA;SCB1;DB457;fine basalt;2.186
Apollo 17;71528;NA;SCB1;DB457;fine basalt;11.25
Apollo 17;71529;NA;SCB1;DB457;medium basalt;6.025
Apollo 17;71535;NA;SCB1;DB457;coarse basalt;17.71
Apollo 17;71536;NA;SCB1;DB457;coarse basalt;5.322
Apollo 17;71537;NA;SCB1;DB457;fine basalt;12.25
Apollo 17;71538;NA;SCB1;DB457;fine basalt;8.038
Apollo 17;71539;NA;SCB1;DB457;fine basalt;10.9
Apollo 17;71545;NA;SCB1;DB457;fine basalt;17.26
Apollo 17;71546;NA;SCB1;DB457;fine basalt;150.7
Apollo 17;71547;NA;SCB1;DB457;medium basalt;12.54
Apollo 17;71548;NA;SCB1;DB457;medium basalt;25.46
Apollo 17;71549;NA;SCB1;DB457;medium basalt;7.903
Apollo 17;71555;NA;SCB1;DB457;medium basalt;4.547
Apollo 17;71556;NA;SCB1;DB457;coarse basalt;29.14
Apollo 17;71557;NA;SCB1;DB457;coarse basalt;40.35
Apollo 17;71558;NA;SCB1;DB457;coarse basalt;15.81
Apollo 17;71559;NA;SCB1;DB457;coarse basalt;82.16
Apollo 17;71565;NA;SCB1;DB457;coarse basalt;24.09
Apollo 17;71566;NA;SCB1;DB457;coarse basalt;415.4
Apollo 17;71567;NA;SCB1;DB457;coarse basalt;146
Apollo 17;71568;NA;SCB1;DB457;coarse basalt;10.02
Apollo 17;71569;NA;SCB1;DB457;fine basalt;289.6
Apollo 17;71575;NA;SCB1;DB457;fine basalt;2.113
Apollo 17;71576;NA;SCB1;DB457;fine basalt;23.54
Apollo 17;71577;NA;SCB1;DB457;fine basalt;234.7
Apollo 17;71578;NA;SCB1;DB457;medium basalt;353.9
Apollo 17;71579;NA;SCB1;DB457;medium basalt;7.937
Apollo 17;71585;NA;SCB1;DB457;medium basalt;13.86
Apollo 17;71586;NA;SCB1;DB457;medium basalt;26.92
Apollo 17;71587;NA;SCB1;DB457;medium basalt;41.27
Apollo 17;71588;NA;SCB1;DB457;medium basalt;48.98
Apollo 17;71589;NA;SCB1;DB457;medium basalt;6.86
Apollo 17;71595;NA;SCB1;DB457;medium basalt;25.21
Apollo 17;71596;NA;SCB1;DB457;medium basalt;61.05
Apollo 17;71597;NA;SCB1;DB457;coarse basalt;12.35
Apollo 17;72010;NA;SCB8;NA;SCB residue ;76.92
Apollo 17;72130;NA;SCB8;DB26E;unsieved fines ;79.91
Apollo 17;72131;NA;SCB8;DB26E;<1mm fines;107.9
Apollo 17;72132;NA;SCB8;DB26E;1-2mm fines;8.53
Apollo 17;72133;NA;SCB8;DB26E;2-4mm fines;10.95
Apollo 17;72134;NA;SCB8;DB26E;4-10mm fines;13.18
Apollo 17;72135;NA;SCB8;DB26E;dark breccia of basalt fragments ;336.9
Apollo 17;72140;NA;SCB6;DB27E;unsieved fines ;115
Apollo 17;72141;NA;SCB6;DB27E;<1mm fines;225.9
Apollo 17;72142;NA;SCB6;DB27E;1-2mm fines;5.32
Apollo 17;72143;NA;SCB6;DB27E;2-4mm fines;1.88
Apollo 17;72144;NA;SCB6;DB27E;4-10mm fines;2.73
Apollo 17;72145;NA;SCB6;DB27E;dark matrix breccia;1.25
Apollo 17;72150;NA;SCB6;DB28E;DB residue ;53.29
Apollo 17;72155;NA;SCB6;DB28E;medium basalt;238.5
Apollo 17;72160;NA;SCB8;DB29E;unsieved fines ;80
Apollo 17;72161;NA;SCB8;DB29E;<1mm fines;162.5
Apollo 17;72162;NA;SCB8;DB29E;1-2mm fines;4.018
Apollo 17;72163;NA;SCB8;DB29E;2-4mm fines;2.538
Apollo 17;72164;NA;SCB8;DB29E;4-10mm fines;0.946
Apollo 17;72210;NA;SCB6;DB514;DB residue ;1.83
Apollo 17;72215;NA;SCB6;DB514;layered breccia;379.2
Apollo 17;72220;NA;SCB8;DB496;unsieved fines ;136.2
Apollo 17;72221;NA;SCB8;DB496;<1mm fines;225.8
Apollo 17;72222;NA;SCB8;DB496;1-2mm fines;11.13
Apollo 17;72223;NA;SCB8;DB496;2-4mm fines;7.92
Apollo 17;72224;NA;SCB8;DB496;4-10mm fines;7.51
Apollo 17;72230;NA;SCB6;DB515;DB residue ;1.66
Apollo 17;72235;NA;SCB6;DB515;layered breccia;61.91
Apollo 17;72240;NA;SCB8;DB497;unsieved fines ;113.3
Apollo 17;72241;NA;SCB8;DB497;<1mm fines;186
Apollo 17;72242;NA;SCB8;DB497;1-2mm fines;11.2
Apollo 17;72243;NA;SCB8;DB497;2-4mm fines;7.93
Apollo 17;72244;NA;SCB8;DB497;4-10mm fines;3.99
Apollo 17;72250;NA;SCB8;DB494;DB residue ;7.74
Apollo 17;72255;NA;SCB8;DB494;layered breccia;461.2
Apollo 17;72260;NA;SCB8;DB498;unsieved fines ;100.6
Apollo 17;72261;NA;SCB8;DB498;<1mm fines;161.9
Apollo 17;72262;NA;SCB8;DB498;1-2mm fines;7.7
Apollo 17;72263;NA;SCB8;DB498;2-4mm fines;4.4
Apollo 17;72264;NA;SCB8;DB498;4-10mm fines;4.4
Apollo 17;72270;NA;SCB8;DB495;DB residue ;26.11
Apollo 17;72275;NA;SCB8;DB495;layered breccia;3640
Apollo 17;72310;NA;SCB6;DB516;DB residue ;1.09
Apollo 17;72315;NA;SCB6;DB516;vesicular poikilitic clast;131.4
Apollo 17;72320;NA;SCB8;DB500;unsieved fines ;26.17
Apollo 17;72321;NA;SCB8;DB500;<1mm fines;77.3
Apollo 17;72322;NA;SCB8;DB500;1-2mm fines;1.38
Apollo 17;72323;NA;SCB8;DB500;2-4mm fines;0.5
Apollo 17;72324;NA;SCB8;DB500;4-10mm fines;0.96
Apollo 17;72330;NA;SCB6;DB517;DB residue ;0.36
Apollo 17;72335;NA;SCB6;DB517;vesicular poikilitic clast;108.9
Apollo 17;72350;NA;SRC2;DB518;dust and sweepings;1.7
Apollo 17;72355;NA;SRC2;DB518;green gray breccia;367.4
Apollo 17;72370;NA;SRC2;DB519;dust and sweepings;0.02
Apollo 17;72375;NA;SRC2;DB519;green gray breccia;18.16
Apollo 17;72390;NA;SCB8;DB499;DB residue ;20.63
Apollo 17;72395;NA;SCB8;DB499;green gray breccia;536.4
Apollo 17;72410;NA;SCB8;DB503;DB residue ;52
Apollo 17;72415;NA;SCB8;DB503;brecciated dunite clast ;32.34
Apollo 17;72416;NA;SCB8;DB503;brecciated dunite clast ;11.53
Apollo 17;72417;NA;SCB8;DB503;brecciated dunite clast ;11.32
Apollo 17;72418;NA;SCB8;DB503;brecciated dunite clast ;3.55
Apollo 17;72430;NA;SCB8;DB504;dust and sweepings;1.45
Apollo 17;72431;NA;SCB8;DB504;<1mm fines;72
Apollo 17;72432;NA;SCB8;DB504;1-2mm fines;3.62
Apollo 17;72433;NA;SCB8;DB504;2-4mm fines;2.33
Apollo 17;72434;NA;SCB8;DB504;4-10mm fines;1.47
Apollo 17;72435;NA;SCB8;DB504;blue gray breccia;160.6
Apollo 17;72440;NA;SCB8;DB505;unsieved fines ;161.6
Apollo 17;72441;NA;SCB8;DB505;<1mm fines;267.3
Apollo 17;72442;NA;SCB8;DB505;1-2mm fines;10.6
Apollo 17;72443;NA;SCB8;DB505;2-4mm fines;7.98
Apollo 17;72444;NA;SCB8;DB505;4-10mm fines;2.91
Apollo 17;72460;NA;SCB8;DB506;dust and sweepings;0.51
Apollo 17;72461;NA;SCB8;DB506;<1mm fines;113.7
Apollo 17;72462;NA;SCB8;DB506;1-2mm fines;5.14
Apollo 17;72463;NA;SCB8;DB506;2-4mm fines;3.9
Apollo 17;72464;NA;SCB8;DB506;4-10mm fines;1.76
Apollo 17;72500;NA;SCB8;DB502;unsieved fines ;325.5
Apollo 17;72501;NA;SCB8;DB502;<1mm fines;687.2
Apollo 17;72502;NA;SCB8;DB502;1-2mm fines;24.13
Apollo 17;72503;NA;SCB8;DB502;2-4mm fines;12.94
Apollo 17;72504;NA;SCB8;DB502;4-10mm fines;7.96
Apollo 17;72505;NA;SCB8;DB502;green gray breccia;3.09
Apollo 17;72530;NA;SCB8;DB501;DB residue ;18.14
Apollo 17;72535;NA;SCB8;DB501;blue gray breccia;221.4
Apollo 17;72536;NA;SCB8;DB501;blue gray breccia;52.3
Apollo 17;72537;NA;SCB8;DB501;blue gray breccia;5.192
Apollo 17;72538;NA;SCB8;DB501;blue gray breccia;11.09
Apollo 17;72539;NA;SCB8;DB501;blue gray breccia;11.22
Apollo 17;72545;NA;SCB8;DB501;blue gray breccia;4.055
Apollo 17;72546;NA;SCB8;DB501;blue gray breccia;4.856
Apollo 17;72547;NA;SCB8;DB501;blue gray breccia;5.045
Apollo 17;72548;NA;SCB8;DB501;blue gray breccia;29.29
Apollo 17;72549;NA;SCB8;DB501;green gray breccia;21
Apollo 17;72555;NA;SCB8;DB501;green gray breccia;10.48
Apollo 17;72556;NA;SCB8;DB501;green gray breccia;3.861
Apollo 17;72557;NA;SCB8;DB501;green gray breccia;4.559
Apollo 17;72558;NA;SCB8;DB501;green gray breccia;5.713
Apollo 17;72559;NA;SCB8;DB501;feldspathic breccia;27.84
Apollo 17;72700;NA;SCB8;DB508;unsieved fines ;295.2
Apollo 17;72701;NA;SCB8;DB508;<1mm fines;557.3
Apollo 17;72702;NA;SCB8;DB508;1-2mm fines;17.7
Apollo 17;72703;NA;SCB8;DB508;2-4mm fines;8.05
Apollo 17;72704;NA;SCB8;DB508;4-10mm fines;4.76
Apollo 17;72705;NA;SCB8;DB508;anorthosite breccia;2.39
Apollo 17;72730;NA;SCB8;DB507;DB residue ;1.98
Apollo 17;72735;NA;SCB8;DB507;green gray breccia;51.11
Apollo 17;72736;NA;SCB8;DB507;tan breccia;28.73
Apollo 17;72737;NA;SCB8;DB507;tan breccia;3.33
Apollo 17;72738;NA;SCB8;DB507;blue gray breccia;23.75
Apollo 17;73001;2046;SRC2;Drive tube lower;drive tube;809
Apollo 17;73002;2031;SRC2;Drive tube upper;drive tube ;429.7
Apollo 17;73010;NA;SCB6;NA;SCB residue ;34.56
Apollo 17;73120;NA;SCB6;DB30E;unsieved fines ;100.2
Apollo 17;73121;NA;SCB6;DB30E;<1mm fines;179.7
Apollo 17;73122;NA;SCB6;DB30E;1-2mm fines;5.25
Apollo 17;73123;NA;SCB6;DB30E;2-4mm fines;2.03
Apollo 17;73124;NA;SCB6;DB30E;4-10mm fines;0.5
Apollo 17;73130;NA;SCB8;DB31E;unsieved fines ;77.2
Apollo 17;73131;NA;SCB8;DB31E;<1mm fines;132.3
Apollo 17;73132;NA;SCB8;DB31E;1-2mm fines;10.38
Apollo 17;73133;NA;SCB8;DB31E;2-4mm fines;8.58
Apollo 17;73134;NA;SCB8;DB31E;4-10mm fines;9.61
Apollo 17;73140;NA;SCB6;DB40Y;unsieved fines ;121.6
Apollo 17;73141;NA;SCB6;DB40Y;<1mm fines;191.4
Apollo 17;73142;NA;SCB6;DB40Y;1-2mm fines;11.69
Apollo 17;73143;NA;SCB6;DB40Y;2-4mm fines;7.84
Apollo 17;73144;NA;SCB6;DB40Y;4-10mm fines;4.47
Apollo 17;73145;NA;SCB6;DB40Y;dark matrix breccia;5.6
Apollo 17;73146;NA;SCB6;DB40Y;brecciated anorthosite ;3.01
Apollo 17;73150;NA;SCB6;DB32E;unsieved fines ;52.56
Apollo 17;73151;NA;SCB6;DB32E;<1mm fines;101.2
Apollo 17;73152;NA;SCB6;DB32E;1-2mm fines;3.57
Apollo 17;73153;NA;SCB6;DB32E;2-4mm fines;1.31
Apollo 17;73154;NA;SCB6;DB32E;4-10mm fines;0.31
Apollo 17;73155;NA;SCB6;DB32E;blue gray breccia;79.3
Apollo 17;73156;NA;SCB6;DB32E;fine crystalline ;3.15
Apollo 17;73210;NA;SCB6;DB527;unsieved fines ;37.89
Apollo 17;73211;NA;SCB6;DB527;<1mm fines;51.95
Apollo 17;73212;NA;SCB6;DB527;1-2mm fines;3.47
Apollo 17;73213;NA;SCB6;DB527;2-4mm fines;2.8
Apollo 17;73214;NA;SCB6;DB527;4-10mm fines;2.47
Apollo 17;73215;NA;SCB6;DB527;light gray breccia;1062
Apollo 17;73216;NA;SCB6;DB527;green gray breccia;162.2
Apollo 17;73217;NA;SCB6;DB527;blue gray breccia;138.8
Apollo 17;73218;NA;SCB6;DB527;blue gray breccia;39.67
Apollo 17;73219;NA;SCB6;DB527;fine basalt;2.88
Apollo 17;73220;NA;SCB6;DB520;unsieved fines ;20.8
Apollo 17;73221;NA;SCB6;DB520;<1mm fines;48.11
Apollo 17;73222;NA;SCB6;DB520;1-2mm fines;2.71
Apollo 17;73223;NA;SCB6;DB520;2-4mm fines;2.61
Apollo 17;73224;NA;SCB6;DB520;4-10mm fines;1.65
Apollo 17;73225;NA;SCB6;DB520;crystalline ;3.66
Apollo 17;73230;NA;SCB6;DB524;DB residue ;21.34
Apollo 17;73235;NA;SCB6;DB524;blue gray breccia;878.3
Apollo 17;73240;NA;SCB6;DB521;unsieved fines ;114.7
Apollo 17;73241;NA;SCB6;DB521;<1mm fines;192.7
Apollo 17;73242;NA;SCB6;DB521;1-2mm fines;14.94
Apollo 17;73243;NA;SCB6;DB521;2-4mm fines;14.38
Apollo 17;73244;NA;SCB6;DB521;4-10mm fines;22.25
Apollo 17;73245;NA;SCB6;DB521;brecciated anorthosite clast;1.6
Apollo 17;73250;NA;SCB6;DB525;DB residue ;15.25
Apollo 17;73255;NA;SCB6;DB525;light gray breccia;394.1
Apollo 17;73260;NA;SCB6;DB522;unsieved fines ;103.5
Apollo 17;73261;NA;SCB6;DB522;<1mm fines;194.8
Apollo 17;73262;NA;SCB6;DB522;1-2mm fines;12.01
Apollo 17;73263;NA;SCB6;DB522;2-4mm fines;9.47
Apollo 17;73264;NA;SCB6;DB522;4-10mm fines;6.45
Apollo 17;73270;NA;SCB6;DB526;DB residue ;22.43
Apollo 17;73275;NA;SCB6;DB526;green gray breccia;429.6
Apollo 17;73280;NA;SCB6;DB523;unsieved fines ;53.54
Apollo 17;73281;NA;SCB6;DB523;<1mm fines;95.75
Apollo 17;73282;NA;SCB6;DB523;1-2mm fines;5.38
Apollo 17;73283;NA;SCB6;DB523;2-4mm fines;4.74
Apollo 17;73284;NA;SCB6;DB523;4-10mm fines;7.14
Apollo 17;73285;NA;SCB6;DB523;glass coated friable breccia;2.58
Apollo 17;74001;2044;SRC2;Drive tube lower;drive tube;1072
Apollo 17;74002;2035;SRC2;Drive tube upper;drive tube;909.6
Apollo 17;74010;NA;SRC2;NA;SRC residue;22.52
Apollo 17;74110;NA;SCB8;DB41Y;unsieved fines ;92.12
Apollo 17;74111;NA;SCB8;DB41Y;<1mm fines;116.8
Apollo 17;74112;NA;SCB8;DB41Y;1-2mm fines;11.12
Apollo 17;74113;NA;SCB8;DB41Y;2-4mm fines;12.11
Apollo 17;74114;NA;SCB8;DB41Y;4-10mm fines;13.26
Apollo 17;74115;NA;SCB8;DB41Y;friable breccia;15.36
Apollo 17;74116;NA;SCB8;DB41Y;friable breccia;12.68
Apollo 17;74117;NA;SCB8;DB41Y;friable breccia;3.69
Apollo 17;74118;NA;SCB8;DB41Y;friable breccia;3.59
Apollo 17;74119;NA;SCB8;DB41Y;friable breccia;1.79
Apollo 17;74120;NA;SCB8;DB42Y;unsieved fines ;124.1
Apollo 17;74121;NA;SCB8;DB42Y;<1mm fines;252
Apollo 17;74122;NA;SCB8;DB42Y;1-2mm fines;6.65
Apollo 17;74123;NA;SCB8;DB42Y;2-4mm fines;2.73
Apollo 17;74124;NA;SCB8;DB42Y;4-10mm fines;0.39
Apollo 17;74220;NA;SRC2;DB509;unsieved fines ;1180
Apollo 17;74230;NA;SCB8;DB12E;db residue ;0.7
Apollo 17;74235;NA;SCB8;DB12E;basalt vitrophyre;59.04
Apollo 17;74240;NA;SRC2;DB510;unsieved fines ;544.9
Apollo 17;74241;NA;SRC2;DB510;<1mm fines;307.3
Apollo 17;74242;NA;SRC2;DB510;1-2mm fines;22.5
Apollo 17;74243;NA;SRC2;DB510;2-4mm fines;27.67
Apollo 17;74244;NA;SRC2;DB510;4-10mm fines;21.95
Apollo 17;74245;NA;SRC2;DB510;fine basalt;64.34
Apollo 17;74246;NA;SRC2;DB510;dark matrix breccia;28.81
Apollo 17;74247;NA;SRC2;DB510;fine basalt;7.761
Apollo 17;74248;NA;SRC2;DB510;fine basalt;5.682
Apollo 17;74249;NA;SRC2;DB510;fine basalt;4.183
Apollo 17;74250;NA;SCB6;DB512;db residue ;22.56
Apollo 17;74255;NA;SCB6;DB512;coarse basalt;737.3
Apollo 17;74260;NA;SRC2;DB511;unsieved fines ;526.7
Apollo 17;74270;NA;SCB4;DB461;db residue ;9.61
Apollo 17;74275;NA;SCB4;DB461;fine basalt;1493
Apollo 17;74285;NA;SRC2;DB510;medium basalt;2.212
Apollo 17;74286;NA;SRC2;DB510;medium basalt;2.102
Apollo 17;74287;NA;SRC2;DB510;fine basalt;1.568
Apollo 17;75010;NA;SCB6;DB462;db residue ;9.25
Apollo 17;75015;NA;SCB6;DB462;coarse basalt;1006
Apollo 17;75030;NA;SCB6;DB463;db residue ;2.63
Apollo 17;75035;NA;SCB6;DB463;medium basalt;1235
Apollo 17;75050;NA;SRC6;DB464;dust and sweepings;2.5
Apollo 17;75055;NA;SRC6;DB464;coarse basalt;949.4
Apollo 17;75060;NA;SRC2;DB465;db residue ;0.527
Apollo 17;75061;NA;SRC2;DB465;<1mm fines;157.9
Apollo 17;75062;NA;SRC2;DB465;1-2mm fines;8.52
Apollo 17;75063;NA;SRC2;DB465;2-4mm fines;6.28
Apollo 17;75064;NA;SRC2;DB465;4-10mm fines;11.63
Apollo 17;75065;NA;SRC2;DB465;medium basalt;1.263
Apollo 17;75066;NA;SRC2;DB465;dark gray breccia;0.98
Apollo 17;75070;NA;SRC2;DB466;db residue ;7.26
Apollo 17;75075;NA;SRC2;DB466;medium basalt;1008
Apollo 17;75080;NA;SRC2;DB467;unsieved fines ;524.2
Apollo 17;75081;NA;SRC2;DB467;<1mm fines;932.4
Apollo 17;75082;NA;SRC2;DB467;1-2mm fines;38.92
Apollo 17;75083;NA;SRC2;DB467;2-4mm fines;30.88
Apollo 17;75084;NA;SRC2;DB467;4-10mm fines;23.31
Apollo 17;75085;NA;SRC2;DB467;medium basalt;4.298
Apollo 17;75086;NA;SRC2;DB467;medium basalt;2.323
Apollo 17;75087;NA;SRC2;DB467;medium basalt;2.321
Apollo 17;75088;NA;SRC2;DB467;fine basalt;1.992
Apollo 17;75089;NA;SRC2;DB467;fine basalt;1.718
Apollo 17;75110;NA;SCB8;DB43Y;unsieved fines ;122.5
Apollo 17;75111;NA;SCB8;DB43Y;<1mm fines;235
Apollo 17;75112;NA;SCB8;DB43Y;1-2mm fines;10.2
Apollo 17;75113;NA;SCB8;DB43Y;2-4mm fines;6.76
Apollo 17;75114;NA;SCB8;DB43Y;4-10mm fines;6.87
Apollo 17;75115;NA;SCB8;DB43Y;fine basalt;2.6
Apollo 17;75120;NA;SCB8;DB44Y;unsieved fines ;126.6
Apollo 17;75121;NA;SCB8;DB44Y;<1mm fines;240.3
Apollo 17;75122;NA;SCB8;DB44Y;1-2mm fines;5.208
Apollo 17;75123;NA;SCB8;DB44Y;2-4mm fines;2.147
Apollo 17;75124;NA;SCB8;DB44Y;4-10mm fines;0.956
Apollo 17;76001;2048;SCB7;Drive tube ;drive tube;711.6
Apollo 17;76010;NA;SCB4;NA;SCB residue ;20.13
Apollo 17;76015;NA;SCB4;NA;green gray breccia;2819
Apollo 17;76030;NA;SCB5;DB48Y;db residue ;16.06
Apollo 17;76031;NA;SCB5;DB48Y;<1mm fines;152.6
Apollo 17;76032;NA;SCB5;DB48Y;1-2mm fines;5.71
Apollo 17;76033;NA;SCB5;DB48Y;2-4mm fines;4.58
Apollo 17;76034;NA;SCB5;DB48Y;4-10mm fines;2.01
Apollo 17;76035;NA;SCB5;DB48Y;blue gray breccia;376.2
Apollo 17;76036;NA;SCB5;DB48Y;blue gray breccia;3.95
Apollo 17;76037;NA;SCB5;DB48Y;medium basalt;2.52
Apollo 17;76055;NA;SCB5;DB48Y;green gray breccia;6412
Apollo 17;76120;NA;SCB5;DB46Y;unsieved fines;107
Apollo 17;76121;NA;SCB5;DB46Y;<1mm fines;188.1
Apollo 17;76122;NA;SCB5;DB46Y;1-2mm fines;4.72
Apollo 17;76123;NA;SCB5;DB46Y;2-4mm fines;2.49
Apollo 17;76124;NA;SCB5;DB46Y;4-10mm fines;1.61
Apollo 17;76130;NA;SCB5;DB47Y;db residue ;19.57
Apollo 17;76131;NA;SCB5;DB47Y;<1mm fines;146.1
Apollo 17;76132;NA;SCB5;DB47Y;1-2mm fines;6.79
Apollo 17;76133;NA;SCB5;DB47Y;2-4mm fines;5.21
Apollo 17;76134;NA;SCB5;DB47Y;4-10mm fines;3.1
Apollo 17;76135;NA;SCB5;DB47Y;green gray breccia;133.5
Apollo 17;76136;NA;SCB5;DB47Y;medium basalt;86.6
Apollo 17;76137;NA;SCB5;DB47Y;fine grained crystalline;2.46
Apollo 17;76210;NA;SCB4;DB535;db residue ;2.74
Apollo 17;76215;NA;SCB4;DB535;green gray breccia;643.9
Apollo 17;76220;NA;SCB7;DB534;unsieved fines ;196.7
Apollo 17;76221;NA;SCB7;DB534;<1mm fines;390.4
Apollo 17;76222;NA;SCB7;DB534;1-2mm fines;13.65
Apollo 17;76223;NA;SCB7;DB534;2-4mm fines;8.26
Apollo 17;76224;NA;SCB7;DB534;4-10mm fines;3.83
Apollo 17;76230;NA;SCB4;DB556;db residue ;6.63
Apollo 17;76235;NA;SCB4;DB556;brecciated olivine norite;26.56
Apollo 17;76236;NA;SCB4;DB556;brecciated olivine norite;19.18
Apollo 17;76237;NA;SCB4;DB556;brecciated olivine norite;10.31
Apollo 17;76238;NA;SCB4;DB556;brecciated olivine norite;8.21
Apollo 17;76239;NA;SCB4;DB556;brecciated olivine norite;6.23
Apollo 17;76240;NA;SCB4;DB312;unsieved fines ;450.7
Apollo 17;76241;NA;SCB4;DB312;<1mm fines;21.14
Apollo 17;76242;NA;SCB4;DB312;1-2mm fines;1.2
Apollo 17;76243;NA;SCB4;DB312;2-4mm fines;1.23
Apollo 17;76244;NA;SCB4;DB312;4-10mm fines;1.53
Apollo 17;76245;NA;SCB4;DB312;green gray breccia;8.24
Apollo 17;76246;NA;SCB4;DB312;green gray breccia;6.5
Apollo 17;76250;NA;SCB4;DB536;db residue ;4.63
Apollo 17;76255;NA;SCB4;DB536;tan breccia;406.6
Apollo 17;76260;NA;SCB4;DB313;unsieved fines ;96.6
Apollo 17;76261;NA;SCB4;DB313;<1mm fines;170.7
Apollo 17;76262;NA;SCB4;DB313;1-2mm fines;8.55
Apollo 17;76263;NA;SCB4;DB313;2-4mm fines;6.57
Apollo 17;76264;NA;SCB4;DB313;4-10mm fines;8.76
Apollo 17;76265;NA;SCB4;DB313;green gray breccia;1.75
Apollo 17;76270;NA;SCB4;DB537;db residue ;0.46
Apollo 17;76275;NA;SCB4;DB537;blue gray breccia;55.93
Apollo 17;76280;NA;SCB4;DB472;unsieved fines ;153
Apollo 17;76281;NA;SCB4;DB472;<1mm fines;251.8
Apollo 17;76282;NA;SCB4;DB472;1-2mm fines;14.27
Apollo 17;76283;NA;SCB4;DB472;2-4mm fines;12.71
Apollo 17;76284;NA;SCB4;DB472;4-10mm fines;10.69
Apollo 17;76285;NA;SCB4;DB472;agglutinate;2.208
Apollo 17;76286;NA;SCB4;DB472;brecciated troctolite;1.704
Apollo 17;76290;NA;SCB4;DB538;db residue ;9.65
Apollo 17;76295;NA;SCB4;DB538;tan breccia;260.7
Apollo 17;76305;NA;SCB4;DB556;brecciated olivine norite;4.01
Apollo 17;76306;NA;SCB4;DB556;brecciated olivine norite;4.25
Apollo 17;76307;NA;SCB4;DB556;brecciated olivine norite;2.49
Apollo 17;76310;NA;SCB7;DB539;db residue ;25.39
Apollo 17;76315;NA;SCB7;DB539;blue gray breccia;671.1
Apollo 17;76320;NA;SCB7;DB557;unsieved fines ;260.3
Apollo 17;76321;NA;SCB7;DB557;<1mm fines;502.7
Apollo 17;76322;NA;SCB7;DB557;1-2mm fines;23.1
Apollo 17;76323;NA;SCB7;DB557;2-4mm fines;15.84
Apollo 17;76324;NA;SCB7;DB557;4-10mm fines;11.8
Apollo 17;76330;NA;BSLSS;DB560;db residue ;418.6
Apollo 17;76335;NA;BSLSS;DB560;friable anorthositic breccia;352.9
Apollo 17;76500;NA;SCB4;DB559;unsieved fines ;345.2
Apollo 17;76501;NA;SCB4;DB559;<1mm fines;630.7
Apollo 17;76502;NA;SCB4;DB559;1-2mm fines;22.76
Apollo 17;76503;NA;SCB4;DB559;2-4mm fines;10.09
Apollo 17;76504;NA;SCB4;DB559;4-10mm fines;10.72
Apollo 17;76505;NA;SCB4;DB559;green gray breccia;4.69
Apollo 17;76506;NA;SCB4;DB559;friable dark matrix breccia;2.81
Apollo 17;76530;NA;SCB4;DB558;db residue ;70.27
Apollo 17;76535;NA;SCB4;DB558;coarse norite ;155.5
Apollo 17;76536;NA;SCB4;DB558;brecciated norite;10.26
Apollo 17;76537;NA;SCB4;DB558;fine basalt;26.48
Apollo 17;76538;NA;SCB4;DB558;medium basalt;5.87
Apollo 17;76539;NA;SCB4;DB558;vitrophyric basalt;14.8
Apollo 17;76545;NA;SCB4;DB558;dark vitreous matrix breccia;7.676
Apollo 17;76546;NA;SCB4;DB558;dark vitreous matrix breccia;24.31
Apollo 17;76547;NA;SCB4;DB558;dark vitreous matrix breccia;10.05
Apollo 17;76548;NA;SCB4;DB558;dark vitreous matrix breccia;2.527
Apollo 17;76549;NA;SCB4;DB558;dark vitreous matrix breccia;9.175
Apollo 17;76555;NA;SCB4;DB558;crystalline basalt;8.435
Apollo 17;76556;NA;SCB4;DB558;crystalline matrix rich basalt;7.396
Apollo 17;76557;NA;SCB4;DB558;crystalline matrix rich basalt;5.592
Apollo 17;76558;NA;SCB4;DB558;crystalline matrix rich basalt;0.683
Apollo 17;76559;NA;SCB4;DB558;crystalline matrix rich basalt;0.747
Apollo 17;76565;NA;SCB4;DB558;friable dark matrix breccia;11.6
Apollo 17;76566;NA;SCB4;DB558;friable dark matrix breccia;2.639
Apollo 17;76567;NA;SCB4;DB558;friable dark matrix breccia;5.49
Apollo 17;76568;NA;SCB4;DB558;basalt rich breccia;9.477
Apollo 17;76569;NA;SCB4;DB558;crystalline breccia;4.207
Apollo 17;76575;NA;SCB4;DB558;crystalline breccia;16.25
Apollo 17;76576;NA;SCB4;DB558;crystalline breccia;5.327
Apollo 17;76577;NA;SCB4;DB558;crystalline breccia;13.54
Apollo 17;77010;NA;SCB7;NA;SCB residue ;93.65
Apollo 17;77017;NA;SCB7;DB541;brecciated olivine gabbro;1730
Apollo 17;77035;NA;BSLSS;NA;green gray breccia;5727
Apollo 17;77070;NA;SCB7;DB544;db residue ;9.28
Apollo 17;77075;NA;SCB7;DB544;dark gray dike;172.4
Apollo 17;77076;NA;SCB7;DB544;dark gray dike;13.97
Apollo 17;77077;NA;SCB7;DB544;dark gray dike;5.45
Apollo 17;77110;NA;SCB4;DB561;dust and sweepings;0.15
Apollo 17;77115;NA;SCB4;DB561;blue gray breccia;115.9
Apollo 17;77130;NA;SCB4;DB562;db residue ;1.42
Apollo 17;77135;NA;SCB4;DB562;green gray breccia;337.4
Apollo 17;77210;NA;SCB7;DB543;db residue ;111.7
Apollo 17;77215;NA;SCB7;DB543;brecciated norite;846.4
Apollo 17;77510;NA;SCB7;DB540;unsieved fines ;77.57
Apollo 17;77511;NA;SCB7;DB540;<1mm fines;118.1
Apollo 17;77512;NA;SCB7;DB540;1-2mm fines;2.45
Apollo 17;77513;NA;SCB7;DB540;2-4mm fines;1.19
Apollo 17;77514;NA;SCB7;DB540;4-10mm fines;1.24
Apollo 17;77515;NA;SCB7;DB540;green gray breccia;337.6
Apollo 17;77516;NA;SCB7;DB540;medium basalt;103.7
Apollo 17;77517;NA;SCB7;DB540;feldspathic breccia;45.6
Apollo 17;77518;NA;SCB7;DB540;green gray breccia;42.5
Apollo 17;77519;NA;SCB7;DB540;green gray breccia;27.4
Apollo 17;77525;NA;SCB7;DB540;feldspathic breccia;1.19
Apollo 17;77526;NA;SCB7;DB540;feldspathic breccia;1.07
Apollo 17;77530;NA;SCB7;DB542;unsieved fines ;82.76
Apollo 17;77531;NA;SCB7;DB542;<1mm fines;126.6
Apollo 17;77532;NA;SCB7;DB542;1-2mm fines;3.13
Apollo 17;77533;NA;SCB7;DB542;2-4mm fines;2.51
Apollo 17;77534;NA;SCB7;DB542;4-10mm fines;4.46
Apollo 17;77535;NA;SCB7;DB542;coarse basalt;577.8
Apollo 17;77536;NA;SCB7;DB542;coarse basalt;355.3
Apollo 17;77537;NA;SCB7;DB542;green gray breccia;71.7
Apollo 17;77538;NA;SCB7;DB542;light gray breccia;47.2
Apollo 17;77539;NA;SCB7;DB542;tan breccia;39.6
Apollo 17;77545;NA;SCB7;DB542;green gray breccia;29.5
Apollo 17;78120;NA;SCB5;DB50Y;unsieved fines ;75.78
Apollo 17;78121;NA;SCB5;DB50Y;<1mm fines;121.6
Apollo 17;78122;NA;SCB5;DB50Y;1-2mm fines;4.43
Apollo 17;78123;NA;SCB5;DB50Y;2-4mm fines;2.49
Apollo 17;78124;NA;SCB5;DB50Y;4-10mm fines;5.64
Apollo 17;78130;NA;SCB4;DB563;db residue ;3.62
Apollo 17;78135;NA;SCB4;DB563;medium basalt;133.9
Apollo 17;78150;NA;SCB4;DB567;dust and sweepings;0.65
Apollo 17;78155;NA;SCB4;DB567;babbroic breccia;401.1
Apollo 17;78220;NA;SCB7;DB545;unsieved fines ;108.3
Apollo 17;78221;NA;SCB7;DB545;<1mm fines;227.1
Apollo 17;78222;NA;SCB7;DB545;1-2mm fines;5.21
Apollo 17;78223;NA;SCB7;DB454;2-4mm fines;2.69
Apollo 17;78224;NA;SCB7;DB454;4-10mm fines;1.48
Apollo 17;78230;NA;SCB4;DB564;unsieved fines ;82.98
Apollo 17;78231;NA;SCB4;DB564;<1mm fines;122.7
Apollo 17;78232;NA;SCB4;DB564;1-2mm fines;2.68
Apollo 17;78233;NA;SCB4;DB564;2-4mm fines;1.42
Apollo 17;78234;NA;SCB4;DB564;4-10mm fines;0.72
Apollo 17;78235;NA;SCB4;DB564;coarse norite ;199
Apollo 17;78236;NA;SCB4;DB564;coarse norite ;93.06
Apollo 17;78238;NA;SCB4;DB564;coarse norite ;57.58
Apollo 17;78250;NA;SCB4;DB546;unsieved fines ;50.57
Apollo 17;78255;NA;SCB4;DB546;coarse norite ;48.31
Apollo 17;78420;NA;SCB4;DB548;unsieved fines ;97.94
Apollo 17;78421;NA;SCB4;DB548;<1mm fines;186.2
Apollo 17;78422;NA;SCB4;DB548;1-2mm fines;4.16
Apollo 17;78423;NA;SCB4;DB548;2-4mm fines;2.41
Apollo 17;78424;NA;SCB4;DB548;4-10mm fines;1.91
Apollo 17;78440;NA;SCB4;DB551;unsieved fines ;81.38
Apollo 17;78441;NA;SCB4;DB551;<1mm fines;162.8
Apollo 17;78442;NA;SCB4;DB551;1-2mm fines;3.78
Apollo 17;78443;NA;SCB4;DB551;2-4mm fines;2.44
Apollo 17;78444;NA;SCB4;DB551;4-10mm fines;1.19
Apollo 17;78460;NA;SCB7;DB550;unsieved fines ;138.1
Apollo 17;78461;NA;SCB7;DB550;<1mm fines;264.5
Apollo 17;78462;NA;SCB7;DB550;1-2mm fines;5.328
Apollo 17;78463;NA;SCB7;DB550;2-4mm fines;2.787
Apollo 17;78464;NA;SCB7;DB550;4-10mm fines;1.303
Apollo 17;78465;NA;SCB7;DB550;dark matrix breccia;1.039
Apollo 17;78480;NA;SCB4;DB549;unsieved fines ;89.33
Apollo 17;78481;NA;SCB4;DB549;<1mm fines;173.9
Apollo 17;78482;NA;SCB4;DB549;1-2mm fines;2.69
Apollo 17;78483;NA;SCB4;DB549;2-4mm fines;1.21
Apollo 17;78484;NA;SCB4;DB549;4-10mm fines;0.32
Apollo 17;78500;NA;SCB4;DB566;unsieved fines ;391.1
Apollo 17;78501;NA;SCB4;DB566;<1mm fines;718.7
Apollo 17;78502;NA;SCB4;DB566;1-2mm fines;21.38
Apollo 17;78503;NA;SCB4;DB566;2-4mm fines;16.41
Apollo 17;78504;NA;SCB4;DB566;4-10mm fines;19.16
Apollo 17;78505;NA;SCB4;DB566;coarse basalt;506.3
Apollo 17;78506;NA;SCB4;DB566;coarse basalt ;55.97
Apollo 17;78507;NA;SCB4;DB566;coarse basalt;23.35
Apollo 17;78508;NA;SCB4;DB566;friable dark matrix breccia;10.67
Apollo 17;78509;NA;SCB4;DB566;basalt  ;8.68
Apollo 17;78515;NA;SCB4;DB566;coherent dark matrix breccia;4.76
Apollo 17;78516;NA;SCB4;DB566;friable dark matrix breccia;3.18
Apollo 17;78517;NA;SCB4;DB566;friable white breccia;1.82
Apollo 17;78518;NA;SCB4;DB566;friable dark matrix breccia;0.88
Apollo 17;78525;NA;SCB4;DB565;agglutinate;5.11
Apollo 17;78526;NA;SCB4;DB565;breccia with green glass veins ;8.77
Apollo 17;78527;NA;SCB4;DB565;brecciated gabbroic rock ;5.16
Apollo 17;78528;NA;SCB4;DB565;fine basalt ;7
Apollo 17;78530;NA;SCB4;DB565;db residue ;88.92
Apollo 17;78535;NA;SCB4;DB565;coherent dark matrix breccia;103.4
Apollo 17;78536;NA;SCB4;DB565;coherent dark matrix breccia;8.67
Apollo 17;78537;NA;SCB4;DB565;coherent dark matrix breccia;11.76
Apollo 17;78538;NA;SCB4;DB565;coherent dark matrix breccia;5.82
Apollo 17;78539;NA;SCB4;DB565;coherent dark matrix breccia;3.73
Apollo 17;78545;NA;SCB4;DB565;coherent dark matrix breccia;8.6
Apollo 17;78546;NA;SCB4;DB565;coherent dark matrix breccia;42.66
Apollo 17;78547;NA;SCB4;DB565;friable dark matrix breccia;29.91
Apollo 17;78548;NA;SCB4;DB565;friable dark matrix breccia;15.95
Apollo 17;78549;NA;SCB4;DB565;friable dark matrix breccia;16.09
Apollo 17;78555;NA;SCB4;DB565;friable dark matrix breccia;6.64
Apollo 17;78556;NA;SCB4;DB565;friable dark matrix breccia;9.5
Apollo 17;78557;NA;SCB4;DB565;friable dark matrix breccia;7.19
Apollo 17;78558;NA;SCB4;DB565;friable dark matrix breccia;3.78
Apollo 17;78559;NA;SCB4;DB565;friable dark matrix breccia;3.05
Apollo 17;78565;NA;SCB4;DB565;friable dark matrix breccia;3.5
Apollo 17;78566;NA;SCB4;DB565;friable dark matrix breccia;0.77
Apollo 17;78567;NA;SCB4;DB565;friable dark matrix breccia;18.88
Apollo 17;78568;NA;SCB4;DB565;friable dark matrix breccia;3.57
Apollo 17;78569;NA;SCB4;DB565;friable dark matrix breccia;14.53
Apollo 17;78575;NA;SCB4;DB565;coarse basalt;140
Apollo 17;78576;NA;SCB4;DB565;coarse basalt;11.64
Apollo 17;78577;NA;SCB4;DB565;coarse basalt;8.84
Apollo 17;78578;NA;SCB4;DB565;coarse basalt;17.13
Apollo 17;78579;NA;SCB4;DB565;medium basalt;6.07
Apollo 17;78585;NA;SCB4;DB565;fine basalt;44.6
Apollo 17;78586;NA;SCB4;DB565;fine basalt;10.73
Apollo 17;78587;NA;SCB4;DB565;fine basalt;11.48
Apollo 17;78588;NA;SCB4;DB565;fine basalt;3.77
Apollo 17;78589;NA;SCB4;DB565;fine basalt;4.1
Apollo 17;78595;NA;SCB4;DB565;fine basalt;4.19
Apollo 17;78596;NA;SCB4;DB565;fine basalt;7.55
Apollo 17;78597;NA;SCB4;DB565;fine basalt;319.1
Apollo 17;78598;NA;SCB4;DB565;fine basalt;224.1
Apollo 17;78599;NA;SCB4;DB565;fine basalt;198.6
Apollo 17;79001;2050;SCB7;Drive tube lower;drive tube ;743.4
Apollo 17;79002;2037;ACB7;Drive tube upper;drive tube ;409.4
Apollo 17;79010;NA;SCB5;NA;SCB residue ;87.05
Apollo 17;79035;NA;BSLSS;NA;dark matrix breccia;2806
Apollo 17;79110;NA;SCB5;DB568;db residue ;66.3
Apollo 17;79115;NA;SCB5;DB568;dark matrix breccia;346.3
Apollo 17;79120;NA;SCB5;DB569;unsieved fines ;116.4
Apollo 17;79121;NA;SCB5;DB569;<1mm fines;214.4
Apollo 17;79122;NA;SCB5;DB569;1-2mm fines;13.97
Apollo 17;79123;NA;SCB5;DB569;2-4mm fines;13.14
Apollo 17;79124;NA;SCB5;DB569;4-10mm fines;14.48
Apollo 17;79125;NA;SCB5;DB569;dark matrix breccia;1.91
Apollo 17;79130;NA;SCB5;DB480;dust and sweepings;3.99
Apollo 17;79135;NA;SCB5;DB480;dark matrix breccia;2283
Apollo 17;79150;NA;SCB7;DB571;db residue ;5.63
Apollo 17;79155;NA;SCB7;DB571;coarse basalt ;318.8
Apollo 17;79170;NA;SCB7;DB481;db residue ;43.42
Apollo 17;79175;NA;SCB7;DB481;agglutinate;677.7
Apollo 17;79190;NA;SCB7;DB482;db residue ;13.38
Apollo 17;79195;NA;SCB7;DB482;dark matrix breccia;368.5
Apollo 17;79210;NA;SCB7;DB486;db residue ;5.55
Apollo 17;79215;NA;SCB7;DB486;brecciated troctolite ;553.8
Apollo 17;79220;NA;SCB5;DB483;unsieved fines ;93.49
Apollo 17;79221;NA;SCB5;DB483;<1mm fines;152.6
Apollo 17;79222;NA;SCB5;DB483;1-2mm fines;7.22
Apollo 17;79223;NA;SCB5;DB483;2-4mm fines;6.24
Apollo 17;79224;NA;SCB5;DB483;4-10mm fines;9.75
Apollo 17;79225;NA;SCB5;DB483;friable dark matrix breccia;7.42
Apollo 17;79226;NA;SCB5;DB483;friable dark matrix breccia;6.73
Apollo 17;79227;NA;SCB5;DB483;disaggregated clod;5.57
Apollo 17;79228;NA;SCB5;DB483;disaggregated clod;2.5
Apollo 17;79240;NA;SCB5;DB484;unsieved fines ;113.3
Apollo 17;79241;NA;SCB5;DB484;<1mm fines;174.3
Apollo 17;79242;NA;SCB5;DB484;1-2mm fines;11.32
Apollo 17;79243;NA;SCB5;DB484;2-4mm fines;10.46
Apollo 17;79244;NA;SCB5;DB484;4-10mm fines;10.85
Apollo 17;79245;NA;SCB5;DB484;crystalline ;10.11
Apollo 17;79260;NA;SCB5;DB485;unsieved fines ;118.9
Apollo 17;79261;NA;SCB5;DB485;<1mm fines;187.8
Apollo 17;79262;NA;SCB5;DB485;1-2mm fines;11.74
Apollo 17;79263;NA;SCB5;DB485;2-4mm fines;11.46
Apollo 17;79264;NA;SCB5;DB485;4-10mm fines;15.85
Apollo 17;79265;NA;SCB5;DB485;basalt;2.6
Apollo 17;79510;NA;SCB5;DB570;unsieved fines ;107.6
Apollo 17;79511;NA;SCB5;DB570;<1mm fines;179.2
Apollo 17;79512;NA;SCB5;DB570;1-2mm fines;11.32
Apollo 17;79513;NA;SCB5;DB570;2-4mm fines;9.94
Apollo 17;79514;NA;SCB5;DB570;4-10mm fines;12.24
Apollo 17;79515;NA;SCB5;DB570;medium basalt;33
Apollo 17;79516;NA;SCB5;DB570;medium basalt;23.92
Apollo 17;79517;NA;SCB5;DB570;dark matrix breccia;10.23
Apollo 17;79518;NA;SCB5;DB570;dark matrix breccia;5.2
Apollo 17;79519;NA;SCB5;DB570;dark matrix breccia;3.65
Apollo 17;79525;NA;SCB5;DB570;dark matrix breccia;3.03
Apollo 17;79526;NA;SCB5;DB570;dark matrix breccia;2.93
Apollo 17;79527;NA;SCB5;DB570;dark matrix breccia;2.65
Apollo 17;79528;NA;SCB5;DB570;dark matrix breccia;2.38
Apollo 17;79529;NA;SCB5;DB570;dark matrix breccia;1.84
Apollo 17;79535;NA;SCB5;DB570;dark matrix breccia;1.69
Apollo 17;79536;NA;SCB5;DB570;dark matrix breccia;1.66
Apollo 17;79537;NA;SCB5;DB570;dark matrix breccia;1.05