Mission;Sample;Subsample;depth (cm);Sieve size (µm);weight %;D50 (µm);Source
Apollo 11;10084;"10084;79";;10000.0;0.0;65.06; "J.C. Graf, 1993, "Lunar Soils Grain Size Catalog" NASA Reference Publication RP-1265"
Apollo 11;10084;"10084;79";;4000.0;0.0;65.06; "J.C. Graf, 1993, "Lunar Soils Grain Size Catalog" NASA Reference Publication RP-1265"
Apollo 11;10084;"10084;79";;1000.0;10.99;65.06; "J.C. Graf, 1993, "Lunar Soils Grain Size Catalog" NASA Reference Publication RP-1265"
Apollo 11;10084;"10084;79";;500.0;5.35;65.06; "J.C. Graf, 1993, "Lunar Soils Grain Size Catalog" NASA Reference Publication RP-1265"
Apollo 11;10084;"10084;79";;250.0;6.43;65.06; "J.C. Graf, 1993, "Lunar Soils Grain Size Catalog" NASA Reference Publication RP-1265"
Apollo 11;10084;"10084;79";;100.0;13.86;65.06; "J.C. Graf, 1993, "Lunar Soils Grain Size Catalog" NASA Reference Publication RP-1265"
Apollo 11;10084;"10084;79";;75.0;8.41;65.06; "J.C. Graf, 1993, "Lunar Soils Grain Size Catalog" NASA Reference Publication RP-1265"
Apollo 11;10084;"10084;79";;37.0;17.33;65.06; "J.C. Graf, 1993, "Lunar Soils Grain Size Catalog" NASA Reference Publication RP-1265"
Apollo 11;10084;"10084;79";;27.0;12.87;65.06;"J.C. Graf, 1993, "Lunar Soils Grain Size Catalog" NASA Reference Publication RP-1265"
Apollo 11;10084;"10084;79";;16.0;12.38;65.06;"J.C. Graf, 1993, "Lunar Soils Grain Size Catalog" NASA Reference Publication RP-1265"
Apollo 11;10084;"10084;79";;10.0;5.45;65.06;"J.C. Graf, 1993, "Lunar Soils Grain Size Catalog" NASA Reference Publication RP-1265"
Apollo 11;10084;"10084;79";;70.0;2.97;65.06;"J.C. Graf, 1993, "Lunar Soils Grain Size Catalog" NASA Reference Publication RP-1265"
Apollo 11;10084;"10084;79";;10.0;2.97;65.06;"J.C. Graf, 1993, "Lunar Soils Grain Size Catalog" NASA Reference Publication RP-1265"
Apollo 12;12001;"12001;7";;10000.0;0.0;70.29;"J.C. Graf, 1993, "Lunar Soils Grain Size Catalog" NASA Reference Publication RP-1265"
Apollo 12;12001;"12001;7";;1000.0;1.69;70.29;"J.C. Graf, 1993, "Lunar Soils Grain Size Catalog" NASA Reference Publication RP-1265"
Apollo 12;12001;"12001;7";;500.0;5.45;70.29;"J.C. Graf, 1993, "Lunar Soils Grain Size Catalog" NASA Reference Publication RP-1265"
Apollo 12;12001;"12001;7";;250.0;9.68;70.29;"J.C. Graf, 1993, "Lunar Soils Grain Size Catalog" NASA Reference Publication RP-1265"
Apollo 12;12001;"12001;7";;150.0;10.76;70.29;"J.C. Graf, 1993, "Lunar Soils Grain Size Catalog" NASA Reference Publication RP-1265"
Apollo 12;12001;"12001;7";;90.0;15.25;70.29;"J.C. Graf, 1993, "Lunar Soils Grain Size Catalog" NASA Reference Publication RP-1265"
Apollo 12;12001;"12001;7";;75.0;5.08;70.29;"J.C. Graf, 1993, "Lunar Soils Grain Size Catalog" NASA Reference Publication RP-1265"
Apollo 12;12001;"12001;7";;45.0;16.47;70.29;"J.C. Graf, 1993, "Lunar Soils Grain Size Catalog" NASA Reference Publication RP-1265"
Apollo 12;12001;"12001;7";;20.0;20.47;70.29;"J.C. Graf, 1993, "Lunar Soils Grain Size Catalog" NASA Reference Publication RP-1265"
Apollo 12;12001;"12001;7";;10.0;14.14;70.29;"J.C. Graf, 1993, "Lunar Soils Grain Size Catalog" NASA Reference Publication RP-1265"
Apollo 12;12001;"12001;62";;10000.0;0.0;54.52;"J.C. Graf, 1993, "Lunar Soils Grain Size Catalog" NASA Reference Publication RP-1265"
Apollo 12;12001;"12001;62";;1000.0;1.69;54.52;"J.C. Graf, 1993, "Lunar Soils Grain Size Catalog" NASA Reference Publication RP-1265"
Apollo 12;12001;"12001;62";;841.0;0.83;54.52;"J.C. Graf, 1993, "Lunar Soils Grain Size Catalog" NASA Reference Publication RP-1265"
Apollo 12;12001;"12001;62";;420.0;6.93;54.52;"J.C. Graf, 1993, "Lunar Soils Grain Size Catalog" NASA Reference Publication RP-1265"
Apollo 12;12001;"12001;62";;250.0;7.95;54.52;"J.C. Graf, 1993, "Lunar Soils Grain Size Catalog" NASA Reference Publication RP-1265"
Apollo 12;12001;"12001;62";;177.0;7.24;54.52;"J.C. Graf, 1993, "Lunar Soils Grain Size Catalog" NASA Reference Publication RP-1265"
Apollo 12;12001;"12001;62";;150.0;3.06;54.52;"J.C. Graf, 1993, "Lunar Soils Grain Size Catalog" NASA Reference Publication RP-1265"
Apollo 12;12001;"12001;62";;125.0;3.49;54.52;"J.C. Graf, 1993, "Lunar Soils Grain Size Catalog" NASA Reference Publication RP-1265"
Apollo 12;12001;"12001;62";;74.0;12.19;54.52;"J.C. Graf, 1993, "Lunar Soils Grain Size Catalog" NASA Reference Publication RP-1265"
Apollo 12;12001;"12001;62";;37.0;15.02;54.52;"J.C. Graf, 1993, "Lunar Soils Grain Size Catalog" NASA Reference Publication RP-1265"
Apollo 12;12001;"12001;62";;30.0;12.47;54.52;"J.C. Graf, 1993, "Lunar Soils Grain Size Catalog" NASA Reference Publication RP-1265"
Apollo 12;12001;"12001;62";;20.0;8.61;54.52;"J.C. Graf, 1993, "Lunar Soils Grain Size Catalog" NASA Reference Publication RP-1265"
Apollo 12;12001;"12001;62";;10.0;9.15;54.52;"J.C. Graf, 1993, "Lunar Soils Grain Size Catalog" NASA Reference Publication RP-1265"
Apollo 12;12001;"12001;62";;1.0;10.38;54.52;"J.C. Graf, 1993, "Lunar Soils Grain Size Catalog" NASA Reference Publication RP-1265"
Apollo 12;12003;"12003;11";;10000.0;0.0;68.44;"J.C. Graf, 1993, "Lunar Soils Grain Size Catalog" NASA Reference Publication RP-1265"
Apollo 12;12003;"12003;11";;1000.0;0.0;68.44;"J.C. Graf, 1993, "Lunar Soils Grain Size Catalog" NASA Reference Publication RP-1265"
Apollo 12;12003;"12003;11";;500.0;4.63;68.44;"J.C. Graf, 1993, "Lunar Soils Grain Size Catalog" NASA Reference Publication RP-1265"
Apollo 12;12003;"12003;11";;250.0;9.23;68.44;"J.C. Graf, 1993, "Lunar Soils Grain Size Catalog" NASA Reference Publication RP-1265"
Apollo 12;12003;"12003;11";;150.0;11.93;68.44;"J.C. Graf, 1993, "Lunar Soils Grain Size Catalog" NASA Reference Publication RP-1265"
Apollo 12;12003;"12003;11";;90.0;15.54;68.44;"J.C. Graf, 1993, "Lunar Soils Grain Size Catalog" NASA Reference Publication RP-1265"
Apollo 12;12003;"12003;11";;75.0;5.79;68.44;"J.C. Graf, 1993, "Lunar Soils Grain Size Catalog" NASA Reference Publication RP-1265"
Apollo 12;12003;"12003;11";;45.0;16.07;68.44;"J.C. Graf, 1993, "Lunar Soils Grain Size Catalog" NASA Reference Publication RP-1265"
Apollo 12;12003;"12003;11";;20.0;20.22;68.44;"J.C. Graf, 1993, "Lunar Soils Grain Size Catalog" NASA Reference Publication RP-1265"
Apollo 12;12003;"12003;11";;1.0;15.59;68.44;"J.C. Graf, 1993, "Lunar Soils Grain Size Catalog" NASA Reference Publication RP-1265"
Apollo 12;12023;"12023;25";;10000.0;0.0;53.52;"J.C. Graf, 1993, "Lunar Soils Grain Size Catalog" NASA Reference Publication RP-1265"
Apollo 12;12023;"12023;25";;1000.0;0.0;53.52;"J.C. Graf, 1993, "Lunar Soils Grain Size Catalog" NASA Reference Publication RP-1265"
Apollo 12;12023;"12023;25";;500.0;5.83;53.52;"J.C. Graf, 1993, "Lunar Soils Grain Size Catalog" NASA Reference Publication RP-1265"
Apollo 12;12023;"12023;25";;250.0;9.92;53.52;"J.C. Graf, 1993, "Lunar Soils Grain Size Catalog" NASA Reference Publication RP-1265"
Apollo 12;12023;"12023;25";;150.0;9.39;53.52;"J.C. Graf, 1993, "Lunar Soils Grain Size Catalog" NASA Reference Publication RP-1265"
Apollo 12;12023;"12023;25";;90.0;11.38;53.52;"J.C. Graf, 1993, "Lunar Soils Grain Size Catalog" NASA Reference Publication RP-1265"
Apollo 12;12023;"12023;25";;75.0;4.31;53.52;"J.C. Graf, 1993, "Lunar Soils Grain Size Catalog" NASA Reference Publication RP-1265"
Apollo 12;12023;"12023;25";;45.0;13.88;53.52;"J.C. Graf, 1993, "Lunar Soils Grain Size Catalog" NASA Reference Publication RP-1265"
Apollo 12;12023;"12023;25";;20.0;19.84;53.52;"J.C. Graf, 1993, "Lunar Soils Grain Size Catalog" NASA Reference Publication RP-1265"
Apollo 12;12023;"12023;25";;1.0;24.46;53.52;"J.C. Graf, 1993, "Lunar Soils Grain Size Catalog" NASA Reference Publication RP-1265"
Apollo 12;12032;"12032;40";;10000.0;0.0;92.33;"J.C. Graf, 1993, "Lunar Soils Grain Size Catalog" NASA Reference Publication RP-1265"
Apollo 12;12032;"12032;40";;4000.0;7.52;92.33;"J.C. Graf, 1993, "Lunar Soils Grain Size Catalog" NASA Reference Publication RP-1265"
Apollo 12;12032;"12032;40";;2000.0;4.08;92.33;"J.C. Graf, 1993, "Lunar Soils Grain Size Catalog" NASA Reference Publication RP-1265"
Apollo 12;12032;"12032;40";;1000.0;4.93;92.33;"J.C. Graf, 1993, "Lunar Soils Grain Size Catalog" NASA Reference Publication RP-1265"
Apollo 12;12032;"12032;40";;500.0;5.89;92.33;"J.C. Graf, 1993, "Lunar Soils Grain Size Catalog" NASA Reference Publication RP-1265"
Apollo 12;12032;"12032;40";;250.0;8.72;92.33;"J.C. Graf, 1993, "Lunar Soils Grain Size Catalog" NASA Reference Publication RP-1265"
Apollo 12;12032;"12032;40";;150.0;8.03;92.33;"J.C. Graf, 1993, "Lunar Soils Grain Size Catalog" NASA Reference Publication RP-1265"
Apollo 12;12032;"12032;40";;90.0;11.4;92.33;"J.C. Graf, 1993, "Lunar Soils Grain Size Catalog" NASA Reference Publication RP-1265"
Apollo 12;12032;"12032;40";;75.0;3.94;92.33;"J.C. Graf, 1993, "Lunar Soils Grain Size Catalog" NASA Reference Publication RP-1265"
Apollo 12;12032;"12032;40";;45.0;10.74;92.33;"J.C. Graf, 1993, "Lunar Soils Grain Size Catalog" NASA Reference Publication RP-1265"
Apollo 12;12032;"12032;40";;20.0;14.76;92.33;"J.C. Graf, 1993, "Lunar Soils Grain Size Catalog" NASA Reference Publication RP-1265"
Apollo 12;12032;"12032;40";;1.0;18.98;92.33;"J.C. Graf, 1993, "Lunar Soils Grain Size Catalog" NASA Reference Publication RP-1265"
Apollo 12;12033;"12033;464";;10000.0;0.0;59.56;"J.C. Graf, 1993, "Lunar Soils Grain Size Catalog" NASA Reference Publication RP-1265"
Apollo 12;12033;"12033;464";;1000.0;0.0;59.56;"J.C. Graf, 1993, "Lunar Soils Grain Size Catalog" NASA Reference Publication RP-1265"
Apollo 12;12033;"12033;464";;500.0;7.98;59.56;"J.C. Graf, 1993, "Lunar Soils Grain Size Catalog" NASA Reference Publication RP-1265"
Apollo 12;12033;"12033;464";;250.0;10.3;59.56;"J.C. Graf, 1993, "Lunar Soils Grain Size Catalog" NASA Reference Publication RP-1265"
Apollo 12;12033;"12033;464";;150.0;9.5;59.56;"J.C. Graf, 1993, "Lunar Soils Grain Size Catalog" NASA Reference Publication RP-1265"
Apollo 12;12033;"12033;464";;90.0;11.76;59.56;"J.C. Graf, 1993, "Lunar Soils Grain Size Catalog" NASA Reference Publication RP-1265"
Apollo 12;12033;"12033;464";;75.0;4.57;59.56;"J.C. Graf, 1993, "Lunar Soils Grain Size Catalog" NASA Reference Publication RP-1265"
Apollo 12;12033;"12033;464";;45.0;13.05;59.56;"J.C. Graf, 1993, "Lunar Soils Grain Size Catalog" NASA Reference Publication RP-1265"
Apollo 12;12033;"12033;464";;20.0;17.04;59.56;"J.C. Graf, 1993, "Lunar Soils Grain Size Catalog" NASA Reference Publication RP-1265"
Apollo 12;12033;"12033;464";;1.0;24.8;59.56;"J.C. Graf, 1993, "Lunar Soils Grain Size Catalog" NASA Reference Publication RP-1265"
Apollo 12;12033;"12033;37";15;10000.0;0.0;61.01;"J.C. Graf, 1993, "Lunar Soils Grain Size Catalog" NASA Reference Publication RP-1265"
Apollo 12;12033;"12033;37";15;1000.0;0.0;61.01;"J.C. Graf, 1993, "Lunar Soils Grain Size Catalog" NASA Reference Publication RP-1265"
Apollo 12;12033;"12033;37";15;841.0;3.5;61.01;"J.C. Graf, 1993, "Lunar Soils Grain Size Catalog" NASA Reference Publication RP-1265"
Apollo 12;12033;"12033;37";15;420.0;7.41;61.01;"J.C. Graf, 1993, "Lunar Soils Grain Size Catalog" NASA Reference Publication RP-1265"
Apollo 12;12033;"12033;37";15;250.0;9.06;61.01;"J.C. Graf, 1993, "Lunar Soils Grain Size Catalog" NASA Reference Publication RP-1265"
Apollo 12;12033;"12033;37";15;177.0;6.18;61.01;"J.C. Graf, 1993, "Lunar Soils Grain Size Catalog" NASA Reference Publication RP-1265"
Apollo 12;12033;"12033;37";15;150.0;4.73;61.01;"J.C. Graf, 1993, "Lunar Soils Grain Size Catalog" NASA Reference Publication RP-1265"
Apollo 12;12033;"12033;37";15;125.0;3.5;61.01;"J.C. Graf, 1993, "Lunar Soils Grain Size Catalog" NASA Reference Publication RP-1265"
Apollo 12;12033;"12033;37";15;74.0;11.32;61.01;"J.C. Graf, 1993, "Lunar Soils Grain Size Catalog" NASA Reference Publication RP-1265"
Apollo 12;12033;"12033;37";15;37.0;15.44;61.01;"J.C. Graf, 1993, "Lunar Soils Grain Size Catalog" NASA Reference Publication RP-1265"
Apollo 12;12033;"12033;37";15;30.0;12.97;61.01;"J.C. Graf, 1993, "Lunar Soils Grain Size Catalog" NASA Reference Publication RP-1265"
Apollo 12;12033;"12033;37";15;10.0;17.7;61.01;"J.C. Graf, 1993, "Lunar Soils Grain Size Catalog" NASA Reference Publication RP-1265"
Apollo 12;12033;"12033;37";15;1.0;7.21;61.01;"J.C. Graf, 1993, "Lunar Soils Grain Size Catalog" NASA Reference Publication RP-1265"
Apollo 12;12033;"12033;45";15;10000.0;0.0;59.56;"J.C. Graf, 1993, "Lunar Soils Grain Size Catalog" NASA Reference Publication RP-1265"
Apollo 12;12033;"12033;45";15;1000.0;0.0;59.56;"J.C. Graf, 1993, "Lunar Soils Grain Size Catalog" NASA Reference Publication RP-1265"
Apollo 12;12033;"12033;45";15;500.0;7.98;59.56;"J.C. Graf, 1993, "Lunar Soils Grain Size Catalog" NASA Reference Publication RP-1265"
Apollo 12;12033;"12033;45";15;250.0;10.3;59.56;"J.C. Graf, 1993, "Lunar Soils Grain Size Catalog" NASA Reference Publication RP-1265"
Apollo 12;12033;"12033;45";15;150.0;9.5;59.56;"J.C. Graf, 1993, "Lunar Soils Grain Size Catalog" NASA Reference Publication RP-1265"
Apollo 12;12033;"12033;45";15;90.0;11.76;59.56;"J.C. Graf, 1993, "Lunar Soils Grain Size Catalog" NASA Reference Publication RP-1265"
Apollo 12;12033;"12033;45";15;75.0;4.57;59.56;"J.C. Graf, 1993, "Lunar Soils Grain Size Catalog" NASA Reference Publication RP-1265"
Apollo 12;12033;"12033;45";15;45.0;13.05;59.56;"J.C. Graf, 1993, "Lunar Soils Grain Size Catalog" NASA Reference Publication RP-1265"
Apollo 12;12033;"12033;45";15;20.0;17.04;59.56;"J.C. Graf, 1993, "Lunar Soils Grain Size Catalog" NASA Reference Publication RP-1265"
Apollo 12;12033;"12033;45";15;1.0;24.8;59.56;"J.C. Graf, 1993, "Lunar Soils Grain Size Catalog" NASA Reference Publication RP-1265"
Apollo 12;12037;"12037;32";;10000.0;0.0;142.96;"J.C. Graf, 1993, "Lunar Soils Grain Size Catalog" NASA Reference Publication RP-1265"
Apollo 12;12037;"12037;32";;4000.0;3.79;142.96;"J.C. Graf, 1993, "Lunar Soils Grain Size Catalog" NASA Reference Publication RP-1265"
Apollo 12;12037;"12037;32";;2000.0;4.67;142.96;"J.C. Graf, 1993, "Lunar Soils Grain Size Catalog" NASA Reference Publication RP-1265"
Apollo 12;12037;"12037;32";;1000.0;5.59;142.96;"J.C. Graf, 1993, "Lunar Soils Grain Size Catalog" NASA Reference Publication RP-1265"
Apollo 12;12037;"12037;32";;841.0;1.85;142.96;"J.C. Graf, 1993, "Lunar Soils Grain Size Catalog" NASA Reference Publication RP-1265"
Apollo 12;12037;"12037;32";;420.0;11.66;142.96;"J.C. Graf, 1993, "Lunar Soils Grain Size Catalog" NASA Reference Publication RP-1265"
Apollo 12;12037;"12037;32";;250.0;9.26;142.96;"J.C. Graf, 1993, "Lunar Soils Grain Size Catalog" NASA Reference Publication RP-1265"
Apollo 12;12037;"12037;32";;177.0;8.14;142.96;"J.C. Graf, 1993, "Lunar Soils Grain Size Catalog" NASA Reference Publication RP-1265"
Apollo 12;12037;"12037;32";;150.0;4.26;142.96;"J.C. Graf, 1993, "Lunar Soils Grain Size Catalog" NASA Reference Publication RP-1265"
Apollo 12;12037;"12037;32";;125.0;2.96;142.96;"J.C. Graf, 1993, "Lunar Soils Grain Size Catalog" NASA Reference Publication RP-1265"
Apollo 12;12037;"12037;32";;105.0;4.62;142.96;"J.C. Graf, 1993, "Lunar Soils Grain Size Catalog" NASA Reference Publication RP-1265"
Apollo 12;12037;"12037;32";;74.0;6.11;142.96;"J.C. Graf, 1993, "Lunar Soils Grain Size Catalog" NASA Reference Publication RP-1265"
Apollo 12;12037;"12037;32";;64.0;1.3;142.96;"J.C. Graf, 1993, "Lunar Soils Grain Size Catalog" NASA Reference Publication RP-1265"
Apollo 12;12037;"12037;32";;53.0;6.3;142.96;"J.C. Graf, 1993, "Lunar Soils Grain Size Catalog" NASA Reference Publication RP-1265"
Apollo 12;12037;"12037;32";;44.0;3.15;142.96;"J.C. Graf, 1993, "Lunar Soils Grain Size Catalog" NASA Reference Publication RP-1265"
Apollo 12;12037;"12037;32";;37.0;5.37;142.96;"J.C. Graf, 1993, "Lunar Soils Grain Size Catalog" NASA Reference Publication RP-1265"
Apollo 12;12037;"12037;32";;30.0;6.66;142.96;"J.C. Graf, 1993, "Lunar Soils Grain Size Catalog" NASA Reference Publication RP-1265"
Apollo 12;12037;"12037;32";;20.0;5.55;142.96;"J.C. Graf, 1993, "Lunar Soils Grain Size Catalog" NASA Reference Publication RP-1265"
Apollo 12;12037;"12037;32";;10.0;3.51;142.96;"J.C. Graf, 1993, "Lunar Soils Grain Size Catalog" NASA Reference Publication RP-1265"
Apollo 12;12037;"12037;32";;1.0;4.26;142.96;"J.C. Graf, 1993, "Lunar Soils Grain Size Catalog" NASA Reference Publication RP-1265"
Apollo 12;12037;"12037;23";;10000.0;0.0;137.76;"J.C. Graf, 1993, "Lunar Soils Grain Size Catalog" NASA Reference Publication RP-1265"
Apollo 12;12037;"12037;23";;4000.0;3.79;137.76;"J.C. Graf, 1993, "Lunar Soils Grain Size Catalog" NASA Reference Publication RP-1265"
Apollo 12;12037;"12037;23";;2000.0;4.67;137.76;"J.C. Graf, 1993, "Lunar Soils Grain Size Catalog" NASA Reference Publication RP-1265"
Apollo 12;12037;"12037;23";;1000.0;5.59;137.76;"J.C. Graf, 1993, "Lunar Soils Grain Size Catalog" NASA Reference Publication RP-1265"
Apollo 12;12037;"12037;23";;500.0;8.81;137.76;"J.C. Graf, 1993, "Lunar Soils Grain Size Catalog" NASA Reference Publication RP-1265"
Apollo 12;12037;"12037;23";;250.0;13.79;137.76;"J.C. Graf, 1993, "Lunar Soils Grain Size Catalog" NASA Reference Publication RP-1265"
Apollo 12;12037;"12037;23";;150.0;11.29;137.76;"J.C. Graf, 1993, "Lunar Soils Grain Size Catalog" NASA Reference Publication RP-1265"
Apollo 12;12037;"12037;23";;90.0;12.36;137.76;"J.C. Graf, 1993, "Lunar Soils Grain Size Catalog" NASA Reference Publication RP-1265"
Apollo 12;12037;"12037;23";;75.0;4.88;137.76;"J.C. Graf, 1993, "Lunar Soils Grain Size Catalog" NASA Reference Publication RP-1265"
Apollo 12;12037;"12037;23";;45.0;11.39;137.76;"J.C. Graf, 1993, "Lunar Soils Grain Size Catalog" NASA Reference Publication RP-1265"
Apollo 12;12037;"12037;23";;20.0;4.97;137.76;"J.C. Graf, 1993, "Lunar Soils Grain Size Catalog" NASA Reference Publication RP-1265"
Apollo 12;12037;"12037;23";;1.0;17.44;137.76;"J.C. Graf, 1993, "Lunar Soils Grain Size Catalog" NASA Reference Publication RP-1265"
Apollo 12;12041;"12041;23";;10000.0;0.0;49.67;"J.C. Graf, 1993, "Lunar Soils Grain Size Catalog" NASA Reference Publication RP-1265"
Apollo 12;12041;"12041;23";;1000.0;0.0;49.67;"J.C. Graf, 1993, "Lunar Soils Grain Size Catalog" NASA Reference Publication RP-1265"
Apollo 12;12041;"12041;23";;841.0;0.98;49.67;"J.C. Graf, 1993, "Lunar Soils Grain Size Catalog" NASA Reference Publication RP-1265"
Apollo 12;12041;"12041;23";;420.0;5.1;49.67;"J.C. Graf, 1993, "Lunar Soils Grain Size Catalog" NASA Reference Publication RP-1265"
Apollo 12;12041;"12041;23";;250.0;7.64;49.67;"J.C. Graf, 1993, "Lunar Soils Grain Size Catalog" NASA Reference Publication RP-1265"
Apollo 12;12041;"12041;23";;177.0;6.47;49.67;"J.C. Graf, 1993, "Lunar Soils Grain Size Catalog" NASA Reference Publication RP-1265"
Apollo 12;12041;"12041;23";;150.0;3.52;49.67;"J.C. Graf, 1993, "Lunar Soils Grain Size Catalog" NASA Reference Publication RP-1265"
Apollo 12;12041;"12041;23";;125.0;4.12;49.67;"J.C. Graf, 1993, "Lunar Soils Grain Size Catalog" NASA Reference Publication RP-1265"
Apollo 12;12041;"12041;23";;105.0;5.49;49.67;"J.C. Graf, 1993, "Lunar Soils Grain Size Catalog" NASA Reference Publication RP-1265"
Apollo 12;12041;"12041;23";;74.0;8.04;49.67;"J.C. Graf, 1993, "Lunar Soils Grain Size Catalog" NASA Reference Publication RP-1265"
Apollo 12;12041;"12041;23";;53.0;6.66;49.67;"J.C. Graf, 1993, "Lunar Soils Grain Size Catalog" NASA Reference Publication RP-1265"
Apollo 12;12041;"12041;23";;44.0;5.68;49.67;"J.C. Graf, 1993, "Lunar Soils Grain Size Catalog" NASA Reference Publication RP-1265"
Apollo 12;12041;"12041;23";;37.0;4.32;49.67;"J.C. Graf, 1993, "Lunar Soils Grain Size Catalog" NASA Reference Publication RP-1265"
Apollo 12;12041;"12041;23";;30.0;7.26;49.67;"J.C. Graf, 1993, "Lunar Soils Grain Size Catalog" NASA Reference Publication RP-1265"
Apollo 12;12041;"12041;23";;20.0;33.72;49.67;"J.C. Graf, 1993, "Lunar Soils Grain Size Catalog" NASA Reference Publication RP-1265"
Apollo 12;12042;"12042;24";;10000.0;0.0;65.19;"J.C. Graf, 1993, "Lunar Soils Grain Size Catalog" NASA Reference Publication RP-1265"
Apollo 12;12042;"12042;24";;4000.0;0.0;65.19;"J.C. Graf, 1993, "Lunar Soils Grain Size Catalog" NASA Reference Publication RP-1265"
Apollo 12;12042;"12042;24";;2000.0;0.75;65.19;"J.C. Graf, 1993, "Lunar Soils Grain Size Catalog" NASA Reference Publication RP-1265"
Apollo 12;12042;"12042;24";;1000.0;1.77;65.19;"J.C. Graf, 1993, "Lunar Soils Grain Size Catalog" NASA Reference Publication RP-1265"
Apollo 12;12042;"12042;24";;500.0;5.15;65.19;"J.C. Graf, 1993, "Lunar Soils Grain Size Catalog" NASA Reference Publication RP-1265"
Apollo 12;12042;"12042;24";;250.0;9.62;65.19;"J.C. Graf, 1993, "Lunar Soils Grain Size Catalog" NASA Reference Publication RP-1265"
Apollo 12;12042;"12042;24";;150.0;10.62;65.19;"J.C. Graf, 1993, "Lunar Soils Grain Size Catalog" NASA Reference Publication RP-1265"
Apollo 12;12042;"12042;24";;90.0;13.35;65.19;"J.C. Graf, 1993, "Lunar Soils Grain Size Catalog" NASA Reference Publication RP-1265"
Apollo 12;12042;"12042;24";;75.0;4.81;65.19;"J.C. Graf, 1993, "Lunar Soils Grain Size Catalog" NASA Reference Publication RP-1265"
Apollo 12;12042;"12042;24";;45.0;14.32;65.19;"J.C. Graf, 1993, "Lunar Soils Grain Size Catalog" NASA Reference Publication RP-1265"
Apollo 12;12042;"12042;24";;20.0;17.9;65.19;"J.C. Graf, 1993, "Lunar Soils Grain Size Catalog" NASA Reference Publication RP-1265"
Apollo 12;12042;"12042;24";;1.0;20.71;65.19;"J.C. Graf, 1993, "Lunar Soils Grain Size Catalog" NASA Reference Publication RP-1265"
Apollo 12;12042;"12042;28";;10000.0;0.0;100.48;"J.C. Graf, 1993, "Lunar Soils Grain Size Catalog" NASA Reference Publication RP-1265"
Apollo 12;12042;"12042;28";;4000.0;0.0;100.48;"J.C. Graf, 1993, "Lunar Soils Grain Size Catalog" NASA Reference Publication RP-1265"
Apollo 12;12042;"12042;28";;2000.0;0.75;100.48;"J.C. Graf, 1993, "Lunar Soils Grain Size Catalog" NASA Reference Publication RP-1265"
Apollo 12;12042;"12042;28";;1000.0;1.77;100.48;"J.C. Graf, 1993, "Lunar Soils Grain Size Catalog" NASA Reference Publication RP-1265"
Apollo 12;12042;"12042;28";;841.0;1.41;100.48;"J.C. Graf, 1993, "Lunar Soils Grain Size Catalog" NASA Reference Publication RP-1265"
Apollo 12;12042;"12042;28";;420.0;6.81;100.48;"J.C. Graf, 1993, "Lunar Soils Grain Size Catalog" NASA Reference Publication RP-1265"
Apollo 12;12042;"12042;28";;250.0;9.62;100.48;"J.C. Graf, 1993, "Lunar Soils Grain Size Catalog" NASA Reference Publication RP-1265"
Apollo 12;12042;"12042;28";;177.0;8.45;100.48;"J.C. Graf, 1993, "Lunar Soils Grain Size Catalog" NASA Reference Publication RP-1265"
Apollo 12;12042;"12042;28";;150.0;7.04;100.48;"J.C. Graf, 1993, "Lunar Soils Grain Size Catalog" NASA Reference Publication RP-1265"
Apollo 12;12042;"12042;28";;125.0;5.17;100.48;"J.C. Graf, 1993, "Lunar Soils Grain Size Catalog" NASA Reference Publication RP-1265"
Apollo 12;12042;"12042;28";;105.0;7.74;100.48;"J.C. Graf, 1993, "Lunar Soils Grain Size Catalog" NASA Reference Publication RP-1265"
Apollo 12;12042;"12042;28";;74.0;9.86;100.48;"J.C. Graf, 1993, "Lunar Soils Grain Size Catalog" NASA Reference Publication RP-1265"
Apollo 12;12042;"12042;28";;64.0;2.35;100.48;"J.C. Graf, 1993, "Lunar Soils Grain Size Catalog" NASA Reference Publication RP-1265"
Apollo 12;12042;"12042;28";;53.0;1.64;100.48;"J.C. Graf, 1993, "Lunar Soils Grain Size Catalog" NASA Reference Publication RP-1265"
Apollo 12;12042;"12042;28";;44.0;6.81;100.48;"J.C. Graf, 1993, "Lunar Soils Grain Size Catalog" NASA Reference Publication RP-1265"
Apollo 12;12042;"12042;28";;37.0;8.22;100.48;"J.C. Graf, 1993, "Lunar Soils Grain Size Catalog" NASA Reference Publication RP-1265"
Apollo 12;12042;"12042;28";;30.0;4.69;100.48;"J.C. Graf, 1993, "Lunar Soils Grain Size Catalog" NASA Reference Publication RP-1265"
Apollo 12;12042;"12042;28";;20.0;8.92;100.48;"J.C. Graf, 1993, "Lunar Soils Grain Size Catalog" NASA Reference Publication RP-1265"
Apollo 12;12042;"12042;28";;10.0;3.52;100.48;"J.C. Graf, 1993, "Lunar Soils Grain Size Catalog" NASA Reference Publication RP-1265"
Apollo 12;12042;"12042;28";;1.0;4.23;100.48;"J.C. Graf, 1993, "Lunar Soils Grain Size Catalog" NASA Reference Publication RP-1265"
Apollo 12;12044;"12044;12";;10000.0;0.0;56.22;"J.C. Graf, 1993, "Lunar Soils Grain Size Catalog" NASA Reference Publication RP-1265"
Apollo 12;12044;"12044;12";;1000.0;0.0;56.22;"J.C. Graf, 1993, "Lunar Soils Grain Size Catalog" NASA Reference Publication RP-1265"
Apollo 12;12044;"12044;12";;500.0;3.09;56.22;"J.C. Graf, 1993, "Lunar Soils Grain Size Catalog" NASA Reference Publication RP-1265"
Apollo 12;12044;"12044;12";;250.0;7.05;56.22;"J.C. Graf, 1993, "Lunar Soils Grain Size Catalog" NASA Reference Publication RP-1265"
Apollo 12;12044;"12044;12";;150.0;10.33;56.22;"J.C. Graf, 1993, "Lunar Soils Grain Size Catalog" NASA Reference Publication RP-1265"
Apollo 12;12044;"12044;12";;90.0;14.79;56.22;"J.C. Graf, 1993, "Lunar Soils Grain Size Catalog" NASA Reference Publication RP-1265"
Apollo 12;12044;"12044;12";;75.0;5.54;56.22;"J.C. Graf, 1993, "Lunar Soils Grain Size Catalog" NASA Reference Publication RP-1265"
Apollo 12;12044;"12044;12";;45.0;16.31;56.22;"J.C. Graf, 1993, "Lunar Soils Grain Size Catalog" NASA Reference Publication RP-1265"
Apollo 12;12044;"12044;12";;20.0;18.63;56.22;"J.C. Graf, 1993, "Lunar Soils Grain Size Catalog" NASA Reference Publication RP-1265"
Apollo 12;12044;"12044;12";;1.0;23.26;56.22;"J.C. Graf, 1993, "Lunar Soils Grain Size Catalog" NASA Reference Publication RP-1265"
Apollo 12;12044;"12044;40";;10000.0;0.0;89.94;"J.C. Graf, 1993, "Lunar Soils Grain Size Catalog" NASA Reference Publication RP-1265"
Apollo 12;12044;"12044;40";;1000.0;0.0;89.94;"J.C. Graf, 1993, "Lunar Soils Grain Size Catalog" NASA Reference Publication RP-1265"
Apollo 12;12044;"12044;40";;841.0;1.52;89.94;"J.C. Graf, 1993, "Lunar Soils Grain Size Catalog" NASA Reference Publication RP-1265"
Apollo 12;12044;"12044;40";;420.0;6.33;89.94;"J.C. Graf, 1993, "Lunar Soils Grain Size Catalog" NASA Reference Publication RP-1265"
Apollo 12;12044;"12044;40";;250.0;10.13;89.94;"J.C. Graf, 1993, "Lunar Soils Grain Size Catalog" NASA Reference Publication RP-1265"
Apollo 12;12044;"12044;40";;177.0;8.86;89.94;"J.C. Graf, 1993, "Lunar Soils Grain Size Catalog" NASA Reference Publication RP-1265"
Apollo 12;12044;"12044;40";;150.0;7.09;89.94;"J.C. Graf, 1993, "Lunar Soils Grain Size Catalog" NASA Reference Publication RP-1265"
Apollo 12;12044;"12044;40";;125.0;5.82;89.94;"J.C. Graf, 1993, "Lunar Soils Grain Size Catalog" NASA Reference Publication RP-1265"
Apollo 12;12044;"12044;40";;105.0;6.33;89.94;"J.C. Graf, 1993, "Lunar Soils Grain Size Catalog" NASA Reference Publication RP-1265"
Apollo 12;12044;"12044;40";;74.0;8.86;89.94;"J.C. Graf, 1993, "Lunar Soils Grain Size Catalog" NASA Reference Publication RP-1265"
Apollo 12;12044;"12044;40";;53.0;7.59;89.94;"J.C. Graf, 1993, "Lunar Soils Grain Size Catalog" NASA Reference Publication RP-1265"
Apollo 12;12044;"12044;40";;44.0;6.58;89.94;"J.C. Graf, 1993, "Lunar Soils Grain Size Catalog" NASA Reference Publication RP-1265"
Apollo 12;12044;"12044;40";;37.0;6.33;89.94;"J.C. Graf, 1993, "Lunar Soils Grain Size Catalog" NASA Reference Publication RP-1265"
Apollo 12;12044;"12044;40";;30.0;5.07;89.94;"J.C. Graf, 1993, "Lunar Soils Grain Size Catalog" NASA Reference Publication RP-1265"
Apollo 12;12044;"12044;40";;20.0;8.61;89.94;"J.C. Graf, 1993, "Lunar Soils Grain Size Catalog" NASA Reference Publication RP-1265"
Apollo 12;12044;"12044;40";;10.0;5.82;89.94;"J.C. Graf, 1993, "Lunar Soils Grain Size Catalog" NASA Reference Publication RP-1265"
Apollo 12;12044;"12044;40";;1.0;4.05;89.94;"J.C. Graf, 1993, "Lunar Soils Grain Size Catalog" NASA Reference Publication RP-1265"
Apollo 12;12070;"12070;104";;10000.0;0.0;58.97;"J.C. Graf, 1993, "Lunar Soils Grain Size Catalog" NASA Reference Publication RP-1265"
Apollo 12;12070;"12070;104";;1000.0;0.0;58.97;"J.C. Graf, 1993, "Lunar Soils Grain Size Catalog" NASA Reference Publication RP-1265"
Apollo 12;12070;"12070;104";;500.0;3.72;58.97;"J.C. Graf, 1993, "Lunar Soils Grain Size Catalog" NASA Reference Publication RP-1265"
Apollo 12;12070;"12070;104";;250.0;8.98;58.97;"J.C. Graf, 1993, "Lunar Soils Grain Size Catalog" NASA Reference Publication RP-1265"
Apollo 12;12070;"12070;104";;150.0;10.44;58.97;"J.C. Graf, 1993, "Lunar Soils Grain Size Catalog" NASA Reference Publication RP-1265"
Apollo 12;12070;"12070;104";;90.0;13.86;58.97;"J.C. Graf, 1993, "Lunar Soils Grain Size Catalog" NASA Reference Publication RP-1265"
Apollo 12;12070;"12070;104";;75.0;6.05;58.97;"J.C. Graf, 1993, "Lunar Soils Grain Size Catalog" NASA Reference Publication RP-1265"
Apollo 12;12070;"12070;104";;45.0;14.76;58.97;"J.C. Graf, 1993, "Lunar Soils Grain Size Catalog" NASA Reference Publication RP-1265"
Apollo 12;12070;"12070;104";;20.0;19.91;58.97;"J.C. Graf, 1993, "Lunar Soils Grain Size Catalog" NASA Reference Publication RP-1265"
Apollo 12;12070;"12070;104";;1.0;21.28;58.97;"J.C. Graf, 1993, "Lunar Soils Grain Size Catalog" NASA Reference Publication RP-1265"
Apollo 12;12070;"12070;166";;10000.0;0.0;50.79;"J.C. Graf, 1993, "Lunar Soils Grain Size Catalog" NASA Reference Publication RP-1265"
Apollo 12;12070;"12070;166";;1000.0;0.0;50.79;"J.C. Graf, 1993, "Lunar Soils Grain Size Catalog" NASA Reference Publication RP-1265"
Apollo 12;12070;"12070;166";;841.0;2.77;50.79;"J.C. Graf, 1993, "Lunar Soils Grain Size Catalog" NASA Reference Publication RP-1265"
Apollo 12;12070;"12070;166";;420.0;5.15;50.79;"J.C. Graf, 1993, "Lunar Soils Grain Size Catalog" NASA Reference Publication RP-1265"
Apollo 12;12070;"12070;166";;250.0;7.13;50.79;"J.C. Graf, 1993, "Lunar Soils Grain Size Catalog" NASA Reference Publication RP-1265"
Apollo 12;12070;"12070;166";;177.0;7.52;50.79;"J.C. Graf, 1993, "Lunar Soils Grain Size Catalog" NASA Reference Publication RP-1265"
Apollo 12;12070;"12070;166";;150.0;2.77;50.79;"J.C. Graf, 1993, "Lunar Soils Grain Size Catalog" NASA Reference Publication RP-1265"
Apollo 12;12070;"12070;166";;125.0;3.56;50.79;"J.C. Graf, 1993, "Lunar Soils Grain Size Catalog" NASA Reference Publication RP-1265"
Apollo 12;12070;"12070;166";;105.0;4.95;50.79;"J.C. Graf, 1993, "Lunar Soils Grain Size Catalog" NASA Reference Publication RP-1265"
Apollo 12;12070;"12070;166";;74.0;7.72;50.79;"J.C. Graf, 1993, "Lunar Soils Grain Size Catalog" NASA Reference Publication RP-1265"
Apollo 12;12070;"12070;166";;53.0;6.53;50.79;"J.C. Graf, 1993, "Lunar Soils Grain Size Catalog" NASA Reference Publication RP-1265"
Apollo 12;12070;"12070;166";;44.0;8.32;50.79;"J.C. Graf, 1993, "Lunar Soils Grain Size Catalog" NASA Reference Publication RP-1265"
Apollo 12;12070;"12070;166";;37.0;4.36;50.79;"J.C. Graf, 1993, "Lunar Soils Grain Size Catalog" NASA Reference Publication RP-1265"
Apollo 12;12070;"12070;166";;30.0;8.51;50.79;"J.C. Graf, 1993, "Lunar Soils Grain Size Catalog" NASA Reference Publication RP-1265"
Apollo 12;12070;"12070;166";;20.0;9.31;50.79;"J.C. Graf, 1993, "Lunar Soils Grain Size Catalog" NASA Reference Publication RP-1265"
Apollo 12;12070;"12070;166";;1.0;20.39;50.79;"J.C. Graf, 1993, "Lunar Soils Grain Size Catalog" NASA Reference Publication RP-1265"
Apollo 14;14003;"14003;39";;10000.0;0.0;71.05;"J.C. Graf, 1993, "Lunar Soils Grain Size Catalog" NASA Reference Publication RP-1265"
Apollo 14;14003;"14003;39";;4000.0;3.1;71.05;"J.C. Graf, 1993, "Lunar Soils Grain Size Catalog" NASA Reference Publication RP-1265"
Apollo 14;14003;"14003;39";;2000.0;2.99;71.05;"J.C. Graf, 1993, "Lunar Soils Grain Size Catalog" NASA Reference Publication RP-1265"
Apollo 14;14003;"14003;39";;1000.0;3.95;71.05;"J.C. Graf, 1993, "Lunar Soils Grain Size Catalog" NASA Reference Publication RP-1265"
Apollo 14;14003;"14003;39";;500.0;6.41;71.05;"J.C. Graf, 1993, "Lunar Soils Grain Size Catalog" NASA Reference Publication RP-1265"
Apollo 14;14003;"14003;39";;250.0;8.19;71.05;"J.C. Graf, 1993, "Lunar Soils Grain Size Catalog" NASA Reference Publication RP-1265"
Apollo 14;14003;"14003;39";;125.0;12.73;71.05;"J.C. Graf, 1993, "Lunar Soils Grain Size Catalog" NASA Reference Publication RP-1265"
Apollo 14;14003;"14003;39";;63.0;15.32;71.05;"J.C. Graf, 1993, "Lunar Soils Grain Size Catalog" NASA Reference Publication RP-1265"
Apollo 14;14003;"14003;39";;20.0;19.41;71.05;"J.C. Graf, 1993, "Lunar Soils Grain Size Catalog" NASA Reference Publication RP-1265"
Apollo 14;14003;"14003;39";;10.0;7.39;71.05;"J.C. Graf, 1993, "Lunar Soils Grain Size Catalog" NASA Reference Publication RP-1265"
Apollo 14;14003;"14003;39";;4.0;12.47;71.05;"J.C. Graf, 1993, "Lunar Soils Grain Size Catalog" NASA Reference Publication RP-1265"
Apollo 14;14003;"14003;39";;1.0;7.03;71.05;"J.C. Graf, 1993, "Lunar Soils Grain Size Catalog" NASA Reference Publication RP-1265"
Apollo 14;14141;"14141;29";;10000.0;0.0;489.47;"J.C. Graf, 1993, "Lunar Soils Grain Size Catalog" NASA Reference Publication RP-1265"
Apollo 14;14141;"14141;29";;4000.0;15.33;489.47;"J.C. Graf, 1993, "Lunar Soils Grain Size Catalog" NASA Reference Publication RP-1265"
Apollo 14;14141;"14141;29";;2000.0;13.88;489.47;"J.C. Graf, 1993, "Lunar Soils Grain Size Catalog" NASA Reference Publication RP-1265"
Apollo 14;14141;"14141;29";;1000.0;11.03;489.47;"J.C. Graf, 1993, "Lunar Soils Grain Size Catalog" NASA Reference Publication RP-1265"
Apollo 14;14141;"14141;29";;841.0;2.37;489.47;"J.C. Graf, 1993, "Lunar Soils Grain Size Catalog" NASA Reference Publication RP-1265"
Apollo 14;14141;"14141;29";;420.0;9.48;489.47;"J.C. Graf, 1993, "Lunar Soils Grain Size Catalog" NASA Reference Publication RP-1265"
Apollo 14;14141;"14141;29";;250.0;7.09;489.47;"J.C. Graf, 1993, "Lunar Soils Grain Size Catalog" NASA Reference Publication RP-1265"
Apollo 14;14141;"14141;29";;177.0;4.87;489.47;"J.C. Graf, 1993, "Lunar Soils Grain Size Catalog" NASA Reference Publication RP-1265"
Apollo 14;14141;"14141;29";;150.0;2.25;489.47;"J.C. Graf, 1993, "Lunar Soils Grain Size Catalog" NASA Reference Publication RP-1265"
Apollo 14;14141;"14141;29";;125.0;2.48;489.47;"J.C. Graf, 1993, "Lunar Soils Grain Size Catalog" NASA Reference Publication RP-1265"
Apollo 14;14141;"14141;29";;105.0;2.6;489.47;"J.C. Graf, 1993, "Lunar Soils Grain Size Catalog" NASA Reference Publication RP-1265"
Apollo 14;14141;"14141;29";;74.0;3.86;489.47;"J.C. Graf, 1993, "Lunar Soils Grain Size Catalog" NASA Reference Publication RP-1265"
Apollo 14;14141;"14141;29";;53.0;3.03;489.47;"J.C. Graf, 1993, "Lunar Soils Grain Size Catalog" NASA Reference Publication RP-1265"
Apollo 14;14141;"14141;29";;44.0;2.4;489.47;"J.C. Graf, 1993, "Lunar Soils Grain Size Catalog" NASA Reference Publication RP-1265"
Apollo 14;14141;"14141;29";;37.0;2.56;489.47;"J.C. Graf, 1993, "Lunar Soils Grain Size Catalog" NASA Reference Publication RP-1265"
Apollo 14;14141;"14141;29";;30.0;3.64;489.47;"J.C. Graf, 1993, "Lunar Soils Grain Size Catalog" NASA Reference Publication RP-1265"
Apollo 14;14141;"14141;29";;20.0;5.86;489.47;"J.C. Graf, 1993, "Lunar Soils Grain Size Catalog" NASA Reference Publication RP-1265"
Apollo 14;14141;"14141;29";;10.0;2.91;489.47;"J.C. Graf, 1993, "Lunar Soils Grain Size Catalog" NASA Reference Publication RP-1265"
Apollo 14;14141;"14141;29";;1.0;3.36;489.47;"J.C. Graf, 1993, "Lunar Soils Grain Size Catalog" NASA Reference Publication RP-1265"
Apollo 14;14141;"14141;30";;10000.0;0.0;492.08;"J.C. Graf, 1993, "Lunar Soils Grain Size Catalog" NASA Reference Publication RP-1265"
Apollo 14;14141;"14141;30";;4000.0;15.32;492.08;"J.C. Graf, 1993, "Lunar Soils Grain Size Catalog" NASA Reference Publication RP-1265"
Apollo 14;14141;"14141;30";;2000.0;13.88;492.08;"J.C. Graf, 1993, "Lunar Soils Grain Size Catalog" NASA Reference Publication RP-1265"
Apollo 14;14141;"14141;30";;1000.0;11.03;492.08;"J.C. Graf, 1993, "Lunar Soils Grain Size Catalog" NASA Reference Publication RP-1265"
Apollo 14;14141;"14141;30";;250.0;19.1;492.08;"J.C. Graf, 1993, "Lunar Soils Grain Size Catalog" NASA Reference Publication RP-1265"
Apollo 14;14141;"14141;30";;150.0;7.07;492.08;"J.C. Graf, 1993, "Lunar Soils Grain Size Catalog" NASA Reference Publication RP-1265"
Apollo 14;14141;"14141;30";;90.0;7.69;492.08;"J.C. Graf, 1993, "Lunar Soils Grain Size Catalog" NASA Reference Publication RP-1265"
Apollo 14;14141;"14141;30";;75.0;2.52;492.08;"J.C. Graf, 1993, "Lunar Soils Grain Size Catalog" NASA Reference Publication RP-1265"
Apollo 14;14141;"14141;30";;60.0;3.01;492.08;"J.C. Graf, 1993, "Lunar Soils Grain Size Catalog" NASA Reference Publication RP-1265"
Apollo 14;14141;"14141;30";;45.0;3.4;492.08;"J.C. Graf, 1993, "Lunar Soils Grain Size Catalog" NASA Reference Publication RP-1265"
Apollo 14;14141;"14141;30";;30.0;5.17;492.08;"J.C. Graf, 1993, "Lunar Soils Grain Size Catalog" NASA Reference Publication RP-1265"
Apollo 14;14141;"14141;30";;20.0;3.69;492.08;"J.C. Graf, 1993, "Lunar Soils Grain Size Catalog" NASA Reference Publication RP-1265"
Apollo 14;14141;"14141;30";;15.6;1.87;492.08;"J.C. Graf, 1993, "Lunar Soils Grain Size Catalog" NASA Reference Publication RP-1265"
Apollo 14;14141;"14141;30";;7.8;4.34;492.08;"J.C. Graf, 1993, "Lunar Soils Grain Size Catalog" NASA Reference Publication RP-1265"
Apollo 14;14141;"14141;30";;3.9;0.78;492.08;"J.C. Graf, 1993, "Lunar Soils Grain Size Catalog" NASA Reference Publication RP-1265"
Apollo 14;14141;"14141;30";;1.0;0.13;492.08;"J.C. Graf, 1993, "Lunar Soils Grain Size Catalog" NASA Reference Publication RP-1265"
Apollo 14;14148;"14148;22";;10000.0;0.0;49.64;"J.C. Graf, 1993, "Lunar Soils Grain Size Catalog" NASA Reference Publication RP-1265"
Apollo 14;14148;"14148;22";;4000.0;1.18;49.64;"J.C. Graf, 1993, "Lunar Soils Grain Size Catalog" NASA Reference Publication RP-1265"
Apollo 14;14148;"14148;22";;2000.0;2.15;49.64;"J.C. Graf, 1993, "Lunar Soils Grain Size Catalog" NASA Reference Publication RP-1265"
Apollo 14;14148;"14148;22";;1000.0;3.62;49.64;"J.C. Graf, 1993, "Lunar Soils Grain Size Catalog" NASA Reference Publication RP-1265"
Apollo 14;14148;"14148;22";;841.0;0.37;49.64;"J.C. Graf, 1993, "Lunar Soils Grain Size Catalog" NASA Reference Publication RP-1265"
Apollo 14;14148;"14148;22";;420.0;5.4;49.64;"J.C. Graf, 1993, "Lunar Soils Grain Size Catalog" NASA Reference Publication RP-1265"
Apollo 14;14148;"14148;22";;250.0;6.89;49.64;"J.C. Graf, 1993, "Lunar Soils Grain Size Catalog" NASA Reference Publication RP-1265"
Apollo 14;14148;"14148;22";;177.0;5.35;49.64;"J.C. Graf, 1993, "Lunar Soils Grain Size Catalog" NASA Reference Publication RP-1265"
Apollo 14;14148;"14148;22";;150.0;3.3;49.64;"J.C. Graf, 1993, "Lunar Soils Grain Size Catalog" NASA Reference Publication RP-1265"
Apollo 14;14148;"14148;22";;125.0;3.36;49.64;"J.C. Graf, 1993, "Lunar Soils Grain Size Catalog" NASA Reference Publication RP-1265"
Apollo 14;14148;"14148;22";;105.0;4.75;49.64;"J.C. Graf, 1993, "Lunar Soils Grain Size Catalog" NASA Reference Publication RP-1265"
Apollo 14;14148;"14148;22";;74.0;6.89;49.64;"J.C. Graf, 1993, "Lunar Soils Grain Size Catalog" NASA Reference Publication RP-1265"
Apollo 14;14148;"14148;22";;53.0;5.23;49.64;"J.C. Graf, 1993, "Lunar Soils Grain Size Catalog" NASA Reference Publication RP-1265"
Apollo 14;14148;"14148;22";;44.0;4.29;49.64;"J.C. Graf, 1993, "Lunar Soils Grain Size Catalog" NASA Reference Publication RP-1265"
Apollo 14;14148;"14148;22";;37.0;4.25;49.64;"J.C. Graf, 1993, "Lunar Soils Grain Size Catalog" NASA Reference Publication RP-1265"
Apollo 14;14148;"14148;22";;30.0;7.18;49.64;"J.C. Graf, 1993, "Lunar Soils Grain Size Catalog" NASA Reference Publication RP-1265"
Apollo 14;14148;"14148;22";;20.0;14.32;49.64;"J.C. Graf, 1993, "Lunar Soils Grain Size Catalog" NASA Reference Publication RP-1265"
Apollo 14;14148;"14148;22";;10.0;7.87;49.64;"J.C. Graf, 1993, "Lunar Soils Grain Size Catalog" NASA Reference Publication RP-1265"
Apollo 14;14148;"14148;22";;1.0;12.63;49.64;"J.C. Graf, 1993, "Lunar Soils Grain Size Catalog" NASA Reference Publication RP-1265"
Apollo 14;14148;"14148;23";;10000.0;0.0;58.73;"J.C. Graf, 1993, "Lunar Soils Grain Size Catalog" NASA Reference Publication RP-1265"
Apollo 14;14148;"14148;23";;4000.0;1.18;58.73;"J.C. Graf, 1993, "Lunar Soils Grain Size Catalog" NASA Reference Publication RP-1265"
Apollo 14;14148;"14148;23";;2000.0;2.15;58.73;"J.C. Graf, 1993, "Lunar Soils Grain Size Catalog" NASA Reference Publication RP-1265"
Apollo 14;14148;"14148;23";;1000.0;3.62;58.73;"J.C. Graf, 1993, "Lunar Soils Grain Size Catalog" NASA Reference Publication RP-1265"
Apollo 14;14148;"14148;23";;250.0;13.77;58.73;"J.C. Graf, 1993, "Lunar Soils Grain Size Catalog" NASA Reference Publication RP-1265"
Apollo 14;14148;"14148;23";;150.0;8.29;58.73;"J.C. Graf, 1993, "Lunar Soils Grain Size Catalog" NASA Reference Publication RP-1265"
Apollo 14;14148;"14148;23";;90.0;10.5;58.73;"J.C. Graf, 1993, "Lunar Soils Grain Size Catalog" NASA Reference Publication RP-1265"
Apollo 14;14148;"14148;23";;75.0;4.62;58.73;"J.C. Graf, 1993, "Lunar Soils Grain Size Catalog" NASA Reference Publication RP-1265"
Apollo 14;14148;"14148;23";;60.0;5.37;58.73;"J.C. Graf, 1993, "Lunar Soils Grain Size Catalog" NASA Reference Publication RP-1265"
Apollo 14;14148;"14148;23";;45.0;6.73;58.73;"J.C. Graf, 1993, "Lunar Soils Grain Size Catalog" NASA Reference Publication RP-1265"
Apollo 14;14148;"14148;23";;30.0;10.49;58.73;"J.C. Graf, 1993, "Lunar Soils Grain Size Catalog" NASA Reference Publication RP-1265"
Apollo 14;14148;"14148;23";;20.0;12.5;58.73;"J.C. Graf, 1993, "Lunar Soils Grain Size Catalog" NASA Reference Publication RP-1265"
Apollo 14;14148;"14148;23";;15.6;10.82;58.73;"J.C. Graf, 1993, "Lunar Soils Grain Size Catalog" NASA Reference Publication RP-1265"
Apollo 14;14148;"14148;23";;7.8;7.04;58.73;"J.C. Graf, 1993, "Lunar Soils Grain Size Catalog" NASA Reference Publication RP-1265"
Apollo 14;14148;"14148;23";;3.9;1.63;58.73;"J.C. Graf, 1993, "Lunar Soils Grain Size Catalog" NASA Reference Publication RP-1265"
Apollo 14;14148;"14148;23";;1.0;0.29;58.73;"J.C. Graf, 1993, "Lunar Soils Grain Size Catalog" NASA Reference Publication RP-1265"
Apollo 14;14149;"14149;39";;10000.0;0.0;177.92;"J.C. Graf, 1993, "Lunar Soils Grain Size Catalog" NASA Reference Publication RP-1265"
Apollo 14;14149;"14149;39";;4000.0;8.97;177.92;"J.C. Graf, 1993, "Lunar Soils Grain Size Catalog" NASA Reference Publication RP-1265"
Apollo 14;14149;"14149;39";;2000.0;9.22;177.92;"J.C. Graf, 1993, "Lunar Soils Grain Size Catalog" NASA Reference Publication RP-1265"
Apollo 14;14149;"14149;39";;1000.0;9.47;177.92;"J.C. Graf, 1993, "Lunar Soils Grain Size Catalog" NASA Reference Publication RP-1265"
Apollo 14;14149;"14149;39";;250.0;17.18;177.92;"J.C. Graf, 1993, "Lunar Soils Grain Size Catalog" NASA Reference Publication RP-1265"
Apollo 14;14149;"14149;39";;150.0;7.75;177.92;"J.C. Graf, 1993, "Lunar Soils Grain Size Catalog" NASA Reference Publication RP-1265"
Apollo 14;14149;"14149;39";;90.0;9.33;177.92;"J.C. Graf, 1993, "Lunar Soils Grain Size Catalog" NASA Reference Publication RP-1265"
Apollo 14;14149;"14149;39";;75.0;3.48;177.92;"J.C. Graf, 1993, "Lunar Soils Grain Size Catalog" NASA Reference Publication RP-1265"
Apollo 14;14149;"14149;39";;60.0;3.79;177.92;"J.C. Graf, 1993, "Lunar Soils Grain Size Catalog" NASA Reference Publication RP-1265"
Apollo 14;14149;"14149;39";;45.0;5.23;177.92;"J.C. Graf, 1993, "Lunar Soils Grain Size Catalog" NASA Reference Publication RP-1265"
Apollo 14;14149;"14149;39";;30.0;7.31;177.92;"J.C. Graf, 1993, "Lunar Soils Grain Size Catalog" NASA Reference Publication RP-1265"
Apollo 14;14149;"14149;39";;20.0;7.28;177.92;"J.C. Graf, 1993, "Lunar Soils Grain Size Catalog" NASA Reference Publication RP-1265"
Apollo 14;14149;"14149;39";;15.6;4.72;177.92;"J.C. Graf, 1993, "Lunar Soils Grain Size Catalog" NASA Reference Publication RP-1265"
Apollo 14;14149;"14149;39";;7.8;4.17;177.92;"J.C. Graf, 1993, "Lunar Soils Grain Size Catalog" NASA Reference Publication RP-1265"
Apollo 14;14149;"14149;39";;3.9;0.95;177.92;"J.C. Graf, 1993, "Lunar Soils Grain Size Catalog" NASA Reference Publication RP-1265"
Apollo 14;14149;"14149;39";;1.0;0.16;177.92;"J.C. Graf, 1993, "Lunar Soils Grain Size Catalog" NASA Reference Publication RP-1265"
Apollo 14;14149;"14149;38";;10000.0;0.0;138.58;"J.C. Graf, 1993, "Lunar Soils Grain Size Catalog" NASA Reference Publication RP-1265"
Apollo 14;14149;"14149;38";;4000.0;8.97;138.58;"J.C. Graf, 1993, "Lunar Soils Grain Size Catalog" NASA Reference Publication RP-1265"
Apollo 14;14149;"14149;38";;2000.0;9.21;138.58;"J.C. Graf, 1993, "Lunar Soils Grain Size Catalog" NASA Reference Publication RP-1265"
Apollo 14;14149;"14149;38";;1000.0;9.47;138.58;"J.C. Graf, 1993, "Lunar Soils Grain Size Catalog" NASA Reference Publication RP-1265"
Apollo 14;14149;"14149;38";;841.0;0.97;138.58;"J.C. Graf, 1993, "Lunar Soils Grain Size Catalog" NASA Reference Publication RP-1265"
Apollo 14;14149;"14149;38";;420.0;7.09;138.58;"J.C. Graf, 1993, "Lunar Soils Grain Size Catalog" NASA Reference Publication RP-1265"
Apollo 14;14149;"14149;38";;250.0;6.42;138.58;"J.C. Graf, 1993, "Lunar Soils Grain Size Catalog" NASA Reference Publication RP-1265"
Apollo 14;14149;"14149;38";;177.0;4.51;138.58;"J.C. Graf, 1993, "Lunar Soils Grain Size Catalog" NASA Reference Publication RP-1265"
Apollo 14;14149;"14149;38";;150.0;2.17;138.58;"J.C. Graf, 1993, "Lunar Soils Grain Size Catalog" NASA Reference Publication RP-1265"
Apollo 14;14149;"14149;38";;125.0;2.74;138.58;"J.C. Graf, 1993, "Lunar Soils Grain Size Catalog" NASA Reference Publication RP-1265"
Apollo 14;14149;"14149;38";;105.0;3.36;138.58;"J.C. Graf, 1993, "Lunar Soils Grain Size Catalog" NASA Reference Publication RP-1265"
Apollo 14;14149;"14149;38";;74.0;4.88;138.58;"J.C. Graf, 1993, "Lunar Soils Grain Size Catalog" NASA Reference Publication RP-1265"
Apollo 14;14149;"14149;38";;53.0;4.57;138.58;"J.C. Graf, 1993, "Lunar Soils Grain Size Catalog" NASA Reference Publication RP-1265"
Apollo 14;14149;"14149;38";;44.0;3.11;138.58;"J.C. Graf, 1993, "Lunar Soils Grain Size Catalog" NASA Reference Publication RP-1265"
Apollo 14;14149;"14149;38";;37.0;4.22;138.58;"J.C. Graf, 1993, "Lunar Soils Grain Size Catalog" NASA Reference Publication RP-1265"
Apollo 14;14149;"14149;38";;30.0;4.88;138.58;"J.C. Graf, 1993, "Lunar Soils Grain Size Catalog" NASA Reference Publication RP-1265"
Apollo 14;14149;"14149;38";;20.0;13.09;138.58;"J.C. Graf, 1993, "Lunar Soils Grain Size Catalog" NASA Reference Publication RP-1265"
Apollo 14;14149;"14149;38";;10.0;7.25;138.58;"J.C. Graf, 1993, "Lunar Soils Grain Size Catalog" NASA Reference Publication RP-1265"
Apollo 14;14149;"14149;38";;1.0;2.09;138.58;"J.C. Graf, 1993, "Lunar Soils Grain Size Catalog" NASA Reference Publication RP-1265"
Apollo 14;14156;"14156;22";;10000.0;0.0;69.39;"J.C. Graf, 1993, "Lunar Soils Grain Size Catalog" NASA Reference Publication RP-1265"
Apollo 14;14156;"14156;22";;4000.0;2.42;69.39;"J.C. Graf, 1993, "Lunar Soils Grain Size Catalog" NASA Reference Publication RP-1265"
Apollo 14;14156;"14156;22";;2000.0;2.57;69.39;"J.C. Graf, 1993, "Lunar Soils Grain Size Catalog" NASA Reference Publication RP-1265"
Apollo 14;14156;"14156;22";;1000.0;3.6;69.39;"J.C. Graf, 1993, "Lunar Soils Grain Size Catalog" NASA Reference Publication RP-1265"
Apollo 14;14156;"14156;22";;841.0;1.85;69.39;"J.C. Graf, 1993, "Lunar Soils Grain Size Catalog" NASA Reference Publication RP-1265"
Apollo 14;14156;"14156;22";;420.0;7.22;69.39;"J.C. Graf, 1993, "Lunar Soils Grain Size Catalog" NASA Reference Publication RP-1265"
Apollo 14;14156;"14156;22";;250.0;6.68;69.39;"J.C. Graf, 1993, "Lunar Soils Grain Size Catalog" NASA Reference Publication RP-1265"
Apollo 14;14156;"14156;22";;177.0;6.56;69.39;"J.C. Graf, 1993, "Lunar Soils Grain Size Catalog" NASA Reference Publication RP-1265"
Apollo 14;14156;"14156;22";;150.0;3.32;69.39;"J.C. Graf, 1993, "Lunar Soils Grain Size Catalog" NASA Reference Publication RP-1265"
Apollo 14;14156;"14156;22";;125.0;3.5;69.39;"J.C. Graf, 1993, "Lunar Soils Grain Size Catalog" NASA Reference Publication RP-1265"
Apollo 14;14156;"14156;22";;105.0;4.52;69.39;"J.C. Graf, 1993, "Lunar Soils Grain Size Catalog" NASA Reference Publication RP-1265"
Apollo 14;14156;"14156;22";;74.0;6.68;69.39;"J.C. Graf, 1993, "Lunar Soils Grain Size Catalog" NASA Reference Publication RP-1265"
Apollo 14;14156;"14156;22";;53.0;5.61;69.39;"J.C. Graf, 1993, "Lunar Soils Grain Size Catalog" NASA Reference Publication RP-1265"
Apollo 14;14156;"14156;22";;44.0;4.44;69.39;"J.C. Graf, 1993, "Lunar Soils Grain Size Catalog" NASA Reference Publication RP-1265"
Apollo 14;14156;"14156;22";;37.0;5.6;69.39;"J.C. Graf, 1993, "Lunar Soils Grain Size Catalog" NASA Reference Publication RP-1265"
Apollo 14;14156;"14156;22";;30.0;7.1;69.39;"J.C. Graf, 1993, "Lunar Soils Grain Size Catalog" NASA Reference Publication RP-1265"
Apollo 14;14156;"14156;22";;20.0;12.25;69.39;"J.C. Graf, 1993, "Lunar Soils Grain Size Catalog" NASA Reference Publication RP-1265"
Apollo 14;14156;"14156;22";;10.0;9.92;69.39;"J.C. Graf, 1993, "Lunar Soils Grain Size Catalog" NASA Reference Publication RP-1265"
Apollo 14;14156;"14156;22";;1.0;5.15;69.39;"J.C. Graf, 1993, "Lunar Soils Grain Size Catalog" NASA Reference Publication RP-1265"
Apollo 14;14156;"14156;23";;10000.0;0.0;72.83;"J.C. Graf, 1993, "Lunar Soils Grain Size Catalog" NASA Reference Publication RP-1265"
Apollo 14;14156;"14156;23";;4000.0;2.42;72.83;"J.C. Graf, 1993, "Lunar Soils Grain Size Catalog" NASA Reference Publication RP-1265"
Apollo 14;14156;"14156;23";;2000.0;2.56;72.83;"J.C. Graf, 1993, "Lunar Soils Grain Size Catalog" NASA Reference Publication RP-1265"
Apollo 14;14156;"14156;23";;1000.0;3.59;72.83;"J.C. Graf, 1993, "Lunar Soils Grain Size Catalog" NASA Reference Publication RP-1265"
Apollo 14;14156;"14156;23";;250.0;14.94;72.83;"J.C. Graf, 1993, "Lunar Soils Grain Size Catalog" NASA Reference Publication RP-1265"
Apollo 14;14156;"14156;23";;150.0;10.57;72.83;"J.C. Graf, 1993, "Lunar Soils Grain Size Catalog" NASA Reference Publication RP-1265"
Apollo 14;14156;"14156;23";;90.0;11.17;72.83;"J.C. Graf, 1993, "Lunar Soils Grain Size Catalog" NASA Reference Publication RP-1265"
Apollo 14;14156;"14156;23";;75.0;4.22;72.83;"J.C. Graf, 1993, "Lunar Soils Grain Size Catalog" NASA Reference Publication RP-1265"
Apollo 14;14156;"14156;23";;60.0;4.03;72.83;"J.C. Graf, 1993, "Lunar Soils Grain Size Catalog" NASA Reference Publication RP-1265"
Apollo 14;14156;"14156;23";;45.0;7.5;72.83;"J.C. Graf, 1993, "Lunar Soils Grain Size Catalog" NASA Reference Publication RP-1265"
Apollo 14;14156;"14156;23";;30.0;9.65;72.83;"J.C. Graf, 1993, "Lunar Soils Grain Size Catalog" NASA Reference Publication RP-1265"
Apollo 14;14156;"14156;23";;20.0;9.5;72.83;"J.C. Graf, 1993, "Lunar Soils Grain Size Catalog" NASA Reference Publication RP-1265"
Apollo 14;14156;"14156;23";;15.6;9.2;72.83;"J.C. Graf, 1993, "Lunar Soils Grain Size Catalog" NASA Reference Publication RP-1265"
Apollo 14;14156;"14156;23";;7.8;8.45;72.83;"J.C. Graf, 1993, "Lunar Soils Grain Size Catalog" NASA Reference Publication RP-1265"
Apollo 14;14156;"14156;23";;3.9;1.05;72.83;"J.C. Graf, 1993, "Lunar Soils Grain Size Catalog" NASA Reference Publication RP-1265"
Apollo 14;14156;"14156;23";;1.0;0.15;72.83;"J.C. Graf, 1993, "Lunar Soils Grain Size Catalog" NASA Reference Publication RP-1265"
Apollo 14;14163;"14163;120";;10000.0;0.0;52.25;"J.C. Graf, 1993, "Lunar Soils Grain Size Catalog" NASA Reference Publication RP-1265"
Apollo 14;14163;"14163;120";;4000.0;2.5;52.25;"J.C. Graf, 1993, "Lunar Soils Grain Size Catalog" NASA Reference Publication RP-1265"
Apollo 14;14163;"14163;120";;2000.0;2.5;52.25;"J.C. Graf, 1993, "Lunar Soils Grain Size Catalog" NASA Reference Publication RP-1265"
Apollo 14;14163;"14163;120";;1000.0;3.65;52.25;"J.C. Graf, 1993, "Lunar Soils Grain Size Catalog" NASA Reference Publication RP-1265"
Apollo 14;14163;"14163;120";;841.0;2.75;52.25;"J.C. Graf, 1993, "Lunar Soils Grain Size Catalog" NASA Reference Publication RP-1265"
Apollo 14;14163;"14163;120";;420.0;6.2;52.25;"J.C. Graf, 1993, "Lunar Soils Grain Size Catalog" NASA Reference Publication RP-1265"
Apollo 14;14163;"14163;120";;250.0;6.14;52.25;"J.C. Graf, 1993, "Lunar Soils Grain Size Catalog" NASA Reference Publication RP-1265"
Apollo 14;14163;"14163;120";;177.0;5.1;52.25;"J.C. Graf, 1993, "Lunar Soils Grain Size Catalog" NASA Reference Publication RP-1265"
Apollo 14;14163;"14163;120";;150.0;2.65;52.25;"J.C. Graf, 1993, "Lunar Soils Grain Size Catalog" NASA Reference Publication RP-1265"
Apollo 14;14163;"14163;120";;125.0;3.13;52.25;"J.C. Graf, 1993, "Lunar Soils Grain Size Catalog" NASA Reference Publication RP-1265"
Apollo 14;14163;"14163;120";;105.0;3.63;52.25;"J.C. Graf, 1993, "Lunar Soils Grain Size Catalog" NASA Reference Publication RP-1265"
Apollo 14;14163;"14163;120";;74.0;6.22;52.25;"J.C. Graf, 1993, "Lunar Soils Grain Size Catalog" NASA Reference Publication RP-1265"
Apollo 14;14163;"14163;120";;53.0;5.18;52.25;"J.C. Graf, 1993, "Lunar Soils Grain Size Catalog" NASA Reference Publication RP-1265"
Apollo 14;14163;"14163;120";;44.0;4.56;52.25;"J.C. Graf, 1993, "Lunar Soils Grain Size Catalog" NASA Reference Publication RP-1265"
Apollo 14;14163;"14163;120";;37.0;4.17;52.25;"J.C. Graf, 1993, "Lunar Soils Grain Size Catalog" NASA Reference Publication RP-1265"
Apollo 14;14163;"14163;120";;30.0;6.29;52.25;"J.C. Graf, 1993, "Lunar Soils Grain Size Catalog" NASA Reference Publication RP-1265"
Apollo 14;14163;"14163;120";;20.0;9.25;52.25;"J.C. Graf, 1993, "Lunar Soils Grain Size Catalog" NASA Reference Publication RP-1265"
Apollo 14;14163;"14163;120";;10.0;8.68;52.25;"J.C. Graf, 1993, "Lunar Soils Grain Size Catalog" NASA Reference Publication RP-1265"
Apollo 14;14163;"14163;120";;1.0;16.41;52.25;"J.C. Graf, 1993, "Lunar Soils Grain Size Catalog" NASA Reference Publication RP-1265"
Apollo 14;14163;"14163;76";;10000.0;0.0;59.54;"J.C. Graf, 1993, "Lunar Soils Grain Size Catalog" NASA Reference Publication RP-1265"
Apollo 14;14163;"14163;76";;4000.0;2.49;59.54;"J.C. Graf, 1993, "Lunar Soils Grain Size Catalog" NASA Reference Publication RP-1265"
Apollo 14;14163;"14163;76";;2000.0;2.49;59.54;"J.C. Graf, 1993, "Lunar Soils Grain Size Catalog" NASA Reference Publication RP-1265"
Apollo 14;14163;"14163;76";;1000.0;3.66;59.54;"J.C. Graf, 1993, "Lunar Soils Grain Size Catalog" NASA Reference Publication RP-1265"
Apollo 14;14163;"14163;76";;250.0;12.58;59.54;"J.C. Graf, 1993, "Lunar Soils Grain Size Catalog" NASA Reference Publication RP-1265"
Apollo 14;14163;"14163;76";;150.0;8.58;59.54;"J.C. Graf, 1993, "Lunar Soils Grain Size Catalog" NASA Reference Publication RP-1265"
Apollo 14;14163;"14163;76";;90.0;11.24;59.54;"J.C. Graf, 1993, "Lunar Soils Grain Size Catalog" NASA Reference Publication RP-1265"
Apollo 14;14163;"14163;76";;75.0;4.66;59.54;"J.C. Graf, 1993, "Lunar Soils Grain Size Catalog" NASA Reference Publication RP-1265"
Apollo 14;14163;"14163;76";;60.0;4.15;59.54;"J.C. Graf, 1993, "Lunar Soils Grain Size Catalog" NASA Reference Publication RP-1265"
Apollo 14;14163;"14163;76";;45.0;5.62;59.54;"J.C. Graf, 1993, "Lunar Soils Grain Size Catalog" NASA Reference Publication RP-1265"
Apollo 14;14163;"14163;76";;30.0;10.21;59.54;"J.C. Graf, 1993, "Lunar Soils Grain Size Catalog" NASA Reference Publication RP-1265"
Apollo 14;14163;"14163;76";;20.0;9.43;59.54;"J.C. Graf, 1993, "Lunar Soils Grain Size Catalog" NASA Reference Publication RP-1265"
Apollo 14;14163;"14163;76";;15.6;11.34;59.54;"J.C. Graf, 1993, "Lunar Soils Grain Size Catalog" NASA Reference Publication RP-1265"
Apollo 14;14163;"14163;76";;7.8;10.25;59.54;"J.C. Graf, 1993, "Lunar Soils Grain Size Catalog" NASA Reference Publication RP-1265"
Apollo 14;14163;"14163;76";;3.9;1.99;59.54;"J.C. Graf, 1993, "Lunar Soils Grain Size Catalog" NASA Reference Publication RP-1265"
Apollo 14;14163;"14163;76";;1.0;0.28;59.54;"J.C. Graf, 1993, "Lunar Soils Grain Size Catalog" NASA Reference Publication RP-1265"
Apollo 14;14230;"14230;67";11.8 - 12.3;10000.0;0.0;58.04;"J.C. Graf, 1993, "Lunar Soils Grain Size Catalog" NASA Reference Publication RP-1265"
Apollo 14;14230;"14230;67";11.8 - 12.3;2000.0;0.0;58.04;"J.C. Graf, 1993, "Lunar Soils Grain Size Catalog" NASA Reference Publication RP-1265"
Apollo 14;14230;"14230;67";11.8 - 12.3;1000.0;0.0;58.04;"J.C. Graf, 1993, "Lunar Soils Grain Size Catalog" NASA Reference Publication RP-1265"
Apollo 14;14230;"14230;67";11.8 - 12.3;250.0;16.88;58.04;"J.C. Graf, 1993, "Lunar Soils Grain Size Catalog" NASA Reference Publication RP-1265"
Apollo 14;14230;"14230;67";11.8 - 12.3;44.0;39.4;58.04;"J.C. Graf, 1993, "Lunar Soils Grain Size Catalog" NASA Reference Publication RP-1265"
Apollo 14;14230;"14230;67";11.8 - 12.3;37.0;8.49;58.04;"J.C. Graf, 1993, "Lunar Soils Grain Size Catalog" NASA Reference Publication RP-1265"
Apollo 14;14230;"14230;67";11.8 - 12.3;30.0;11.45;58.04;"J.C. Graf, 1993, "Lunar Soils Grain Size Catalog" NASA Reference Publication RP-1265"
Apollo 14;14230;"14230;67";11.8 - 12.3;10.0;17.36;58.04;"J.C. Graf, 1993, "Lunar Soils Grain Size Catalog" NASA Reference Publication RP-1265"
Apollo 14;14230;"14230;67";11.8 - 12.3;1.0;5.44;58.04;"J.C. Graf, 1993, "Lunar Soils Grain Size Catalog" NASA Reference Publication RP-1265"
Apollo 14;14230;"14230;93";15.3 - 15.8;10000.0;0.0;73.38;"J.C. Graf, 1993, "Lunar Soils Grain Size Catalog" NASA Reference Publication RP-1265"
Apollo 14;14230;"14230;93";15.3 - 15.8;2000.0;0.0;73.38;"J.C. Graf, 1993, "Lunar Soils Grain Size Catalog" NASA Reference Publication RP-1265"
Apollo 14;14230;"14230;93";15.3 - 15.8;1000.0;0.0;73.38;"J.C. Graf, 1993, "Lunar Soils Grain Size Catalog" NASA Reference Publication RP-1265"
Apollo 14;14230;"14230;93";15.3 - 15.8;250.0;18.24;73.38;"J.C. Graf, 1993, "Lunar Soils Grain Size Catalog" NASA Reference Publication RP-1265"
Apollo 14;14230;"14230;93";15.3 - 15.8;44.0;45.01;73.38;"J.C. Graf, 1993, "Lunar Soils Grain Size Catalog" NASA Reference Publication RP-1265"
Apollo 14;14230;"14230;93";15.3 - 15.8;37.0;9.61;73.38;"J.C. Graf, 1993, "Lunar Soils Grain Size Catalog" NASA Reference Publication RP-1265"
Apollo 14;14230;"14230;93";15.3 - 15.8;30.0;6.29;73.38;"J.C. Graf, 1993, "Lunar Soils Grain Size Catalog" NASA Reference Publication RP-1265"
Apollo 14;14230;"14230;93";15.3 - 15.8;10.0;15.72;73.38;"J.C. Graf, 1993, "Lunar Soils Grain Size Catalog" NASA Reference Publication RP-1265"
Apollo 14;14230;"14230;93";15.3 - 15.8;1.0;4.13;73.38;"J.C. Graf, 1993, "Lunar Soils Grain Size Catalog" NASA Reference Publication RP-1265"
Apollo 14;14230;"14230;113";16 - 16.5;10000.0;0.0;82.59;"J.C. Graf, 1993, "Lunar Soils Grain Size Catalog" NASA Reference Publication RP-1265"
Apollo 14;14230;"14230;113";16 - 16.5;2000.0;0.0;82.59;"J.C. Graf, 1993, "Lunar Soils Grain Size Catalog" NASA Reference Publication RP-1265"
Apollo 14;14230;"14230;113";16 - 16.5;1000.0;10.15;82.59;"J.C. Graf, 1993, "Lunar Soils Grain Size Catalog" NASA Reference Publication RP-1265"
Apollo 14;14230;"14230;113";16 - 16.5;500.0;7.34;82.59;"J.C. Graf, 1993, "Lunar Soils Grain Size Catalog" NASA Reference Publication RP-1265"
Apollo 14;14230;"14230;113";16 - 16.5;250.0;11.2;82.59;"J.C. Graf, 1993, "Lunar Soils Grain Size Catalog" NASA Reference Publication RP-1265"
Apollo 14;14230;"14230;113";16 - 16.5;150.0;9.71;82.59;"J.C. Graf, 1993, "Lunar Soils Grain Size Catalog" NASA Reference Publication RP-1265"
Apollo 14;14230;"14230;113";16 - 16.5;90.0;5.82;82.59;"J.C. Graf, 1993, "Lunar Soils Grain Size Catalog" NASA Reference Publication RP-1265"
Apollo 14;14230;"14230;113";16 - 16.5;75.0;12.26;82.59;"J.C. Graf, 1993, "Lunar Soils Grain Size Catalog" NASA Reference Publication RP-1265"
Apollo 14;14230;"14230;113";16 - 16.5;60.0;4.32;82.59;"J.C. Graf, 1993, "Lunar Soils Grain Size Catalog" NASA Reference Publication RP-1265"
Apollo 14;14230;"14230;113";16 - 16.5;45.0;7.34;82.59;"J.C. Graf, 1993, "Lunar Soils Grain Size Catalog" NASA Reference Publication RP-1265"
Apollo 14;14230;"14230;113";16 - 16.5;30.0;12.57;82.59;"J.C. Graf, 1993, "Lunar Soils Grain Size Catalog" NASA Reference Publication RP-1265"
Apollo 14;14230;"14230;113";16 - 16.5;20.0;9.84;82.59;"J.C. Graf, 1993, "Lunar Soils Grain Size Catalog" NASA Reference Publication RP-1265"
Apollo 14;14230;"14230;113";16 - 16.5;15.6;4.29;82.59;"J.C. Graf, 1993, "Lunar Soils Grain Size Catalog" NASA Reference Publication RP-1265"
Apollo 14;14230;"14230;113";16 - 16.5;7.8;3.74;82.59;"J.C. Graf, 1993, "Lunar Soils Grain Size Catalog" NASA Reference Publication RP-1265"
Apollo 14;14230;"14230;113";16 - 16.5;3.9;0.37;82.59;"J.C. Graf, 1993, "Lunar Soils Grain Size Catalog" NASA Reference Publication RP-1265"
Apollo 14;14230;"14230;113";16 - 16.5;1.0;0.06;82.59;"J.C. Graf, 1993, "Lunar Soils Grain Size Catalog" NASA Reference Publication RP-1265"
Apollo 14;14230;"14230;76";18.9 - 19;10000.0;0.0;66.95;"J.C. Graf, 1993, "Lunar Soils Grain Size Catalog" NASA Reference Publication RP-1265"
Apollo 14;14230;"14230;76";18.9 - 19;2000.0;0.0;66.95;"J.C. Graf, 1993, "Lunar Soils Grain Size Catalog" NASA Reference Publication RP-1265"
Apollo 14;14230;"14230;76";18.9 - 19;1000.0;0.0;66.95;"J.C. Graf, 1993, "Lunar Soils Grain Size Catalog" NASA Reference Publication RP-1265"
Apollo 14;14230;"14230;76";18.9 - 19;250.0;21.63;66.95;"J.C. Graf, 1993, "Lunar Soils Grain Size Catalog" NASA Reference Publication RP-1265"
Apollo 14;14230;"14230;76";18.9 - 19;44.0;37.41;66.95;"J.C. Graf, 1993, "Lunar Soils Grain Size Catalog" NASA Reference Publication RP-1265"
Apollo 14;14230;"14230;76";18.9 - 19;37.0;8.17;66.95;"J.C. Graf, 1993, "Lunar Soils Grain Size Catalog" NASA Reference Publication RP-1265"
Apollo 14;14230;"14230;76";18.9 - 19;30.0;6.51;66.95;"J.C. Graf, 1993, "Lunar Soils Grain Size Catalog" NASA Reference Publication RP-1265"
Apollo 14;14230;"14230;76";18.9 - 19;10.0;13.36;66.95;"J.C. Graf, 1993, "Lunar Soils Grain Size Catalog" NASA Reference Publication RP-1265"
Apollo 14;14230;"14230;76";18.9 - 19;1.0;11.92;66.95;"J.C. Graf, 1993, "Lunar Soils Grain Size Catalog" NASA Reference Publication RP-1265"
Apollo 14;14230;"14230;121";19 - 19.5;10000.0;0.0;67.29;"J.C. Graf, 1993, "Lunar Soils Grain Size Catalog" NASA Reference Publication RP-1265"
Apollo 14;14230;"14230;121";19 - 19.5;2000.0;0.0;67.29;"J.C. Graf, 1993, "Lunar Soils Grain Size Catalog" NASA Reference Publication RP-1265"
Apollo 14;14230;"14230;121";19 - 19.5;1000.0;2.45;67.29;"J.C. Graf, 1993, "Lunar Soils Grain Size Catalog" NASA Reference Publication RP-1265"
Apollo 14;14230;"14230;121";19 - 19.5;500.0;3.04;67.29;"J.C. Graf, 1993, "Lunar Soils Grain Size Catalog" NASA Reference Publication RP-1265"
Apollo 14;14230;"14230;121";19 - 19.5;250.0;9.95;67.29;"J.C. Graf, 1993, "Lunar Soils Grain Size Catalog" NASA Reference Publication RP-1265"
Apollo 14;14230;"14230;121";19 - 19.5;150.0;10.04;67.29;"J.C. Graf, 1993, "Lunar Soils Grain Size Catalog" NASA Reference Publication RP-1265"
Apollo 14;14230;"14230;121";19 - 19.5;90.0;14.43;67.29;"J.C. Graf, 1993, "Lunar Soils Grain Size Catalog" NASA Reference Publication RP-1265"
Apollo 14;14230;"14230;121";19 - 19.5;75.0;5.79;67.29;"J.C. Graf, 1993, "Lunar Soils Grain Size Catalog" NASA Reference Publication RP-1265"
Apollo 14;14230;"14230;121";19 - 19.5;60.0;8.84;67.29;"J.C. Graf, 1993, "Lunar Soils Grain Size Catalog" NASA Reference Publication RP-1265"
Apollo 14;14230;"14230;121";19 - 19.5;45.0;7.25;67.29;"J.C. Graf, 1993, "Lunar Soils Grain Size Catalog" NASA Reference Publication RP-1265"
Apollo 14;14230;"14230;121";19 - 19.5;30.0;14.5;67.29;"J.C. Graf, 1993, "Lunar Soils Grain Size Catalog" NASA Reference Publication RP-1265"
Apollo 14;14230;"14230;121";19 - 19.5;20.0;12.39;67.29;"J.C. Graf, 1993, "Lunar Soils Grain Size Catalog" NASA Reference Publication RP-1265"
Apollo 14;14230;"14230;121";19 - 19.5;15.6;5.83;67.29;"J.C. Graf, 1993, "Lunar Soils Grain Size Catalog" NASA Reference Publication RP-1265"
Apollo 14;14230;"14230;121";19 - 19.5;7.8;4.04;67.29;"J.C. Graf, 1993, "Lunar Soils Grain Size Catalog" NASA Reference Publication RP-1265"
Apollo 14;14230;"14230;121";19 - 19.5;3.9;0.4;67.29;"J.C. Graf, 1993, "Lunar Soils Grain Size Catalog" NASA Reference Publication RP-1265"
Apollo 14;14230;"14230;121";19 - 19.5;1.0;0.06;67.29;"J.C. Graf, 1993, "Lunar Soils Grain Size Catalog" NASA Reference Publication RP-1265"
Apollo 14;14230;"14230;80";21.5 - 22;10000.0;0.0;95.97;"J.C. Graf, 1993, "Lunar Soils Grain Size Catalog" NASA Reference Publication RP-1265"
Apollo 14;14230;"14230;80";21.5 - 22;2000.0;0.0;95.97;"J.C. Graf, 1993, "Lunar Soils Grain Size Catalog" NASA Reference Publication RP-1265"
Apollo 14;14230;"14230;80";21.5 - 22;1000.0;0.0;95.97;"J.C. Graf, 1993, "Lunar Soils Grain Size Catalog" NASA Reference Publication RP-1265"
Apollo 14;14230;"14230;80";21.5 - 22;250.0;27.69;95.97;"J.C. Graf, 1993, "Lunar Soils Grain Size Catalog" NASA Reference Publication RP-1265"
Apollo 14;14230;"14230;80";21.5 - 22;44.0;40.48;95.97;"J.C. Graf, 1993, "Lunar Soils Grain Size Catalog" NASA Reference Publication RP-1265"
Apollo 14;14230;"14230;80";21.5 - 22;37.0;5.06;95.97;"J.C. Graf, 1993, "Lunar Soils Grain Size Catalog" NASA Reference Publication RP-1265"
Apollo 14;14230;"14230;80";21.5 - 22;30.0;8.31;95.97;"J.C. Graf, 1993, "Lunar Soils Grain Size Catalog" NASA Reference Publication RP-1265"
Apollo 14;14230;"14230;80";21.5 - 22;10.0;13.46;95.97;"J.C. Graf, 1993, "Lunar Soils Grain Size Catalog" NASA Reference Publication RP-1265"
Apollo 14;14230;"14230;80";21.5 - 22;1.0;4.01;95.97;"J.C. Graf, 1993, "Lunar Soils Grain Size Catalog" NASA Reference Publication RP-1265"
Apollo 14;14230;"14230;130";23 - 23.5;10000.0;0.0;109.63;"J.C. Graf, 1993, "Lunar Soils Grain Size Catalog" NASA Reference Publication RP-1265"
Apollo 14;14230;"14230;130";23 - 23.5;2000.0;0.0;109.63;"J.C. Graf, 1993, "Lunar Soils Grain Size Catalog" NASA Reference Publication RP-1265"
Apollo 14;14230;"14230;130";23 - 23.5;1000.0;6.94;109.63;"J.C. Graf, 1993, "Lunar Soils Grain Size Catalog" NASA Reference Publication RP-1265"
Apollo 14;14230;"14230;130";23 - 23.5;500.0;14.32;109.63;"J.C. Graf, 1993, "Lunar Soils Grain Size Catalog" NASA Reference Publication RP-1265"
Apollo 14;14230;"14230;130";23 - 23.5;250.0;11.6;109.63;"J.C. Graf, 1993, "Lunar Soils Grain Size Catalog" NASA Reference Publication RP-1265"
Apollo 14;14230;"14230;130";23 - 23.5;150.0;9.69;109.63;"J.C. Graf, 1993, "Lunar Soils Grain Size Catalog" NASA Reference Publication RP-1265"
Apollo 14;14230;"14230;130";23 - 23.5;90.0;12.14;109.63;"J.C. Graf, 1993, "Lunar Soils Grain Size Catalog" NASA Reference Publication RP-1265"
Apollo 14;14230;"14230;130";23 - 23.5;75.0;4.56;109.63;"J.C. Graf, 1993, "Lunar Soils Grain Size Catalog" NASA Reference Publication RP-1265"
Apollo 14;14230;"14230;130";23 - 23.5;60.0;4.8;109.63;"J.C. Graf, 1993, "Lunar Soils Grain Size Catalog" NASA Reference Publication RP-1265"
Apollo 14;14230;"14230;130";23 - 23.5;45.0;4.98;109.63;"J.C. Graf, 1993, "Lunar Soils Grain Size Catalog" NASA Reference Publication RP-1265"
Apollo 14;14230;"14230;130";23 - 23.5;30.0;10.22;109.63;"J.C. Graf, 1993, "Lunar Soils Grain Size Catalog" NASA Reference Publication RP-1265"
Apollo 14;14230;"14230;130";23 - 23.5;20.0;7.08;109.63;"J.C. Graf, 1993, "Lunar Soils Grain Size Catalog" NASA Reference Publication RP-1265"
Apollo 14;14230;"14230;130";23 - 23.5;15.6;7.4;109.63;"J.C. Graf, 1993, "Lunar Soils Grain Size Catalog" NASA Reference Publication RP-1265"
Apollo 14;14230;"14230;130";23 - 23.5;7.8;4.62;109.63;"J.C. Graf, 1993, "Lunar Soils Grain Size Catalog" NASA Reference Publication RP-1265"
Apollo 14;14230;"14230;130";23 - 23.5;3.9;0.57;109.63;"J.C. Graf, 1993, "Lunar Soils Grain Size Catalog" NASA Reference Publication RP-1265"
Apollo 14;14230;"14230;130";23 - 23.5;1.0;0.08;109.63;"J.C. Graf, 1993, "Lunar Soils Grain Size Catalog" NASA Reference Publication RP-1265"
Apollo 14;14230;"14230;83";23 - 23.5;10000.0;0.0;125.34;"J.C. Graf, 1993, "Lunar Soils Grain Size Catalog" NASA Reference Publication RP-1265"
Apollo 14;14230;"14230;83";23 - 23.5;2000.0;0.0;125.34;"J.C. Graf, 1993, "Lunar Soils Grain Size Catalog" NASA Reference Publication RP-1265"
Apollo 14;14230;"14230;83";23 - 23.5;1000.0;0.0;125.34;"J.C. Graf, 1993, "Lunar Soils Grain Size Catalog" NASA Reference Publication RP-1265"
Apollo 14;14230;"14230;83";23 - 23.5;250.0;36.09;125.34;"J.C. Graf, 1993, "Lunar Soils Grain Size Catalog" NASA Reference Publication RP-1265"
Apollo 14;14230;"14230;83";23 - 23.5;44.0;35.0;125.34;"J.C. Graf, 1993, "Lunar Soils Grain Size Catalog" NASA Reference Publication RP-1265"
Apollo 14;14230;"14230;83";23 - 23.5;37.0;7.31;125.34;"J.C. Graf, 1993, "Lunar Soils Grain Size Catalog" NASA Reference Publication RP-1265"
Apollo 14;14230;"14230;83";23 - 23.5;30.0;9.16;125.34;"J.C. Graf, 1993, "Lunar Soils Grain Size Catalog" NASA Reference Publication RP-1265"
Apollo 14;14230;"14230;83";23 - 23.5;10.0;5.78;125.34;"J.C. Graf, 1993, "Lunar Soils Grain Size Catalog" NASA Reference Publication RP-1265"
Apollo 14;14230;"14230;83";23 - 23.5;1.0;5.67;125.34;"J.C. Graf, 1993, "Lunar Soils Grain Size Catalog" NASA Reference Publication RP-1265"
Apollo 14;14259;"14259;52";;10000.0;0.0;61.63;"J.C. Graf, 1993, "Lunar Soils Grain Size Catalog" NASA Reference Publication RP-1265"
Apollo 14;14259;"14259;52";;4000.0;0.49;61.63;"J.C. Graf, 1993, "Lunar Soils Grain Size Catalog" NASA Reference Publication RP-1265"
Apollo 14;14259;"14259;52";;2000.0;1.08;61.63;"J.C. Graf, 1993, "Lunar Soils Grain Size Catalog" NASA Reference Publication RP-1265"
Apollo 14;14259;"14259;52";;1000.0;2.27;61.63;"J.C. Graf, 1993, "Lunar Soils Grain Size Catalog" NASA Reference Publication RP-1265"
Apollo 14;14259;"14259;52";;250.0;13.54;61.63;"J.C. Graf, 1993, "Lunar Soils Grain Size Catalog" NASA Reference Publication RP-1265"
Apollo 14;14259;"14259;52";;150.0;9.7;61.63;"J.C. Graf, 1993, "Lunar Soils Grain Size Catalog" NASA Reference Publication RP-1265"
Apollo 14;14259;"14259;52";;90.0;13.12;61.63;"J.C. Graf, 1993, "Lunar Soils Grain Size Catalog" NASA Reference Publication RP-1265"
Apollo 14;14259;"14259;52";;75.0;4.97;61.63;"J.C. Graf, 1993, "Lunar Soils Grain Size Catalog" NASA Reference Publication RP-1265"
Apollo 14;14259;"14259;52";;60.0;5.49;61.63;"J.C. Graf, 1993, "Lunar Soils Grain Size Catalog" NASA Reference Publication RP-1265"
Apollo 14;14259;"14259;52";;45.0;7.5;61.63;"J.C. Graf, 1993, "Lunar Soils Grain Size Catalog" NASA Reference Publication RP-1265"
Apollo 14;14259;"14259;52";;30.0;12.0;61.63;"J.C. Graf, 1993, "Lunar Soils Grain Size Catalog" NASA Reference Publication RP-1265"
Apollo 14;14259;"14259;52";;20.0;11.85;61.63;"J.C. Graf, 1993, "Lunar Soils Grain Size Catalog" NASA Reference Publication RP-1265"
Apollo 14;14259;"14259;52";;15.6;5.36;61.63;"J.C. Graf, 1993, "Lunar Soils Grain Size Catalog" NASA Reference Publication RP-1265"
Apollo 14;14259;"14259;52";;7.8;9.56;61.63;"J.C. Graf, 1993, "Lunar Soils Grain Size Catalog" NASA Reference Publication RP-1265"
Apollo 14;14259;"14259;52";;3.9;1.84;61.63;"J.C. Graf, 1993, "Lunar Soils Grain Size Catalog" NASA Reference Publication RP-1265"
Apollo 14;14259;"14259;52";;1.0;0.24;61.63;"J.C. Graf, 1993, "Lunar Soils Grain Size Catalog" NASA Reference Publication RP-1265"
Apollo 14;14259;"14259;64";;10000.0;0.0;69.38;"J.C. Graf, 1993, "Lunar Soils Grain Size Catalog" NASA Reference Publication RP-1265"
Apollo 14;14259;"14259;64";;4000.0;0.53;69.38;"J.C. Graf, 1993, "Lunar Soils Grain Size Catalog" NASA Reference Publication RP-1265"
Apollo 14;14259;"14259;64";;2000.0;1.17;69.38;"J.C. Graf, 1993, "Lunar Soils Grain Size Catalog" NASA Reference Publication RP-1265"
Apollo 14;14259;"14259;64";;1000.0;2.47;69.38;"J.C. Graf, 1993, "Lunar Soils Grain Size Catalog" NASA Reference Publication RP-1265"
Apollo 14;14259;"14259;64";;500.0;6.26;69.38;"J.C. Graf, 1993, "Lunar Soils Grain Size Catalog" NASA Reference Publication RP-1265"
Apollo 14;14259;"14259;64";;250.0;9.96;69.38;"J.C. Graf, 1993, "Lunar Soils Grain Size Catalog" NASA Reference Publication RP-1265"
Apollo 14;14259;"14259;64";;125.0;15.27;69.38;"J.C. Graf, 1993, "Lunar Soils Grain Size Catalog" NASA Reference Publication RP-1265"
Apollo 14;14259;"14259;64";;63.0;16.69;69.38;"J.C. Graf, 1993, "Lunar Soils Grain Size Catalog" NASA Reference Publication RP-1265"
Apollo 14;14259;"14259;64";;20.0;29.97;69.38;"J.C. Graf, 1993, "Lunar Soils Grain Size Catalog" NASA Reference Publication RP-1265"
Apollo 14;14259;"14259;64";;10.0;8.06;69.38;"J.C. Graf, 1993, "Lunar Soils Grain Size Catalog" NASA Reference Publication RP-1265"
Apollo 14;14259;"14259;64";;4.0;5.69;69.38;"J.C. Graf, 1993, "Lunar Soils Grain Size Catalog" NASA Reference Publication RP-1265"
Apollo 14;14259;"14259;64";;1.0;2.94;69.38;"J.C. Graf, 1993, "Lunar Soils Grain Size Catalog" NASA Reference Publication RP-1265"
Apollo 14;14259;"14259;88";;10000.0;0.0;42.31;"J.C. Graf, 1993, "Lunar Soils Grain Size Catalog" NASA Reference Publication RP-1265"
Apollo 14;14259;"14259;88";;4000.0;0.49;42.31;"J.C. Graf, 1993, "Lunar Soils Grain Size Catalog" NASA Reference Publication RP-1265"
Apollo 14;14259;"14259;88";;2000.0;1.08;42.31;"J.C. Graf, 1993, "Lunar Soils Grain Size Catalog" NASA Reference Publication RP-1265"
Apollo 14;14259;"14259;88";;1000.0;2.27;42.31;"J.C. Graf, 1993, "Lunar Soils Grain Size Catalog" NASA Reference Publication RP-1265"
Apollo 14;14259;"14259;88";;841.0;0.62;42.31;"J.C. Graf, 1993, "Lunar Soils Grain Size Catalog" NASA Reference Publication RP-1265"
Apollo 14;14259;"14259;88";;420.0;5.32;42.31;"J.C. Graf, 1993, "Lunar Soils Grain Size Catalog" NASA Reference Publication RP-1265"
Apollo 14;14259;"14259;88";;250.0;6.16;42.31;"J.C. Graf, 1993, "Lunar Soils Grain Size Catalog" NASA Reference Publication RP-1265"
Apollo 14;14259;"14259;88";;177.0;5.56;42.31;"J.C. Graf, 1993, "Lunar Soils Grain Size Catalog" NASA Reference Publication RP-1265"
Apollo 14;14259;"14259;88";;150.0;2.96;42.31;"J.C. Graf, 1993, "Lunar Soils Grain Size Catalog" NASA Reference Publication RP-1265"
Apollo 14;14259;"14259;88";;125.0;3.62;42.31;"J.C. Graf, 1993, "Lunar Soils Grain Size Catalog" NASA Reference Publication RP-1265"
Apollo 14;14259;"14259;88";;105.0;4.13;42.31;"J.C. Graf, 1993, "Lunar Soils Grain Size Catalog" NASA Reference Publication RP-1265"
Apollo 14;14259;"14259;88";;74.0;6.66;42.31;"J.C. Graf, 1993, "Lunar Soils Grain Size Catalog" NASA Reference Publication RP-1265"
Apollo 14;14259;"14259;88";;53.0;5.4;42.31;"J.C. Graf, 1993, "Lunar Soils Grain Size Catalog" NASA Reference Publication RP-1265"
Apollo 14;14259;"14259;88";;44.0;4.55;42.31;"J.C. Graf, 1993, "Lunar Soils Grain Size Catalog" NASA Reference Publication RP-1265"
Apollo 14;14259;"14259;88";;37.0;5.22;42.31;"J.C. Graf, 1993, "Lunar Soils Grain Size Catalog" NASA Reference Publication RP-1265"
Apollo 14;14259;"14259;88";;30.0;7.53;42.31;"J.C. Graf, 1993, "Lunar Soils Grain Size Catalog" NASA Reference Publication RP-1265"
Apollo 14;14259;"14259;88";;20.0;16.0;42.31;"J.C. Graf, 1993, "Lunar Soils Grain Size Catalog" NASA Reference Publication RP-1265"
Apollo 14;14259;"14259;88";;10.0;7.03;42.31;"J.C. Graf, 1993, "Lunar Soils Grain Size Catalog" NASA Reference Publication RP-1265"
Apollo 14;14259;"14259;88";;1.0;14.4;42.31;"J.C. Graf, 1993, "Lunar Soils Grain Size Catalog" NASA Reference Publication RP-1265"
Apollo 14;14260;"14260;4";0 - 1;10000.0;0.0;95.19;"J.C. Graf, 1993, "Lunar Soils Grain Size Catalog" NASA Reference Publication RP-1265"
Apollo 14;14260;"14260;4";0 - 1;4000.0;5.08;95.19;"J.C. Graf, 1993, "Lunar Soils Grain Size Catalog" NASA Reference Publication RP-1265"
Apollo 14;14260;"14260;4";0 - 1;2000.0;2.56;95.19;"J.C. Graf, 1993, "Lunar Soils Grain Size Catalog" NASA Reference Publication RP-1265"
Apollo 14;14260;"14260;4";0 - 1;1000.0;2.85;95.19;"J.C. Graf, 1993, "Lunar Soils Grain Size Catalog" NASA Reference Publication RP-1265"
Apollo 14;14260;"14260;4";0 - 1;250.0;14.73;95.19;"J.C. Graf, 1993, "Lunar Soils Grain Size Catalog" NASA Reference Publication RP-1265"
Apollo 14;14260;"14260;4";0 - 1;150.0;11.07;95.19;"J.C. Graf, 1993, "Lunar Soils Grain Size Catalog" NASA Reference Publication RP-1265"
Apollo 14;14260;"14260;4";0 - 1;90.0;15.4;95.19;"J.C. Graf, 1993, "Lunar Soils Grain Size Catalog" NASA Reference Publication RP-1265"
Apollo 14;14260;"14260;4";0 - 1;75.0;6.43;95.19;"J.C. Graf, 1993, "Lunar Soils Grain Size Catalog" NASA Reference Publication RP-1265"
Apollo 14;14260;"14260;4";0 - 1;60.0;6.69;95.19;"J.C. Graf, 1993, "Lunar Soils Grain Size Catalog" NASA Reference Publication RP-1265"
Apollo 14;14260;"14260;4";0 - 1;45.0;6.96;95.19;"J.C. Graf, 1993, "Lunar Soils Grain Size Catalog" NASA Reference Publication RP-1265"
Apollo 14;14260;"14260;4";0 - 1;30.0;12.5;95.19;"J.C. Graf, 1993, "Lunar Soils Grain Size Catalog" NASA Reference Publication RP-1265"
Apollo 14;14260;"14260;4";0 - 1;20.0;9.38;95.19;"J.C. Graf, 1993, "Lunar Soils Grain Size Catalog" NASA Reference Publication RP-1265"
Apollo 14;14260;"14260;4";0 - 1;15.6;3.17;95.19;"J.C. Graf, 1993, "Lunar Soils Grain Size Catalog" NASA Reference Publication RP-1265"
Apollo 14;14260;"14260;4";0 - 1;7.8;1.9;95.19;"J.C. Graf, 1993, "Lunar Soils Grain Size Catalog" NASA Reference Publication RP-1265"
Apollo 14;14260;"14260;4";0 - 1;3.9;0.24;95.19;"J.C. Graf, 1993, "Lunar Soils Grain Size Catalog" NASA Reference Publication RP-1265"
Apollo 14;14260;"14260;4";0 - 1;1.0;0.04;95.19;"J.C. Graf, 1993, "Lunar Soils Grain Size Catalog" NASA Reference Publication RP-1265"
Apollo 15;15001;"15001;28";236.1 - 236.5;10000.0;0.0;62.29;"J.C. Graf, 1993, "Lunar Soils Grain Size Catalog" NASA Reference Publication RP-1265"
Apollo 15;15001;"15001;28";236.1 - 236.5;4000.0;0.0;62.29;"J.C. Graf, 1993, "Lunar Soils Grain Size Catalog" NASA Reference Publication RP-1265"
Apollo 15;15001;"15001;28";236.1 - 236.5;1000.0;4.23;62.29;"J.C. Graf, 1993, "Lunar Soils Grain Size Catalog" NASA Reference Publication RP-1265"
Apollo 15;15001;"15001;28";236.1 - 236.5;500.0;6.89;62.29;"J.C. Graf, 1993, "Lunar Soils Grain Size Catalog" NASA Reference Publication RP-1265"
Apollo 15;15001;"15001;28";236.1 - 236.5;250.0;7.57;62.29;"J.C. Graf, 1993, "Lunar Soils Grain Size Catalog" NASA Reference Publication RP-1265"
Apollo 15;15001;"15001;28";236.1 - 236.5;150.0;9.45;62.29;"J.C. Graf, 1993, "Lunar Soils Grain Size Catalog" NASA Reference Publication RP-1265"
Apollo 15;15001;"15001;28";236.1 - 236.5;90.0;12.34;62.29;"J.C. Graf, 1993, "Lunar Soils Grain Size Catalog" NASA Reference Publication RP-1265"
Apollo 15;15001;"15001;28";236.1 - 236.5;60.0;10.49;62.29;"J.C. Graf, 1993, "Lunar Soils Grain Size Catalog" NASA Reference Publication RP-1265"
Apollo 15;15001;"15001;28";236.1 - 236.5;45.0;8.1;62.29;"J.C. Graf, 1993, "Lunar Soils Grain Size Catalog" NASA Reference Publication RP-1265"
Apollo 15;15001;"15001;28";236.1 - 236.5;30.0;10.49;62.29;"J.C. Graf, 1993, "Lunar Soils Grain Size Catalog" NASA Reference Publication RP-1265"
Apollo 15;15001;"15001;28";236.1 - 236.5;20.0;14.04;62.29;"J.C. Graf, 1993, "Lunar Soils Grain Size Catalog" NASA Reference Publication RP-1265"
Apollo 15;15001;"15001;28";236.1 - 236.5;15.6;5.51;62.29;"J.C. Graf, 1993, "Lunar Soils Grain Size Catalog" NASA Reference Publication RP-1265"
Apollo 15;15001;"15001;28";236.1 - 236.5;7.8;6.9;62.29;"J.C. Graf, 1993, "Lunar Soils Grain Size Catalog" NASA Reference Publication RP-1265"
Apollo 15;15001;"15001;28";236.1 - 236.5;3.9;2.18;62.29;"J.C. Graf, 1993, "Lunar Soils Grain Size Catalog" NASA Reference Publication RP-1265"
Apollo 15;15001;"15001;28";236.1 - 236.5;2.0;0.67;62.29;"J.C. Graf, 1993, "Lunar Soils Grain Size Catalog" NASA Reference Publication RP-1265"
Apollo 15;15001;"15001;28";236.1 - 236.5;1.0;0.15;62.29;"J.C. Graf, 1993, "Lunar Soils Grain Size Catalog" NASA Reference Publication RP-1265"
Apollo 15;15001;"15001;265";228.2 - 229;10000.0;0.0;72.93;"J.C. Graf, 1993, "Lunar Soils Grain Size Catalog" NASA Reference Publication RP-1265"
Apollo 15;15001;"15001;265";228.2 - 229;1000.0;0.0;72.93;"J.C. Graf, 1993, "Lunar Soils Grain Size Catalog" NASA Reference Publication RP-1265"
Apollo 15;15001;"15001;265";228.2 - 229;500.0;7.27;72.93;"J.C. Graf, 1993, "Lunar Soils Grain Size Catalog" NASA Reference Publication RP-1265"
Apollo 15;15001;"15001;265";228.2 - 229;250.0;13.13;72.93;"J.C. Graf, 1993, "Lunar Soils Grain Size Catalog" NASA Reference Publication RP-1265"
Apollo 15;15001;"15001;265";228.2 - 229;150.0;10.93;72.93;"J.C. Graf, 1993, "Lunar Soils Grain Size Catalog" NASA Reference Publication RP-1265"
Apollo 15;15001;"15001;265";228.2 - 229;90.0;13.13;72.93;"J.C. Graf, 1993, "Lunar Soils Grain Size Catalog" NASA Reference Publication RP-1265"
Apollo 15;15001;"15001;265";228.2 - 229;75.0;4.81;72.93;"J.C. Graf, 1993, "Lunar Soils Grain Size Catalog" NASA Reference Publication RP-1265"
Apollo 15;15001;"15001;265";228.2 - 229;45.0;13.34;72.93;"J.C. Graf, 1993, "Lunar Soils Grain Size Catalog" NASA Reference Publication RP-1265"
Apollo 15;15001;"15001;265";228.2 - 229;20.0;17.31;72.93;"J.C. Graf, 1993, "Lunar Soils Grain Size Catalog" NASA Reference Publication RP-1265"
Apollo 15;15001;"15001;265";228.2 - 229;10.0;12.27;72.93;"J.C. Graf, 1993, "Lunar Soils Grain Size Catalog" NASA Reference Publication RP-1265"
Apollo 15;15001;"15001;265";228.2 - 229;1.0;6.83;72.93;"J.C. Graf, 1993, "Lunar Soils Grain Size Catalog" NASA Reference Publication RP-1265"
Apollo 15;15001;"15001;266";216.7 - 217.2;10000.0;0.0;50.5;"J.C. Graf, 1993, "Lunar Soils Grain Size Catalog" NASA Reference Publication RP-1265"
Apollo 15;15001;"15001;266";216.7 - 217.2;1000.0;0.0;50.5;"J.C. Graf, 1993, "Lunar Soils Grain Size Catalog" NASA Reference Publication RP-1265"
Apollo 15;15001;"15001;266";216.7 - 217.2;500.0;4.02;50.5;"J.C. Graf, 1993, "Lunar Soils Grain Size Catalog" NASA Reference Publication RP-1265"
Apollo 15;15001;"15001;266";216.7 - 217.2;250.0;8.97;50.5;"J.C. Graf, 1993, "Lunar Soils Grain Size Catalog" NASA Reference Publication RP-1265"
Apollo 15;15001;"15001;266";216.7 - 217.2;150.0;9.08;50.5;"J.C. Graf, 1993, "Lunar Soils Grain Size Catalog" NASA Reference Publication RP-1265"
Apollo 15;15001;"15001;266";216.7 - 217.2;90.0;11.61;50.5;"J.C. Graf, 1993, "Lunar Soils Grain Size Catalog" NASA Reference Publication RP-1265"
Apollo 15;15001;"15001;266";216.7 - 217.2;75.0;4.58;50.5;"J.C. Graf, 1993, "Lunar Soils Grain Size Catalog" NASA Reference Publication RP-1265"
Apollo 15;15001;"15001;266";216.7 - 217.2;45.0;15.16;50.5;"J.C. Graf, 1993, "Lunar Soils Grain Size Catalog" NASA Reference Publication RP-1265"
Apollo 15;15001;"15001;266";216.7 - 217.2;20.0;21.07;50.5;"J.C. Graf, 1993, "Lunar Soils Grain Size Catalog" NASA Reference Publication RP-1265"
Apollo 15;15001;"15001;266";216.7 - 217.2;10.0;13.05;50.5;"J.C. Graf, 1993, "Lunar Soils Grain Size Catalog" NASA Reference Publication RP-1265"
Apollo 15;15001;"15001;266";216.7 - 217.2;1.0;11.47;50.5;"J.C. Graf, 1993, "Lunar Soils Grain Size Catalog" NASA Reference Publication RP-1265"
Apollo 15;15001;"15001;269";206.7 - 207.2;10000.0;0.0;56.45;"J.C. Graf, 1993, "Lunar Soils Grain Size Catalog" NASA Reference Publication RP-1265"
Apollo 15;15001;"15001;269";206.7 - 207.2;1000.0;0.0;56.45;"J.C. Graf, 1993, "Lunar Soils Grain Size Catalog" NASA Reference Publication RP-1265"
Apollo 15;15001;"15001;269";206.7 - 207.2;500.0;8.99;56.45;"J.C. Graf, 1993, "Lunar Soils Grain Size Catalog" NASA Reference Publication RP-1265"
Apollo 15;15001;"15001;269";206.7 - 207.2;250.0;8.4;56.45;"J.C. Graf, 1993, "Lunar Soils Grain Size Catalog" NASA Reference Publication RP-1265"
Apollo 15;15001;"15001;269";206.7 - 207.2;150.0;8.59;56.45;"J.C. Graf, 1993, "Lunar Soils Grain Size Catalog" NASA Reference Publication RP-1265"
Apollo 15;15001;"15001;269";206.7 - 207.2;90.0;12.07;56.45;"J.C. Graf, 1993, "Lunar Soils Grain Size Catalog" NASA Reference Publication RP-1265"
Apollo 15;15001;"15001;269";206.7 - 207.2;75.0;4.09;56.45;"J.C. Graf, 1993, "Lunar Soils Grain Size Catalog" NASA Reference Publication RP-1265"
Apollo 15;15001;"15001;269";206.7 - 207.2;45.0;14.13;56.45;"J.C. Graf, 1993, "Lunar Soils Grain Size Catalog" NASA Reference Publication RP-1265"
Apollo 15;15001;"15001;269";206.7 - 207.2;20.0;20.85;56.45;"J.C. Graf, 1993, "Lunar Soils Grain Size Catalog" NASA Reference Publication RP-1265"
Apollo 15;15001;"15001;269";206.7 - 207.2;10.0;14.67;56.45;"J.C. Graf, 1993, "Lunar Soils Grain Size Catalog" NASA Reference Publication RP-1265"
Apollo 15;15001;"15001;269";206.7 - 207.2;1.0;7.22;56.45;"J.C. Graf, 1993, "Lunar Soils Grain Size Catalog" NASA Reference Publication RP-1265"
Apollo 15;15001;"15001;270";205.2 - 205.7;10000.0;0.0;52.44;"J.C. Graf, 1993, "Lunar Soils Grain Size Catalog" NASA Reference Publication RP-1265"
Apollo 15;15001;"15001;270";205.2 - 205.7;1000.0;0.0;52.44;"J.C. Graf, 1993, "Lunar Soils Grain Size Catalog" NASA Reference Publication RP-1265"
Apollo 15;15001;"15001;270";205.2 - 205.7;500.0;6.07;52.44;"J.C. Graf, 1993, "Lunar Soils Grain Size Catalog" NASA Reference Publication RP-1265"
Apollo 15;15001;"15001;270";205.2 - 205.7;250.0;8.22;52.44;"J.C. Graf, 1993, "Lunar Soils Grain Size Catalog" NASA Reference Publication RP-1265"
Apollo 15;15001;"15001;270";205.2 - 205.7;150.0;9.23;52.44;"J.C. Graf, 1993, "Lunar Soils Grain Size Catalog" NASA Reference Publication RP-1265"
Apollo 15;15001;"15001;270";205.2 - 205.7;90.0;12.17;52.44;"J.C. Graf, 1993, "Lunar Soils Grain Size Catalog" NASA Reference Publication RP-1265"
Apollo 15;15001;"15001;270";205.2 - 205.7;75.0;4.37;52.44;"J.C. Graf, 1993, "Lunar Soils Grain Size Catalog" NASA Reference Publication RP-1265"
Apollo 15;15001;"15001;270";205.2 - 205.7;45.0;14.19;52.44;"J.C. Graf, 1993, "Lunar Soils Grain Size Catalog" NASA Reference Publication RP-1265"
Apollo 15;15001;"15001;270";205.2 - 205.7;20.0;20.9;52.44;"J.C. Graf, 1993, "Lunar Soils Grain Size Catalog" NASA Reference Publication RP-1265"
Apollo 15;15001;"15001;270";205.2 - 205.7;10.0;13.36;52.44;"J.C. Graf, 1993, "Lunar Soils Grain Size Catalog" NASA Reference Publication RP-1265"
Apollo 15;15001;"15001;270";205.2 - 205.7;1.0;10.51;52.44;"J.C. Graf, 1993, "Lunar Soils Grain Size Catalog" NASA Reference Publication RP-1265"
Apollo 15;15002;"15002;17";199.9 - 200.3;10000.0;0.0;73.51;"J.C. Graf, 1993, "Lunar Soils Grain Size Catalog" NASA Reference Publication RP-1265"
Apollo 15;15002;"15002;17";199.9 - 200.3;1000.0;4.02;73.51;"J.C. Graf, 1993, "Lunar Soils Grain Size Catalog" NASA Reference Publication RP-1265"
Apollo 15;15002;"15002;17";199.9 - 200.3;500.0;5.74;73.51;"J.C. Graf, 1993, "Lunar Soils Grain Size Catalog" NASA Reference Publication RP-1265"
Apollo 15;15002;"15002;17";199.9 - 200.3;250.0;7.58;73.51;"J.C. Graf, 1993, "Lunar Soils Grain Size Catalog" NASA Reference Publication RP-1265"
Apollo 15;15002;"15002;17";199.9 - 200.3;150.0;9.93;73.51;"J.C. Graf, 1993, "Lunar Soils Grain Size Catalog" NASA Reference Publication RP-1265"
Apollo 15;15002;"15002;17";199.9 - 200.3;90.0;15.84;73.51;"J.C. Graf, 1993, "Lunar Soils Grain Size Catalog" NASA Reference Publication RP-1265"
Apollo 15;15002;"15002;17";199.9 - 200.3;60.0;13.8;73.51;"J.C. Graf, 1993, "Lunar Soils Grain Size Catalog" NASA Reference Publication RP-1265"
Apollo 15;15002;"15002;17";199.9 - 200.3;45.0;8.58;73.51;"J.C. Graf, 1993, "Lunar Soils Grain Size Catalog" NASA Reference Publication RP-1265"
Apollo 15;15002;"15002;17";199.9 - 200.3;30.0;14.9;73.51;"J.C. Graf, 1993, "Lunar Soils Grain Size Catalog" NASA Reference Publication RP-1265"
Apollo 15;15002;"15002;17";199.9 - 200.3;20.0;9.57;73.51;"J.C. Graf, 1993, "Lunar Soils Grain Size Catalog" NASA Reference Publication RP-1265"
Apollo 15;15002;"15002;17";199.9 - 200.3;15.6;2.53;73.51;"J.C. Graf, 1993, "Lunar Soils Grain Size Catalog" NASA Reference Publication RP-1265"
Apollo 15;15002;"15002;17";199.9 - 200.3;7.8;4.37;73.51;"J.C. Graf, 1993, "Lunar Soils Grain Size Catalog" NASA Reference Publication RP-1265"
Apollo 15;15002;"15002;17";199.9 - 200.3;3.9;1.63;73.51;"J.C. Graf, 1993, "Lunar Soils Grain Size Catalog" NASA Reference Publication RP-1265"
Apollo 15;15002;"15002;17";199.9 - 200.3;1.0;0.5;73.51;"J.C. Graf, 1993, "Lunar Soils Grain Size Catalog" NASA Reference Publication RP-1265"
Apollo 15;15002;"15002;24";199.1 - 199.6;10000.0;0.0;62.52;"J.C. Graf, 1993, "Lunar Soils Grain Size Catalog" NASA Reference Publication RP-1265"
Apollo 15;15002;"15002;24";199.1 - 199.6;1000.0;3.71;62.52;"J.C. Graf, 1993, "Lunar Soils Grain Size Catalog" NASA Reference Publication RP-1265"
Apollo 15;15002;"15002;24";199.1 - 199.6;500.0;6.8;62.52;"J.C. Graf, 1993, "Lunar Soils Grain Size Catalog" NASA Reference Publication RP-1265"
Apollo 15;15002;"15002;24";199.1 - 199.6;250.0;7.91;62.52;"J.C. Graf, 1993, "Lunar Soils Grain Size Catalog" NASA Reference Publication RP-1265"
Apollo 15;15002;"15002;24";199.1 - 199.6;150.0;8.87;62.52;"J.C. Graf, 1993, "Lunar Soils Grain Size Catalog" NASA Reference Publication RP-1265"
Apollo 15;15002;"15002;24";199.1 - 199.6;90.0;12.7;62.52;"J.C. Graf, 1993, "Lunar Soils Grain Size Catalog" NASA Reference Publication RP-1265"
Apollo 15;15002;"15002;24";199.1 - 199.6;60.0;11.14;62.52;"J.C. Graf, 1993, "Lunar Soils Grain Size Catalog" NASA Reference Publication RP-1265"
Apollo 15;15002;"15002;24";199.1 - 199.6;45.0;7.76;62.52;"J.C. Graf, 1993, "Lunar Soils Grain Size Catalog" NASA Reference Publication RP-1265"
Apollo 15;15002;"15002;24";199.1 - 199.6;30.0;12.18;62.52;"J.C. Graf, 1993, "Lunar Soils Grain Size Catalog" NASA Reference Publication RP-1265"
Apollo 15;15002;"15002;24";199.1 - 199.6;20.0;12.49;62.52;"J.C. Graf, 1993, "Lunar Soils Grain Size Catalog" NASA Reference Publication RP-1265"
Apollo 15;15002;"15002;24";199.1 - 199.6;15.6;2.99;62.52;"J.C. Graf, 1993, "Lunar Soils Grain Size Catalog" NASA Reference Publication RP-1265"
Apollo 15;15002;"15002;24";199.1 - 199.6;7.8;8.35;62.52;"J.C. Graf, 1993, "Lunar Soils Grain Size Catalog" NASA Reference Publication RP-1265"
Apollo 15;15002;"15002;24";199.1 - 199.6;3.9;3.02;62.52;"J.C. Graf, 1993, "Lunar Soils Grain Size Catalog" NASA Reference Publication RP-1265"
Apollo 15;15002;"15002;24";199.1 - 199.6;1.0;1.08;62.52;"J.C. Graf, 1993, "Lunar Soils Grain Size Catalog" NASA Reference Publication RP-1265"
Apollo 15;15002;"15002;327";195.4 - 195.9;10000.0;0.0;60.0;"J.C. Graf, 1993, "Lunar Soils Grain Size Catalog" NASA Reference Publication RP-1265"
Apollo 15;15002;"15002;327";195.4 - 195.9;1000.0;0.0;60.0;"J.C. Graf, 1993, "Lunar Soils Grain Size Catalog" NASA Reference Publication RP-1265"
Apollo 15;15002;"15002;327";195.4 - 195.9;500.0;15.06;60.0;"J.C. Graf, 1993, "Lunar Soils Grain Size Catalog" NASA Reference Publication RP-1265"
Apollo 15;15002;"15002;327";195.4 - 195.9;250.0;6.58;60.0;"J.C. Graf, 1993, "Lunar Soils Grain Size Catalog" NASA Reference Publication RP-1265"
Apollo 15;15002;"15002;327";195.4 - 195.9;150.0;7.31;60.0;"J.C. Graf, 1993, "Lunar Soils Grain Size Catalog" NASA Reference Publication RP-1265"
Apollo 15;15002;"15002;327";195.4 - 195.9;90.0;11.11;60.0;"J.C. Graf, 1993, "Lunar Soils Grain Size Catalog" NASA Reference Publication RP-1265"
Apollo 15;15002;"15002;327";195.4 - 195.9;75.0;4.28;60.0;"J.C. Graf, 1993, "Lunar Soils Grain Size Catalog" NASA Reference Publication RP-1265"
Apollo 15;15002;"15002;327";195.4 - 195.9;45.0;12.96;60.0;"J.C. Graf, 1993, "Lunar Soils Grain Size Catalog" NASA Reference Publication RP-1265"
Apollo 15;15002;"15002;327";195.4 - 195.9;20.0;19.74;60.0;"J.C. Graf, 1993, "Lunar Soils Grain Size Catalog" NASA Reference Publication RP-1265"
Apollo 15;15002;"15002;327";195.4 - 195.9;10.0;12.52;60.0;"J.C. Graf, 1993, "Lunar Soils Grain Size Catalog" NASA Reference Publication RP-1265"
Apollo 15;15002;"15002;327";195.4 - 195.9;1.0;9.45;60.0;"J.C. Graf, 1993, "Lunar Soils Grain Size Catalog" NASA Reference Publication RP-1265"
Apollo 15;15002;"15002;329";186.4 - 186.9;10000.0;0.0;64.55;"J.C. Graf, 1993, "Lunar Soils Grain Size Catalog" NASA Reference Publication RP-1265"
Apollo 15;15002;"15002;329";186.4 - 186.9;1000.0;0.0;64.55;"J.C. Graf, 1993, "Lunar Soils Grain Size Catalog" NASA Reference Publication RP-1265"
Apollo 15;15002;"15002;329";186.4 - 186.9;500.0;16.4;64.55;"J.C. Graf, 1993, "Lunar Soils Grain Size Catalog" NASA Reference Publication RP-1265"
Apollo 15;15002;"15002;329";186.4 - 186.9;250.0;7.57;64.55;"J.C. Graf, 1993, "Lunar Soils Grain Size Catalog" NASA Reference Publication RP-1265"
Apollo 15;15002;"15002;329";186.4 - 186.9;150.0;7.63;64.55;"J.C. Graf, 1993, "Lunar Soils Grain Size Catalog" NASA Reference Publication RP-1265"
Apollo 15;15002;"15002;329";186.4 - 186.9;90.0;10.36;64.55;"J.C. Graf, 1993, "Lunar Soils Grain Size Catalog" NASA Reference Publication RP-1265"
Apollo 15;15002;"15002;329";186.4 - 186.9;75.0;4.12;64.55;"J.C. Graf, 1993, "Lunar Soils Grain Size Catalog" NASA Reference Publication RP-1265"
Apollo 15;15002;"15002;329";186.4 - 186.9;45.0;13.34;64.55;"J.C. Graf, 1993, "Lunar Soils Grain Size Catalog" NASA Reference Publication RP-1265"
Apollo 15;15002;"15002;329";186.4 - 186.9;20.0;17.16;64.55;"J.C. Graf, 1993, "Lunar Soils Grain Size Catalog" NASA Reference Publication RP-1265"
Apollo 15;15002;"15002;329";186.4 - 186.9;10.0;11.53;64.55;"J.C. Graf, 1993, "Lunar Soils Grain Size Catalog" NASA Reference Publication RP-1265"
Apollo 15;15002;"15002;329";186.4 - 186.9;1.0;10.89;64.55;"J.C. Graf, 1993, "Lunar Soils Grain Size Catalog" NASA Reference Publication RP-1265"
Apollo 15;15002;"15002;331";178.9 - 179.4;10000.0;0.0;45.35;"J.C. Graf, 1993, "Lunar Soils Grain Size Catalog" NASA Reference Publication RP-1265"
Apollo 15;15002;"15002;331";178.9 - 179.4;1000.0;0.0;45.35;"J.C. Graf, 1993, "Lunar Soils Grain Size Catalog" NASA Reference Publication RP-1265"
Apollo 15;15002;"15002;331";178.9 - 179.4;500.0;5.58;45.35;"J.C. Graf, 1993, "Lunar Soils Grain Size Catalog" NASA Reference Publication RP-1265"
Apollo 15;15002;"15002;331";178.9 - 179.4;250.0;6.18;45.35;"J.C. Graf, 1993, "Lunar Soils Grain Size Catalog" NASA Reference Publication RP-1265"
Apollo 15;15002;"15002;331";178.9 - 179.4;150.0;9.42;45.35;"J.C. Graf, 1993, "Lunar Soils Grain Size Catalog" NASA Reference Publication RP-1265"
Apollo 15;15002;"15002;331";178.9 - 179.4;90.0;11.18;45.35;"J.C. Graf, 1993, "Lunar Soils Grain Size Catalog" NASA Reference Publication RP-1265"
Apollo 15;15002;"15002;331";178.9 - 179.4;75.0;3.84;45.35;"J.C. Graf, 1993, "Lunar Soils Grain Size Catalog" NASA Reference Publication RP-1265"
Apollo 15;15002;"15002;331";178.9 - 179.4;45.0;14.01;45.35;"J.C. Graf, 1993, "Lunar Soils Grain Size Catalog" NASA Reference Publication RP-1265"
Apollo 15;15002;"15002;331";178.9 - 179.4;20.0;21.19;45.35;"J.C. Graf, 1993, "Lunar Soils Grain Size Catalog" NASA Reference Publication RP-1265"
Apollo 15;15002;"15002;331";178.9 - 179.4;10.0;17.61;45.35;"J.C. Graf, 1993, "Lunar Soils Grain Size Catalog" NASA Reference Publication RP-1265"
Apollo 15;15002;"15002;331";178.9 - 179.4;1.0;9.99;45.35;"J.C. Graf, 1993, "Lunar Soils Grain Size Catalog" NASA Reference Publication RP-1265"
Apollo 15;15002;"15002;333";167.9 - 168.4;10000.0;0.0;52.73;"J.C. Graf, 1993, "Lunar Soils Grain Size Catalog" NASA Reference Publication RP-1265"
Apollo 15;15002;"15002;333";167.9 - 168.4;1000.0;0.0;52.73;"J.C. Graf, 1993, "Lunar Soils Grain Size Catalog" NASA Reference Publication RP-1265"
Apollo 15;15002;"15002;333";167.9 - 168.4;500.0;5.17;52.73;"J.C. Graf, 1993, "Lunar Soils Grain Size Catalog" NASA Reference Publication RP-1265"
Apollo 15;15002;"15002;333";167.9 - 168.4;250.0;7.76;52.73;"J.C. Graf, 1993, "Lunar Soils Grain Size Catalog" NASA Reference Publication RP-1265"
Apollo 15;15002;"15002;333";167.9 - 168.4;150.0;8.54;52.73;"J.C. Graf, 1993, "Lunar Soils Grain Size Catalog" NASA Reference Publication RP-1265"
Apollo 15;15002;"15002;333";167.9 - 168.4;90.0;12.49;52.73;"J.C. Graf, 1993, "Lunar Soils Grain Size Catalog" NASA Reference Publication RP-1265"
Apollo 15;15002;"15002;333";167.9 - 168.4;75.0;4.91;52.73;"J.C. Graf, 1993, "Lunar Soils Grain Size Catalog" NASA Reference Publication RP-1265"
Apollo 15;15002;"15002;333";167.9 - 168.4;45.0;16.14;52.73;"J.C. Graf, 1993, "Lunar Soils Grain Size Catalog" NASA Reference Publication RP-1265"
Apollo 15;15002;"15002;333";167.9 - 168.4;20.0;18.65;52.73;"J.C. Graf, 1993, "Lunar Soils Grain Size Catalog" NASA Reference Publication RP-1265"
Apollo 15;15002;"15002;333";167.9 - 168.4;10.0;12.38;52.73;"J.C. Graf, 1993, "Lunar Soils Grain Size Catalog" NASA Reference Publication RP-1265"
Apollo 15;15002;"15002;333";167.9 - 168.4;1.0;12.96;52.73;"J.C. Graf, 1993, "Lunar Soils Grain Size Catalog" NASA Reference Publication RP-1265"
Apollo 15;15003;"15003;19";160.6 - 161.1;10000.0;0.0;51.21;"J.C. Graf, 1993, "Lunar Soils Grain Size Catalog" NASA Reference Publication RP-1265"
Apollo 15;15003;"15003;19";160.6 - 161.1;1000.0;0.9;51.21;"J.C. Graf, 1993, "Lunar Soils Grain Size Catalog" NASA Reference Publication RP-1265"
Apollo 15;15003;"15003;19";160.6 - 161.1;500.0;5.65;51.21;"J.C. Graf, 1993, "Lunar Soils Grain Size Catalog" NASA Reference Publication RP-1265"
Apollo 15;15003;"15003;19";160.6 - 161.1;250.0;7.9;51.21;"J.C. Graf, 1993, "Lunar Soils Grain Size Catalog" NASA Reference Publication RP-1265"
Apollo 15;15003;"15003;19";160.6 - 161.1;150.0;7.53;51.21;"J.C. Graf, 1993, "Lunar Soils Grain Size Catalog" NASA Reference Publication RP-1265"
Apollo 15;15003;"15003;19";160.6 - 161.1;90.0;11.4;51.21;"J.C. Graf, 1993, "Lunar Soils Grain Size Catalog" NASA Reference Publication RP-1265"
Apollo 15;15003;"15003;19";160.6 - 161.1;60.0;11.13;51.21;"J.C. Graf, 1993, "Lunar Soils Grain Size Catalog" NASA Reference Publication RP-1265"
Apollo 15;15003;"15003;19";160.6 - 161.1;45.0;9.97;51.21;"J.C. Graf, 1993, "Lunar Soils Grain Size Catalog" NASA Reference Publication RP-1265"
Apollo 15;15003;"15003;19";160.6 - 161.1;30.0;8.26;51.21;"J.C. Graf, 1993, "Lunar Soils Grain Size Catalog" NASA Reference Publication RP-1265"
Apollo 15;15003;"15003;19";160.6 - 161.1;20.0;12.09;51.21;"J.C. Graf, 1993, "Lunar Soils Grain Size Catalog" NASA Reference Publication RP-1265"
Apollo 15;15003;"15003;19";160.6 - 161.1;15.6;9.32;51.21;"J.C. Graf, 1993, "Lunar Soils Grain Size Catalog" NASA Reference Publication RP-1265"
Apollo 15;15003;"15003;19";160.6 - 161.1;7.8;10.05;51.21;"J.C. Graf, 1993, "Lunar Soils Grain Size Catalog" NASA Reference Publication RP-1265"
Apollo 15;15003;"15003;19";160.6 - 161.1;3.9;3.19;51.21;"J.C. Graf, 1993, "Lunar Soils Grain Size Catalog" NASA Reference Publication RP-1265"
Apollo 15;15003;"15003;19";160.6 - 161.1;2.0;1.31;51.21;"J.C. Graf, 1993, "Lunar Soils Grain Size Catalog" NASA Reference Publication RP-1265"
Apollo 15;15003;"15003;19";160.6 - 161.1;1.0;0.31;51.21;"J.C. Graf, 1993, "Lunar Soils Grain Size Catalog" NASA Reference Publication RP-1265"
Apollo 15;15003;"15003;26";159.9 - 160.4;10000.0;0.0;49.46;"J.C. Graf, 1993, "Lunar Soils Grain Size Catalog" NASA Reference Publication RP-1265"
Apollo 15;15003;"15003;26";159.9 - 160.4;1000.0;4.68;49.46;"J.C. Graf, 1993, "Lunar Soils Grain Size Catalog" NASA Reference Publication RP-1265"
Apollo 15;15003;"15003;26";159.9 - 160.4;500.0;3.3;49.46;"J.C. Graf, 1993, "Lunar Soils Grain Size Catalog" NASA Reference Publication RP-1265"
Apollo 15;15003;"15003;26";159.9 - 160.4;250.0;4.63;49.46;"J.C. Graf, 1993, "Lunar Soils Grain Size Catalog" NASA Reference Publication RP-1265"
Apollo 15;15003;"15003;26";159.9 - 160.4;150.0;7.97;49.46;"J.C. Graf, 1993, "Lunar Soils Grain Size Catalog" NASA Reference Publication RP-1265"
Apollo 15;15003;"15003;26";159.9 - 160.4;90.0;13.63;49.46;"J.C. Graf, 1993, "Lunar Soils Grain Size Catalog" NASA Reference Publication RP-1265"
Apollo 15;15003;"15003;26";159.9 - 160.4;60.0;11.11;49.46;"J.C. Graf, 1993, "Lunar Soils Grain Size Catalog" NASA Reference Publication RP-1265"
Apollo 15;15003;"15003;26";159.9 - 160.4;45.0;6.97;49.46;"J.C. Graf, 1993, "Lunar Soils Grain Size Catalog" NASA Reference Publication RP-1265"
Apollo 15;15003;"15003;26";159.9 - 160.4;30.0;11.93;49.46;"J.C. Graf, 1993, "Lunar Soils Grain Size Catalog" NASA Reference Publication RP-1265"
Apollo 15;15003;"15003;26";159.9 - 160.4;20.0;9.97;49.46;"J.C. Graf, 1993, "Lunar Soils Grain Size Catalog" NASA Reference Publication RP-1265"
Apollo 15;15003;"15003;26";159.9 - 160.4;15.6;2.93;49.46;"J.C. Graf, 1993, "Lunar Soils Grain Size Catalog" NASA Reference Publication RP-1265"
Apollo 15;15003;"15003;26";159.9 - 160.4;7.8;15.32;49.46;"J.C. Graf, 1993, "Lunar Soils Grain Size Catalog" NASA Reference Publication RP-1265"
Apollo 15;15003;"15003;26";159.9 - 160.4;3.9;4.63;49.46;"J.C. Graf, 1993, "Lunar Soils Grain Size Catalog" NASA Reference Publication RP-1265"
Apollo 15;15003;"15003;26";159.9 - 160.4;1.0;1.93;49.46;"J.C. Graf, 1993, "Lunar Soils Grain Size Catalog" NASA Reference Publication RP-1265"
Apollo 15;15003;"15003;321";143.7 - 144.2;10000.0;0.0;53.54;"J.C. Graf, 1993, "Lunar Soils Grain Size Catalog" NASA Reference Publication RP-1265"
Apollo 15;15003;"15003;321";143.7 - 144.2;1000.0;0.0;53.54;"J.C. Graf, 1993, "Lunar Soils Grain Size Catalog" NASA Reference Publication RP-1265"
Apollo 15;15003;"15003;321";143.7 - 144.2;500.0;10.04;53.54;"J.C. Graf, 1993, "Lunar Soils Grain Size Catalog" NASA Reference Publication RP-1265"
Apollo 15;15003;"15003;321";143.7 - 144.2;250.0;7.99;53.54;"J.C. Graf, 1993, "Lunar Soils Grain Size Catalog" NASA Reference Publication RP-1265"
Apollo 15;15003;"15003;321";143.7 - 144.2;150.0;8.8;53.54;"J.C. Graf, 1993, "Lunar Soils Grain Size Catalog" NASA Reference Publication RP-1265"
Apollo 15;15003;"15003;321";143.7 - 144.2;90.0;10.98;53.54;"J.C. Graf, 1993, "Lunar Soils Grain Size Catalog" NASA Reference Publication RP-1265"
Apollo 15;15003;"15003;321";143.7 - 144.2;75.0;3.99;53.54;"J.C. Graf, 1993, "Lunar Soils Grain Size Catalog" NASA Reference Publication RP-1265"
Apollo 15;15003;"15003;321";143.7 - 144.2;45.0;12.43;53.54;"J.C. Graf, 1993, "Lunar Soils Grain Size Catalog" NASA Reference Publication RP-1265"
Apollo 15;15003;"15003;321";143.7 - 144.2;20.0;18.85;53.54;"J.C. Graf, 1993, "Lunar Soils Grain Size Catalog" NASA Reference Publication RP-1265"
Apollo 15;15003;"15003;321";143.7 - 144.2;10.0;13.06;53.54;"J.C. Graf, 1993, "Lunar Soils Grain Size Catalog" NASA Reference Publication RP-1265"
Apollo 15;15003;"15003;321";143.7 - 144.2;1.0;12.87;53.54;"J.C. Graf, 1993, "Lunar Soils Grain Size Catalog" NASA Reference Publication RP-1265"
Apollo 15;15003;"15003;322";141.7 - 142.2;10000.0;0.0;109.11;"J.C. Graf, 1993, "Lunar Soils Grain Size Catalog" NASA Reference Publication RP-1265"
Apollo 15;15003;"15003;322";141.7 - 142.2;1000.0;0.0;109.11;"J.C. Graf, 1993, "Lunar Soils Grain Size Catalog" NASA Reference Publication RP-1265"
Apollo 15;15003;"15003;322";141.7 - 142.2;500.0;12.48;109.11;"J.C. Graf, 1993, "Lunar Soils Grain Size Catalog" NASA Reference Publication RP-1265"
Apollo 15;15003;"15003;322";141.7 - 142.2;250.0;17.84;109.11;"J.C. Graf, 1993, "Lunar Soils Grain Size Catalog" NASA Reference Publication RP-1265"
Apollo 15;15003;"15003;322";141.7 - 142.2;150.0;11.86;109.11;"J.C. Graf, 1993, "Lunar Soils Grain Size Catalog" NASA Reference Publication RP-1265"
Apollo 15;15003;"15003;322";141.7 - 142.2;90.0;12.55;109.11;"J.C. Graf, 1993, "Lunar Soils Grain Size Catalog" NASA Reference Publication RP-1265"
Apollo 15;15003;"15003;322";141.7 - 142.2;75.0;4.29;109.11;"J.C. Graf, 1993, "Lunar Soils Grain Size Catalog" NASA Reference Publication RP-1265"
Apollo 15;15003;"15003;322";141.7 - 142.2;45.0;13.03;109.11;"J.C. Graf, 1993, "Lunar Soils Grain Size Catalog" NASA Reference Publication RP-1265"
Apollo 15;15003;"15003;322";141.7 - 142.2;20.0;15.2;109.11;"J.C. Graf, 1993, "Lunar Soils Grain Size Catalog" NASA Reference Publication RP-1265"
Apollo 15;15003;"15003;322";141.7 - 142.2;10.0;7.47;109.11;"J.C. Graf, 1993, "Lunar Soils Grain Size Catalog" NASA Reference Publication RP-1265"
Apollo 15;15003;"15003;322";141.7 - 142.2;1.0;4.28;109.11;"J.C. Graf, 1993, "Lunar Soils Grain Size Catalog" NASA Reference Publication RP-1265"
Apollo 15;15003;"15003;324";131.2 - 131.7;10000.0;0.0;46.05;"J.C. Graf, 1993, "Lunar Soils Grain Size Catalog" NASA Reference Publication RP-1265"
Apollo 15;15003;"15003;324";131.2 - 131.7;1000.0;0.0;46.05;"J.C. Graf, 1993, "Lunar Soils Grain Size Catalog" NASA Reference Publication RP-1265"
Apollo 15;15003;"15003;324";131.2 - 131.7;500.0;2.92;46.05;"J.C. Graf, 1993, "Lunar Soils Grain Size Catalog" NASA Reference Publication RP-1265"
Apollo 15;15003;"15003;324";131.2 - 131.7;250.0;7.7;46.05;"J.C. Graf, 1993, "Lunar Soils Grain Size Catalog" NASA Reference Publication RP-1265"
Apollo 15;15003;"15003;324";131.2 - 131.7;150.0;9.39;46.05;"J.C. Graf, 1993, "Lunar Soils Grain Size Catalog" NASA Reference Publication RP-1265"
Apollo 15;15003;"15003;324";131.2 - 131.7;90.0;12.25;46.05;"J.C. Graf, 1993, "Lunar Soils Grain Size Catalog" NASA Reference Publication RP-1265"
Apollo 15;15003;"15003;324";131.2 - 131.7;75.0;4.06;46.05;"J.C. Graf, 1993, "Lunar Soils Grain Size Catalog" NASA Reference Publication RP-1265"
Apollo 15;15003;"15003;324";131.2 - 131.7;45.0;14.33;46.05;"J.C. Graf, 1993, "Lunar Soils Grain Size Catalog" NASA Reference Publication RP-1265"
Apollo 15;15003;"15003;324";131.2 - 131.7;20.0;21.68;46.05;"J.C. Graf, 1993, "Lunar Soils Grain Size Catalog" NASA Reference Publication RP-1265"
Apollo 15;15003;"15003;324";131.2 - 131.7;10.0;15.75;46.05;"J.C. Graf, 1993, "Lunar Soils Grain Size Catalog" NASA Reference Publication RP-1265"
Apollo 15;15003;"15003;324";131.2 - 131.7;1.0;10.91;46.05;"J.C. Graf, 1993, "Lunar Soils Grain Size Catalog" NASA Reference Publication RP-1265"
Apollo 15;15004;"15004;24";121.2 - 121.7;10000.0;0.0;70.12;"J.C. Graf, 1993, "Lunar Soils Grain Size Catalog" NASA Reference Publication RP-1265"
Apollo 15;15004;"15004;24";121.2 - 121.7;1000.0;0.0;70.12;"J.C. Graf, 1993, "Lunar Soils Grain Size Catalog" NASA Reference Publication RP-1265"
Apollo 15;15004;"15004;24";121.2 - 121.7;500.0;7.25;70.12;"J.C. Graf, 1993, "Lunar Soils Grain Size Catalog" NASA Reference Publication RP-1265"
Apollo 15;15004;"15004;24";121.2 - 121.7;250.0;7.91;70.12;"J.C. Graf, 1993, "Lunar Soils Grain Size Catalog" NASA Reference Publication RP-1265"
Apollo 15;15004;"15004;24";121.2 - 121.7;150.0;11.7;70.12;"J.C. Graf, 1993, "Lunar Soils Grain Size Catalog" NASA Reference Publication RP-1265"
Apollo 15;15004;"15004;24";121.2 - 121.7;90.0;15.64;70.12;"J.C. Graf, 1993, "Lunar Soils Grain Size Catalog" NASA Reference Publication RP-1265"
Apollo 15;15004;"15004;24";121.2 - 121.7;60.0;12.18;70.12;"J.C. Graf, 1993, "Lunar Soils Grain Size Catalog" NASA Reference Publication RP-1265"
Apollo 15;15004;"15004;24";121.2 - 121.7;45.0;8.06;70.12;"J.C. Graf, 1993, "Lunar Soils Grain Size Catalog" NASA Reference Publication RP-1265"
Apollo 15;15004;"15004;24";121.2 - 121.7;30.0;10.57;70.12;"J.C. Graf, 1993, "Lunar Soils Grain Size Catalog" NASA Reference Publication RP-1265"
Apollo 15;15004;"15004;24";121.2 - 121.7;20.0;9.06;70.12;"J.C. Graf, 1993, "Lunar Soils Grain Size Catalog" NASA Reference Publication RP-1265"
Apollo 15;15004;"15004;24";121.2 - 121.7;15.6;6.45;70.12;"J.C. Graf, 1993, "Lunar Soils Grain Size Catalog" NASA Reference Publication RP-1265"
Apollo 15;15004;"15004;24";121.2 - 121.7;7.8;7.51;70.12;"J.C. Graf, 1993, "Lunar Soils Grain Size Catalog" NASA Reference Publication RP-1265"
Apollo 15;15004;"15004;24";121.2 - 121.7;3.9;2.01;70.12;"J.C. Graf, 1993, "Lunar Soils Grain Size Catalog" NASA Reference Publication RP-1265"
Apollo 15;15004;"15004;24";121.2 - 121.7;1.0;0.66;70.12;"J.C. Graf, 1993, "Lunar Soils Grain Size Catalog" NASA Reference Publication RP-1265"
Apollo 15;15004;"15004;17";120.4 - 120.9;10000.0;0.0;57.17;"J.C. Graf, 1993, "Lunar Soils Grain Size Catalog" NASA Reference Publication RP-1265"
Apollo 15;15004;"15004;17";120.4 - 120.9;1000.0;2.24;57.17;"J.C. Graf, 1993, "Lunar Soils Grain Size Catalog" NASA Reference Publication RP-1265"
Apollo 15;15004;"15004;17";120.4 - 120.9;500.0;4.96;57.17;"J.C. Graf, 1993, "Lunar Soils Grain Size Catalog" NASA Reference Publication RP-1265"
Apollo 15;15004;"15004;17";120.4 - 120.9;250.0;7.9;57.17;"J.C. Graf, 1993, "Lunar Soils Grain Size Catalog" NASA Reference Publication RP-1265"
Apollo 15;15004;"15004;17";120.4 - 120.9;150.0;9.47;57.17;"J.C. Graf, 1993, "Lunar Soils Grain Size Catalog" NASA Reference Publication RP-1265"
Apollo 15;15004;"15004;17";120.4 - 120.9;90.0;12.58;57.17;"J.C. Graf, 1993, "Lunar Soils Grain Size Catalog" NASA Reference Publication RP-1265"
Apollo 15;15004;"15004;17";120.4 - 120.9;60.0;11.29;57.17;"J.C. Graf, 1993, "Lunar Soils Grain Size Catalog" NASA Reference Publication RP-1265"
Apollo 15;15004;"15004;17";120.4 - 120.9;45.0;9.3;57.17;"J.C. Graf, 1993, "Lunar Soils Grain Size Catalog" NASA Reference Publication RP-1265"
Apollo 15;15004;"15004;17";120.4 - 120.9;30.0;12.41;57.17;"J.C. Graf, 1993, "Lunar Soils Grain Size Catalog" NASA Reference Publication RP-1265"
Apollo 15;15004;"15004;17";120.4 - 120.9;20.0;10.63;57.17;"J.C. Graf, 1993, "Lunar Soils Grain Size Catalog" NASA Reference Publication RP-1265"
Apollo 15;15004;"15004;17";120.4 - 120.9;15.6;4.6;57.17;"J.C. Graf, 1993, "Lunar Soils Grain Size Catalog" NASA Reference Publication RP-1265"
Apollo 15;15004;"15004;17";120.4 - 120.9;7.8;9.96;57.17;"J.C. Graf, 1993, "Lunar Soils Grain Size Catalog" NASA Reference Publication RP-1265"
Apollo 15;15004;"15004;17";120.4 - 120.9;3.9;2.83;57.17;"J.C. Graf, 1993, "Lunar Soils Grain Size Catalog" NASA Reference Publication RP-1265"
Apollo 15;15004;"15004;17";120.4 - 120.9;1.0;0.82;57.17;"J.C. Graf, 1993, "Lunar Soils Grain Size Catalog" NASA Reference Publication RP-1265"
Apollo 15;15004;"15004;131";104.4 - 104.9;10000.0;0.0;50.82;"J.C. Graf, 1993, "Lunar Soils Grain Size Catalog" NASA Reference Publication RP-1265"
Apollo 15;15004;"15004;131";104.4 - 104.9;1000.0;0.0;50.82;"J.C. Graf, 1993, "Lunar Soils Grain Size Catalog" NASA Reference Publication RP-1265"
Apollo 15;15004;"15004;131";104.4 - 104.9;500.0;4.62;50.82;"J.C. Graf, 1993, "Lunar Soils Grain Size Catalog" NASA Reference Publication RP-1265"
Apollo 15;15004;"15004;131";104.4 - 104.9;250.0;7.61;50.82;"J.C. Graf, 1993, "Lunar Soils Grain Size Catalog" NASA Reference Publication RP-1265"
Apollo 15;15004;"15004;131";104.4 - 104.9;150.0;8.92;50.82;"J.C. Graf, 1993, "Lunar Soils Grain Size Catalog" NASA Reference Publication RP-1265"
Apollo 15;15004;"15004;131";104.4 - 104.9;90.0;11.86;50.82;"J.C. Graf, 1993, "Lunar Soils Grain Size Catalog" NASA Reference Publication RP-1265"
Apollo 15;15004;"15004;131";104.4 - 104.9;75.0;4.92;50.82;"J.C. Graf, 1993, "Lunar Soils Grain Size Catalog" NASA Reference Publication RP-1265"
Apollo 15;15004;"15004;131";104.4 - 104.9;45.0;15.84;50.82;"J.C. Graf, 1993, "Lunar Soils Grain Size Catalog" NASA Reference Publication RP-1265"
Apollo 15;15004;"15004;131";104.4 - 104.9;20.0;22.55;50.82;"J.C. Graf, 1993, "Lunar Soils Grain Size Catalog" NASA Reference Publication RP-1265"
Apollo 15;15004;"15004;131";104.4 - 104.9;10.0;13.72;50.82;"J.C. Graf, 1993, "Lunar Soils Grain Size Catalog" NASA Reference Publication RP-1265"
Apollo 15;15004;"15004;131";104.4 - 104.9;1.0;8.96;50.82;"J.C. Graf, 1993, "Lunar Soils Grain Size Catalog" NASA Reference Publication RP-1265"
Apollo 15;15004;"15004;132";95.9 - 96.4;10000.0;0.0;52.74;"J.C. Graf, 1993, "Lunar Soils Grain Size Catalog" NASA Reference Publication RP-1265"
Apollo 15;15004;"15004;132";95.9 - 96.4;1000.0;0.0;52.74;"J.C. Graf, 1993, "Lunar Soils Grain Size Catalog" NASA Reference Publication RP-1265"
Apollo 15;15004;"15004;132";95.9 - 96.4;500.0;6.42;52.74;"J.C. Graf, 1993, "Lunar Soils Grain Size Catalog" NASA Reference Publication RP-1265"
Apollo 15;15004;"15004;132";95.9 - 96.4;250.0;6.91;52.74;"J.C. Graf, 1993, "Lunar Soils Grain Size Catalog" NASA Reference Publication RP-1265"
Apollo 15;15004;"15004;132";95.9 - 96.4;150.0;8.71;52.74;"J.C. Graf, 1993, "Lunar Soils Grain Size Catalog" NASA Reference Publication RP-1265"
Apollo 15;15004;"15004;132";95.9 - 96.4;90.0;11.79;52.74;"J.C. Graf, 1993, "Lunar Soils Grain Size Catalog" NASA Reference Publication RP-1265"
Apollo 15;15004;"15004;132";95.9 - 96.4;75.0;4.95;52.74;"J.C. Graf, 1993, "Lunar Soils Grain Size Catalog" NASA Reference Publication RP-1265"
Apollo 15;15004;"15004;132";95.9 - 96.4;45.0;16.28;52.74;"J.C. Graf, 1993, "Lunar Soils Grain Size Catalog" NASA Reference Publication RP-1265"
Apollo 15;15004;"15004;132";95.9 - 96.4;20.0;20.32;52.74;"J.C. Graf, 1993, "Lunar Soils Grain Size Catalog" NASA Reference Publication RP-1265"
Apollo 15;15004;"15004;132";95.9 - 96.4;10.0;13.57;52.74;"J.C. Graf, 1993, "Lunar Soils Grain Size Catalog" NASA Reference Publication RP-1265"
Apollo 15;15004;"15004;132";95.9 - 96.4;1.0;10.04;52.74;"J.C. Graf, 1993, "Lunar Soils Grain Size Catalog" NASA Reference Publication RP-1265"
Apollo 15;15004;"15004;133";85.9 - 86.4;10000.0;0.0;48.5;"J.C. Graf, 1993, "Lunar Soils Grain Size Catalog" NASA Reference Publication RP-1265"
Apollo 15;15004;"15004;133";85.9 - 86.4;1000.0;0.0;48.5;"J.C. Graf, 1993, "Lunar Soils Grain Size Catalog" NASA Reference Publication RP-1265"
Apollo 15;15004;"15004;133";85.9 - 86.4;500.0;6.66;48.5;"J.C. Graf, 1993, "Lunar Soils Grain Size Catalog" NASA Reference Publication RP-1265"
Apollo 15;15004;"15004;133";85.9 - 86.4;250.0;8.79;48.5;"J.C. Graf, 1993, "Lunar Soils Grain Size Catalog" NASA Reference Publication RP-1265"
Apollo 15;15004;"15004;133";85.9 - 86.4;150.0;7.68;48.5;"J.C. Graf, 1993, "Lunar Soils Grain Size Catalog" NASA Reference Publication RP-1265"
Apollo 15;15004;"15004;133";85.9 - 86.4;90.0;10.8;48.5;"J.C. Graf, 1993, "Lunar Soils Grain Size Catalog" NASA Reference Publication RP-1265"
Apollo 15;15004;"15004;133";85.9 - 86.4;75.0;3.95;48.5;"J.C. Graf, 1993, "Lunar Soils Grain Size Catalog" NASA Reference Publication RP-1265"
Apollo 15;15004;"15004;133";85.9 - 86.4;45.0;14.2;48.5;"J.C. Graf, 1993, "Lunar Soils Grain Size Catalog" NASA Reference Publication RP-1265"
Apollo 15;15004;"15004;133";85.9 - 86.4;20.0;20.35;48.5;"J.C. Graf, 1993, "Lunar Soils Grain Size Catalog" NASA Reference Publication RP-1265"
Apollo 15;15004;"15004;133";85.9 - 86.4;10.0;13.13;48.5;"J.C. Graf, 1993, "Lunar Soils Grain Size Catalog" NASA Reference Publication RP-1265"
Apollo 15;15004;"15004;133";85.9 - 86.4;1.0;13.44;48.5;"J.C. Graf, 1993, "Lunar Soils Grain Size Catalog" NASA Reference Publication RP-1265"
Apollo 15;15005;"15005;16";80.1 - 81.7;10000.0;0.0;84.28;"J.C. Graf, 1993, "Lunar Soils Grain Size Catalog" NASA Reference Publication RP-1265"
Apollo 15;15005;"15005;16";80.1 - 81.7;1000.0;3.59;84.28;"J.C. Graf, 1993, "Lunar Soils Grain Size Catalog" NASA Reference Publication RP-1265"
Apollo 15;15005;"15005;16";80.1 - 81.7;500.0;9.49;84.28;"J.C. Graf, 1993, "Lunar Soils Grain Size Catalog" NASA Reference Publication RP-1265"
Apollo 15;15005;"15005;16";80.1 - 81.7;250.0;12.49;84.28;"J.C. Graf, 1993, "Lunar Soils Grain Size Catalog" NASA Reference Publication RP-1265"
Apollo 15;15005;"15005;16";80.1 - 81.7;150.0;7.71;84.28;"J.C. Graf, 1993, "Lunar Soils Grain Size Catalog" NASA Reference Publication RP-1265"
Apollo 15;15005;"15005;16";80.1 - 81.7;90.0;14.86;84.28;"J.C. Graf, 1993, "Lunar Soils Grain Size Catalog" NASA Reference Publication RP-1265"
Apollo 15;15005;"15005;16";80.1 - 81.7;60.0;11.48;84.28;"J.C. Graf, 1993, "Lunar Soils Grain Size Catalog" NASA Reference Publication RP-1265"
Apollo 15;15005;"15005;16";80.1 - 81.7;45.0;7.71;84.28;"J.C. Graf, 1993, "Lunar Soils Grain Size Catalog" NASA Reference Publication RP-1265"
Apollo 15;15005;"15005;16";80.1 - 81.7;30.0;12.34;84.28;"J.C. Graf, 1993, "Lunar Soils Grain Size Catalog" NASA Reference Publication RP-1265"
Apollo 15;15005;"15005;16";80.1 - 81.7;20.0;6.9;84.28;"J.C. Graf, 1993, "Lunar Soils Grain Size Catalog" NASA Reference Publication RP-1265"
Apollo 15;15005;"15005;16";80.1 - 81.7;15.6;3.59;84.28;"J.C. Graf, 1993, "Lunar Soils Grain Size Catalog" NASA Reference Publication RP-1265"
Apollo 15;15005;"15005;16";80.1 - 81.7;7.8;6.49;84.28;"J.C. Graf, 1993, "Lunar Soils Grain Size Catalog" NASA Reference Publication RP-1265"
Apollo 15;15005;"15005;16";80.1 - 81.7;3.9;1.71;84.28;"J.C. Graf, 1993, "Lunar Soils Grain Size Catalog" NASA Reference Publication RP-1265"
Apollo 15;15005;"15005;16";80.1 - 81.7;2.0;0.53;84.28;"J.C. Graf, 1993, "Lunar Soils Grain Size Catalog" NASA Reference Publication RP-1265"
Apollo 15;15005;"15005;16";80.1 - 81.7;1.0;0.08;84.28;"J.C. Graf, 1993, "Lunar Soils Grain Size Catalog" NASA Reference Publication RP-1265"
Apollo 15;15005;"15005;23";80.1 - 81.7;10000.0;0.0;61.23;"J.C. Graf, 1993, "Lunar Soils Grain Size Catalog" NASA Reference Publication RP-1265"
Apollo 15;15005;"15005;23";80.1 - 81.7;1000.0;4.8;61.23;"J.C. Graf, 1993, "Lunar Soils Grain Size Catalog" NASA Reference Publication RP-1265"
Apollo 15;15005;"15005;23";80.1 - 81.7;500.0;5.95;61.23;"J.C. Graf, 1993, "Lunar Soils Grain Size Catalog" NASA Reference Publication RP-1265"
Apollo 15;15005;"15005;23";80.1 - 81.7;250.0;9.18;61.23;"J.C. Graf, 1993, "Lunar Soils Grain Size Catalog" NASA Reference Publication RP-1265"
Apollo 15;15005;"15005;23";80.1 - 81.7;150.0;8.62;61.23;"J.C. Graf, 1993, "Lunar Soils Grain Size Catalog" NASA Reference Publication RP-1265"
Apollo 15;15005;"15005;23";80.1 - 81.7;90.0;12.53;61.23;"J.C. Graf, 1993, "Lunar Soils Grain Size Catalog" NASA Reference Publication RP-1265"
Apollo 15;15005;"15005;23";80.1 - 81.7;60.0;9.39;61.23;"J.C. Graf, 1993, "Lunar Soils Grain Size Catalog" NASA Reference Publication RP-1265"
Apollo 15;15005;"15005;23";80.1 - 81.7;45.0;6.83;61.23;"J.C. Graf, 1993, "Lunar Soils Grain Size Catalog" NASA Reference Publication RP-1265"
Apollo 15;15005;"15005;23";80.1 - 81.7;30.0;11.31;61.23;"J.C. Graf, 1993, "Lunar Soils Grain Size Catalog" NASA Reference Publication RP-1265"
Apollo 15;15005;"15005;23";80.1 - 81.7;20.0;13.39;61.23;"J.C. Graf, 1993, "Lunar Soils Grain Size Catalog" NASA Reference Publication RP-1265"
Apollo 15;15005;"15005;23";80.1 - 81.7;15.6;6.02;61.23;"J.C. Graf, 1993, "Lunar Soils Grain Size Catalog" NASA Reference Publication RP-1265"
Apollo 15;15005;"15005;23";80.1 - 81.7;7.8;6.58;61.23;"J.C. Graf, 1993, "Lunar Soils Grain Size Catalog" NASA Reference Publication RP-1265"
Apollo 15;15005;"15005;23";80.1 - 81.7;3.9;3.32;61.23;"J.C. Graf, 1993, "Lunar Soils Grain Size Catalog" NASA Reference Publication RP-1265"
Apollo 15;15005;"15005;23";80.1 - 81.7;2.0;0.92;61.23;"J.C. Graf, 1993, "Lunar Soils Grain Size Catalog" NASA Reference Publication RP-1265"
Apollo 15;15005;"15005;23";80.1 - 81.7;1.0;0.16;61.23;"J.C. Graf, 1993, "Lunar Soils Grain Size Catalog" NASA Reference Publication RP-1265"
Apollo 15;15005;"15005;391";67 - 67.3;10000.0;0.0;46.88;"J.C. Graf, 1993, "Lunar Soils Grain Size Catalog" NASA Reference Publication RP-1265"
Apollo 15;15005;"15005;391";67 - 67.3;1000.0;0.0;46.88;"J.C. Graf, 1993, "Lunar Soils Grain Size Catalog" NASA Reference Publication RP-1265"
Apollo 15;15005;"15005;391";67 - 67.3;500.0;1.55;46.88;"J.C. Graf, 1993, "Lunar Soils Grain Size Catalog" NASA Reference Publication RP-1265"
Apollo 15;15005;"15005;391";67 - 67.3;250.0;6.6;46.88;"J.C. Graf, 1993, "Lunar Soils Grain Size Catalog" NASA Reference Publication RP-1265"
Apollo 15;15005;"15005;391";67 - 67.3;150.0;8.32;46.88;"J.C. Graf, 1993, "Lunar Soils Grain Size Catalog" NASA Reference Publication RP-1265"
Apollo 15;15005;"15005;391";67 - 67.3;90.0;12.25;46.88;"J.C. Graf, 1993, "Lunar Soils Grain Size Catalog" NASA Reference Publication RP-1265"
Apollo 15;15005;"15005;391";67 - 67.3;75.0;4.48;46.88;"J.C. Graf, 1993, "Lunar Soils Grain Size Catalog" NASA Reference Publication RP-1265"
Apollo 15;15005;"15005;391";67 - 67.3;45.0;18.26;46.88;"J.C. Graf, 1993, "Lunar Soils Grain Size Catalog" NASA Reference Publication RP-1265"
Apollo 15;15005;"15005;391";67 - 67.3;20.0;23.48;46.88;"J.C. Graf, 1993, "Lunar Soils Grain Size Catalog" NASA Reference Publication RP-1265"
Apollo 15;15005;"15005;391";67 - 67.3;10.0;13.64;46.88;"J.C. Graf, 1993, "Lunar Soils Grain Size Catalog" NASA Reference Publication RP-1265"
Apollo 15;15005;"15005;391";67 - 67.3;1.0;10.4;46.88;"J.C. Graf, 1993, "Lunar Soils Grain Size Catalog" NASA Reference Publication RP-1265"
Apollo 15;15005;"15005;393";50.5 - 51;10000.0;0.0;44.31;"J.C. Graf, 1993, "Lunar Soils Grain Size Catalog" NASA Reference Publication RP-1265"
Apollo 15;15005;"15005;393";50.5 - 51;1000.0;0.0;44.31;"J.C. Graf, 1993, "Lunar Soils Grain Size Catalog" NASA Reference Publication RP-1265"
Apollo 15;15005;"15005;393";50.5 - 51;500.0;3.7;44.31;"J.C. Graf, 1993, "Lunar Soils Grain Size Catalog" NASA Reference Publication RP-1265"
Apollo 15;15005;"15005;393";50.5 - 51;250.0;9.66;44.31;"J.C. Graf, 1993, "Lunar Soils Grain Size Catalog" NASA Reference Publication RP-1265"
Apollo 15;15005;"15005;393";50.5 - 51;150.0;8.32;44.31;"J.C. Graf, 1993, "Lunar Soils Grain Size Catalog" NASA Reference Publication RP-1265"
Apollo 15;15005;"15005;393";50.5 - 51;90.0;11.39;44.31;"J.C. Graf, 1993, "Lunar Soils Grain Size Catalog" NASA Reference Publication RP-1265"
Apollo 15;15005;"15005;393";50.5 - 51;75.0;3.61;44.31;"J.C. Graf, 1993, "Lunar Soils Grain Size Catalog" NASA Reference Publication RP-1265"
Apollo 15;15005;"15005;393";50.5 - 51;45.0;12.93;44.31;"J.C. Graf, 1993, "Lunar Soils Grain Size Catalog" NASA Reference Publication RP-1265"
Apollo 15;15005;"15005;393";50.5 - 51;20.0;20.45;44.31;"J.C. Graf, 1993, "Lunar Soils Grain Size Catalog" NASA Reference Publication RP-1265"
Apollo 15;15005;"15005;393";50.5 - 51;10.0;17.88;44.31;"J.C. Graf, 1993, "Lunar Soils Grain Size Catalog" NASA Reference Publication RP-1265"
Apollo 15;15005;"15005;393";50.5 - 51;1.0;11.06;44.31;"J.C. Graf, 1993, "Lunar Soils Grain Size Catalog" NASA Reference Publication RP-1265"
Apollo 15;15005;"15005;395";45.1 - 45.5;10000.0;0.0;42.85;"J.C. Graf, 1993, "Lunar Soils Grain Size Catalog" NASA Reference Publication RP-1265"
Apollo 15;15005;"15005;395";45.1 - 45.5;1000.0;0.0;42.85;"J.C. Graf, 1993, "Lunar Soils Grain Size Catalog" NASA Reference Publication RP-1265"
Apollo 15;15005;"15005;395";45.1 - 45.5;500.0;0.35;42.85;"J.C. Graf, 1993, "Lunar Soils Grain Size Catalog" NASA Reference Publication RP-1265"
Apollo 15;15005;"15005;395";45.1 - 45.5;250.0;8.27;42.85;"J.C. Graf, 1993, "Lunar Soils Grain Size Catalog" NASA Reference Publication RP-1265"
Apollo 15;15005;"15005;395";45.1 - 45.5;150.0;8.98;42.85;"J.C. Graf, 1993, "Lunar Soils Grain Size Catalog" NASA Reference Publication RP-1265"
Apollo 15;15005;"15005;395";45.1 - 45.5;90.0;11.87;42.85;"J.C. Graf, 1993, "Lunar Soils Grain Size Catalog" NASA Reference Publication RP-1265"
Apollo 15;15005;"15005;395";45.1 - 45.5;75.0;2.04;42.85;"J.C. Graf, 1993, "Lunar Soils Grain Size Catalog" NASA Reference Publication RP-1265"
Apollo 15;15005;"15005;395";45.1 - 45.5;45.0;17.01;42.85;"J.C. Graf, 1993, "Lunar Soils Grain Size Catalog" NASA Reference Publication RP-1265"
Apollo 15;15005;"15005;395";45.1 - 45.5;20.0;24.53;42.85;"J.C. Graf, 1993, "Lunar Soils Grain Size Catalog" NASA Reference Publication RP-1265"
Apollo 15;15005;"15005;395";45.1 - 45.5;10.0;15.76;42.85;"J.C. Graf, 1993, "Lunar Soils Grain Size Catalog" NASA Reference Publication RP-1265"
Apollo 15;15005;"15005;395";45.1 - 45.5;1.0;10.21;42.85;"J.C. Graf, 1993, "Lunar Soils Grain Size Catalog" NASA Reference Publication RP-1265"
Apollo 15;15006;"15006;17";40 - 40.7;10000.0;0.0;59.45;"J.C. Graf, 1993, "Lunar Soils Grain Size Catalog" NASA Reference Publication RP-1265"
Apollo 15;15006;"15006;17";40 - 40.7;1000.0;2.13;59.45;"J.C. Graf, 1993, "Lunar Soils Grain Size Catalog" NASA Reference Publication RP-1265"
Apollo 15;15006;"15006;17";40 - 40.7;500.0;3.42;59.45;"J.C. Graf, 1993, "Lunar Soils Grain Size Catalog" NASA Reference Publication RP-1265"
Apollo 15;15006;"15006;17";40 - 40.7;250.0;6.55;59.45;"J.C. Graf, 1993, "Lunar Soils Grain Size Catalog" NASA Reference Publication RP-1265"
Apollo 15;15006;"15006;17";40 - 40.7;150.0;9.86;59.45;"J.C. Graf, 1993, "Lunar Soils Grain Size Catalog" NASA Reference Publication RP-1265"
Apollo 15;15006;"15006;17";40 - 40.7;90.0;15.32;59.45;"J.C. Graf, 1993, "Lunar Soils Grain Size Catalog" NASA Reference Publication RP-1265"
Apollo 15;15006;"15006;17";40 - 40.7;60.0;12.47;59.45;"J.C. Graf, 1993, "Lunar Soils Grain Size Catalog" NASA Reference Publication RP-1265"
Apollo 15;15006;"15006;17";40 - 40.7;45.0;7.86;59.45;"J.C. Graf, 1993, "Lunar Soils Grain Size Catalog" NASA Reference Publication RP-1265"
Apollo 15;15006;"15006;17";40 - 40.7;30.0;10.81;59.45;"J.C. Graf, 1993, "Lunar Soils Grain Size Catalog" NASA Reference Publication RP-1265"
Apollo 15;15006;"15006;17";40 - 40.7;20.0;12.84;59.45;"J.C. Graf, 1993, "Lunar Soils Grain Size Catalog" NASA Reference Publication RP-1265"
Apollo 15;15006;"15006;17";40 - 40.7;15.6;5.97;59.45;"J.C. Graf, 1993, "Lunar Soils Grain Size Catalog" NASA Reference Publication RP-1265"
Apollo 15;15006;"15006;17";40 - 40.7;7.8;7.77;59.45;"J.C. Graf, 1993, "Lunar Soils Grain Size Catalog" NASA Reference Publication RP-1265"
Apollo 15;15006;"15006;17";40 - 40.7;3.9;3.12;59.45;"J.C. Graf, 1993, "Lunar Soils Grain Size Catalog" NASA Reference Publication RP-1265"
Apollo 15;15006;"15006;17";40 - 40.7;2.0;0.68;59.45;"J.C. Graf, 1993, "Lunar Soils Grain Size Catalog" NASA Reference Publication RP-1265"
Apollo 15;15006;"15006;17";40 - 40.7;1.0;0.2;59.45;"J.C. Graf, 1993, "Lunar Soils Grain Size Catalog" NASA Reference Publication RP-1265"
Apollo 15;15006;"15006;24";39.4 - 39.9;10000.0;0.0;56.54;"J.C. Graf, 1993, "Lunar Soils Grain Size Catalog" NASA Reference Publication RP-1265"
Apollo 15;15006;"15006;24";39.4 - 39.9;1000.0;0.0;56.54;"J.C. Graf, 1993, "Lunar Soils Grain Size Catalog" NASA Reference Publication RP-1265"
Apollo 15;15006;"15006;24";39.4 - 39.9;500.0;4.69;56.54;"J.C. Graf, 1993, "Lunar Soils Grain Size Catalog" NASA Reference Publication RP-1265"
Apollo 15;15006;"15006;24";39.4 - 39.9;250.0;8.13;56.54;"J.C. Graf, 1993, "Lunar Soils Grain Size Catalog" NASA Reference Publication RP-1265"
Apollo 15;15006;"15006;24";39.4 - 39.9;150.0;9.77;56.54;"J.C. Graf, 1993, "Lunar Soils Grain Size Catalog" NASA Reference Publication RP-1265"
Apollo 15;15006;"15006;24";39.4 - 39.9;90.0;15.17;56.54;"J.C. Graf, 1993, "Lunar Soils Grain Size Catalog" NASA Reference Publication RP-1265"
Apollo 15;15006;"15006;24";39.4 - 39.9;60.0;10.97;56.54;"J.C. Graf, 1993, "Lunar Soils Grain Size Catalog" NASA Reference Publication RP-1265"
Apollo 15;15006;"15006;24";39.4 - 39.9;45.0;6.15;56.54;"J.C. Graf, 1993, "Lunar Soils Grain Size Catalog" NASA Reference Publication RP-1265"
Apollo 15;15006;"15006;24";39.4 - 39.9;30.0;12.63;56.54;"J.C. Graf, 1993, "Lunar Soils Grain Size Catalog" NASA Reference Publication RP-1265"
Apollo 15;15006;"15006;24";39.4 - 39.9;20.0;19.3;56.54;"J.C. Graf, 1993, "Lunar Soils Grain Size Catalog" NASA Reference Publication RP-1265"
Apollo 15;15006;"15006;24";39.4 - 39.9;15.6;3.21;56.54;"J.C. Graf, 1993, "Lunar Soils Grain Size Catalog" NASA Reference Publication RP-1265"
Apollo 15;15006;"15006;24";39.4 - 39.9;7.8;4.29;56.54;"J.C. Graf, 1993, "Lunar Soils Grain Size Catalog" NASA Reference Publication RP-1265"
Apollo 15;15006;"15006;24";39.4 - 39.9;3.9;3.49;56.54;"J.C. Graf, 1993, "Lunar Soils Grain Size Catalog" NASA Reference Publication RP-1265"
Apollo 15;15006;"15006;24";39.4 - 39.9;2.0;1.06;56.54;"J.C. Graf, 1993, "Lunar Soils Grain Size Catalog" NASA Reference Publication RP-1265"
Apollo 15;15006;"15006;24";39.4 - 39.9;1.0;0.15;56.54;"J.C. Graf, 1993, "Lunar Soils Grain Size Catalog" NASA Reference Publication RP-1265"
Apollo 15;15006;"15006;200";25.7 - 26.2;10000.0;0.0;55.19;"J.C. Graf, 1993, "Lunar Soils Grain Size Catalog" NASA Reference Publication RP-1265"
Apollo 15;15006;"15006;200";25.7 - 26.2;1000.0;0.0;55.19;"J.C. Graf, 1993, "Lunar Soils Grain Size Catalog" NASA Reference Publication RP-1265"
Apollo 15;15006;"15006;200";25.7 - 26.2;500.0;1.23;55.19;"J.C. Graf, 1993, "Lunar Soils Grain Size Catalog" NASA Reference Publication RP-1265"
Apollo 15;15006;"15006;200";25.7 - 26.2;250.0;9.9;55.19;"J.C. Graf, 1993, "Lunar Soils Grain Size Catalog" NASA Reference Publication RP-1265"
Apollo 15;15006;"15006;200";25.7 - 26.2;150.0;10.34;55.19;"J.C. Graf, 1993, "Lunar Soils Grain Size Catalog" NASA Reference Publication RP-1265"
Apollo 15;15006;"15006;200";25.7 - 26.2;90.0;14.14;55.19;"J.C. Graf, 1993, "Lunar Soils Grain Size Catalog" NASA Reference Publication RP-1265"
Apollo 15;15006;"15006;200";25.7 - 26.2;75.0;4.88;55.19;"J.C. Graf, 1993, "Lunar Soils Grain Size Catalog" NASA Reference Publication RP-1265"
Apollo 15;15006;"15006;200";25.7 - 26.2;45.0;15.84;55.19;"J.C. Graf, 1993, "Lunar Soils Grain Size Catalog" NASA Reference Publication RP-1265"
Apollo 15;15006;"15006;200";25.7 - 26.2;20.0;21.83;55.19;"J.C. Graf, 1993, "Lunar Soils Grain Size Catalog" NASA Reference Publication RP-1265"
Apollo 15;15006;"15006;200";25.7 - 26.2;10.0;12.81;55.19;"J.C. Graf, 1993, "Lunar Soils Grain Size Catalog" NASA Reference Publication RP-1265"
Apollo 15;15006;"15006;200";25.7 - 26.2;1.0;8.03;55.19;"J.C. Graf, 1993, "Lunar Soils Grain Size Catalog" NASA Reference Publication RP-1265"
Apollo 15;15006;"15006;201";20.7 - 21.1;10000.0;0.0;52.72;"J.C. Graf, 1993, "Lunar Soils Grain Size Catalog" NASA Reference Publication RP-1265"
Apollo 15;15006;"15006;201";20.7 - 21.1;1000.0;0.0;52.72;"J.C. Graf, 1993, "Lunar Soils Grain Size Catalog" NASA Reference Publication RP-1265"
Apollo 15;15006;"15006;201";20.7 - 21.1;500.0;1.79;52.72;"J.C. Graf, 1993, "Lunar Soils Grain Size Catalog" NASA Reference Publication RP-1265"
Apollo 15;15006;"15006;201";20.7 - 21.1;250.0;8.33;52.72;"J.C. Graf, 1993, "Lunar Soils Grain Size Catalog" NASA Reference Publication RP-1265"
Apollo 15;15006;"15006;201";20.7 - 21.1;150.0;9.36;52.72;"J.C. Graf, 1993, "Lunar Soils Grain Size Catalog" NASA Reference Publication RP-1265"
Apollo 15;15006;"15006;201";20.7 - 21.1;90.0;13.44;52.72;"J.C. Graf, 1993, "Lunar Soils Grain Size Catalog" NASA Reference Publication RP-1265"
Apollo 15;15006;"15006;201";20.7 - 21.1;75.0;5.21;52.72;"J.C. Graf, 1993, "Lunar Soils Grain Size Catalog" NASA Reference Publication RP-1265"
Apollo 15;15006;"15006;201";20.7 - 21.1;45.0;17.2;52.72;"J.C. Graf, 1993, "Lunar Soils Grain Size Catalog" NASA Reference Publication RP-1265"
Apollo 15;15006;"15006;201";20.7 - 21.1;20.0;24.31;52.72;"J.C. Graf, 1993, "Lunar Soils Grain Size Catalog" NASA Reference Publication RP-1265"
Apollo 15;15006;"15006;201";20.7 - 21.1;10.0;12.14;52.72;"J.C. Graf, 1993, "Lunar Soils Grain Size Catalog" NASA Reference Publication RP-1265"
Apollo 15;15006;"15006;201";20.7 - 21.1;1.0;7.23;52.72;"J.C. Graf, 1993, "Lunar Soils Grain Size Catalog" NASA Reference Publication RP-1265"
Apollo 15;15006;"15006;202";12.2 - 12.7;10000.0;0.0;49.54;"J.C. Graf, 1993, "Lunar Soils Grain Size Catalog" NASA Reference Publication RP-1265"
Apollo 15;15006;"15006;202";12.2 - 12.7;1000.0;0.0;49.54;"J.C. Graf, 1993, "Lunar Soils Grain Size Catalog" NASA Reference Publication RP-1265"
Apollo 15;15006;"15006;202";12.2 - 12.7;500.0;4.7;49.54;"J.C. Graf, 1993, "Lunar Soils Grain Size Catalog" NASA Reference Publication RP-1265"
Apollo 15;15006;"15006;202";12.2 - 12.7;250.0;6.74;49.54;"J.C. Graf, 1993, "Lunar Soils Grain Size Catalog" NASA Reference Publication RP-1265"
Apollo 15;15006;"15006;202";12.2 - 12.7;150.0;8.22;49.54;"J.C. Graf, 1993, "Lunar Soils Grain Size Catalog" NASA Reference Publication RP-1265"
Apollo 15;15006;"15006;202";12.2 - 12.7;90.0;12.08;49.54;"J.C. Graf, 1993, "Lunar Soils Grain Size Catalog" NASA Reference Publication RP-1265"
Apollo 15;15006;"15006;202";12.2 - 12.7;75.0;4.93;49.54;"J.C. Graf, 1993, "Lunar Soils Grain Size Catalog" NASA Reference Publication RP-1265"
Apollo 15;15006;"15006;202";12.2 - 12.7;45.0;16.42;49.54;"J.C. Graf, 1993, "Lunar Soils Grain Size Catalog" NASA Reference Publication RP-1265"
Apollo 15;15006;"15006;202";12.2 - 12.7;20.0;22.28;49.54;"J.C. Graf, 1993, "Lunar Soils Grain Size Catalog" NASA Reference Publication RP-1265"
Apollo 15;15006;"15006;202";12.2 - 12.7;10.0;13.54;49.54;"J.C. Graf, 1993, "Lunar Soils Grain Size Catalog" NASA Reference Publication RP-1265"
Apollo 15;15006;"15006;202";12.2 - 12.7;1.0;10.09;49.54;"J.C. Graf, 1993, "Lunar Soils Grain Size Catalog" NASA Reference Publication RP-1265"
Apollo 15;15006;"15006;203";7.2 - 7.7;10000.0;0.0;60.02;"J.C. Graf, 1993, "Lunar Soils Grain Size Catalog" NASA Reference Publication RP-1265"
Apollo 15;15006;"15006;203";7.2 - 7.7;1000.0;0.0;60.02;"J.C. Graf, 1993, "Lunar Soils Grain Size Catalog" NASA Reference Publication RP-1265"
Apollo 15;15006;"15006;203";7.2 - 7.7;500.0;10.14;60.02;"J.C. Graf, 1993, "Lunar Soils Grain Size Catalog" NASA Reference Publication RP-1265"
Apollo 15;15006;"15006;203";7.2 - 7.7;250.0;7.66;60.02;"J.C. Graf, 1993, "Lunar Soils Grain Size Catalog" NASA Reference Publication RP-1265"
Apollo 15;15006;"15006;203";7.2 - 7.7;150.0;8.83;60.02;"J.C. Graf, 1993, "Lunar Soils Grain Size Catalog" NASA Reference Publication RP-1265"
Apollo 15;15006;"15006;203";7.2 - 7.7;90.0;12.08;60.02;"J.C. Graf, 1993, "Lunar Soils Grain Size Catalog" NASA Reference Publication RP-1265"
Apollo 15;15006;"15006;203";7.2 - 7.7;75.0;4.8;60.02;"J.C. Graf, 1993, "Lunar Soils Grain Size Catalog" NASA Reference Publication RP-1265"
Apollo 15;15006;"15006;203";7.2 - 7.7;45.0;14.88;60.02;"J.C. Graf, 1993, "Lunar Soils Grain Size Catalog" NASA Reference Publication RP-1265"
Apollo 15;15006;"15006;203";7.2 - 7.7;20.0;20.13;60.02;"J.C. Graf, 1993, "Lunar Soils Grain Size Catalog" NASA Reference Publication RP-1265"
Apollo 15;15006;"15006;203";7.2 - 7.7;10.0;11.71;60.02;"J.C. Graf, 1993, "Lunar Soils Grain Size Catalog" NASA Reference Publication RP-1265"
Apollo 15;15006;"15006;203";7.2 - 7.7;1.0;8.77;60.02;"J.C. Graf, 1993, "Lunar Soils Grain Size Catalog" NASA Reference Publication RP-1265"
Apollo 15;15006;"15006;204";2.7 - 3.2;10000.0;0.0;52.27;"J.C. Graf, 1993, "Lunar Soils Grain Size Catalog" NASA Reference Publication RP-1265"
Apollo 15;15006;"15006;204";2.7 - 3.2;1000.0;0.0;52.27;"J.C. Graf, 1993, "Lunar Soils Grain Size Catalog" NASA Reference Publication RP-1265"
Apollo 15;15006;"15006;204";2.7 - 3.2;500.0;4.58;52.27;"J.C. Graf, 1993, "Lunar Soils Grain Size Catalog" NASA Reference Publication RP-1265"
Apollo 15;15006;"15006;204";2.7 - 3.2;250.0;7.59;52.27;"J.C. Graf, 1993, "Lunar Soils Grain Size Catalog" NASA Reference Publication RP-1265"
Apollo 15;15006;"15006;204";2.7 - 3.2;150.0;9.45;52.27;"J.C. Graf, 1993, "Lunar Soils Grain Size Catalog" NASA Reference Publication RP-1265"
Apollo 15;15006;"15006;204";2.7 - 3.2;90.0;12.63;52.27;"J.C. Graf, 1993, "Lunar Soils Grain Size Catalog" NASA Reference Publication RP-1265"
Apollo 15;15006;"15006;204";2.7 - 3.2;75.0;4.64;52.27;"J.C. Graf, 1993, "Lunar Soils Grain Size Catalog" NASA Reference Publication RP-1265"
Apollo 15;15006;"15006;204";2.7 - 3.2;45.0;15.72;52.27;"J.C. Graf, 1993, "Lunar Soils Grain Size Catalog" NASA Reference Publication RP-1265"
Apollo 15;15006;"15006;204";2.7 - 3.2;20.0;22.02;52.27;"J.C. Graf, 1993, "Lunar Soils Grain Size Catalog" NASA Reference Publication RP-1265"
Apollo 15;15006;"15006;204";2.7 - 3.2;10.0;12.25;52.27;"J.C. Graf, 1993, "Lunar Soils Grain Size Catalog" NASA Reference Publication RP-1265"
Apollo 15;15006;"15006;204";2.7 - 3.2;1.0;10.11;52.27;"J.C. Graf, 1993, "Lunar Soils Grain Size Catalog" NASA Reference Publication RP-1265"
Apollo 15;15006;"15006;176";0 - 0.7;10000.0;0.0;51.82;"J.C. Graf, 1993, "Lunar Soils Grain Size Catalog" NASA Reference Publication RP-1265"
Apollo 15;15006;"15006;176";0 - 0.7;1000.0;7.83;51.82;"J.C. Graf, 1993, "Lunar Soils Grain Size Catalog" NASA Reference Publication RP-1265"
Apollo 15;15006;"15006;176";0 - 0.7;500.0;3.33;51.82;"J.C. Graf, 1993, "Lunar Soils Grain Size Catalog" NASA Reference Publication RP-1265"
Apollo 15;15006;"15006;176";0 - 0.7;250.0;6.9;51.82;"J.C. Graf, 1993, "Lunar Soils Grain Size Catalog" NASA Reference Publication RP-1265"
Apollo 15;15006;"15006;176";0 - 0.7;150.0;7.51;51.82;"J.C. Graf, 1993, "Lunar Soils Grain Size Catalog" NASA Reference Publication RP-1265"
Apollo 15;15006;"15006;176";0 - 0.7;90.0;11.02;51.82;"J.C. Graf, 1993, "Lunar Soils Grain Size Catalog" NASA Reference Publication RP-1265"
Apollo 15;15006;"15006;176";0 - 0.7;75.0;4.16;51.82;"J.C. Graf, 1993, "Lunar Soils Grain Size Catalog" NASA Reference Publication RP-1265"
Apollo 15;15006;"15006;176";0 - 0.7;45.0;12.78;51.82;"J.C. Graf, 1993, "Lunar Soils Grain Size Catalog" NASA Reference Publication RP-1265"
Apollo 15;15006;"15006;176";0 - 0.7;20.0;20.03;51.82;"J.C. Graf, 1993, "Lunar Soils Grain Size Catalog" NASA Reference Publication RP-1265"
Apollo 15;15006;"15006;176";0 - 0.7;1.0;25.44;51.82;"J.C. Graf, 1993, "Lunar Soils Grain Size Catalog" NASA Reference Publication RP-1265"
Apollo 15;15007;"15007;177";55.6 - 56.1;10000.0;0.0;60.15;"J.C. Graf, 1993, "Lunar Soils Grain Size Catalog" NASA Reference Publication RP-1265"
Apollo 15;15007;"15007;177";55.6 - 56.1;2000.0;4.58;60.15;"J.C. Graf, 1993, "Lunar Soils Grain Size Catalog" NASA Reference Publication RP-1265"
Apollo 15;15007;"15007;177";55.6 - 56.1;1000.0;1.85;60.15;"J.C. Graf, 1993, "Lunar Soils Grain Size Catalog" NASA Reference Publication RP-1265"
Apollo 15;15007;"15007;177";55.6 - 56.1;500.0;6.16;60.15;"J.C. Graf, 1993, "Lunar Soils Grain Size Catalog" NASA Reference Publication RP-1265"
Apollo 15;15007;"15007;177";55.6 - 56.1;250.0;8.52;60.15;"J.C. Graf, 1993, "Lunar Soils Grain Size Catalog" NASA Reference Publication RP-1265"
Apollo 15;15007;"15007;177";55.6 - 56.1;150.0;8.23;60.15;"J.C. Graf, 1993, "Lunar Soils Grain Size Catalog" NASA Reference Publication RP-1265"
Apollo 15;15007;"15007;177";55.6 - 56.1;90.0;10.95;60.15;"J.C. Graf, 1993, "Lunar Soils Grain Size Catalog" NASA Reference Publication RP-1265"
Apollo 15;15007;"15007;177";55.6 - 56.1;75.0;4.19;60.15;"J.C. Graf, 1993, "Lunar Soils Grain Size Catalog" NASA Reference Publication RP-1265"
Apollo 15;15007;"15007;177";55.6 - 56.1;45.0;12.78;60.15;"J.C. Graf, 1993, "Lunar Soils Grain Size Catalog" NASA Reference Publication RP-1265"
Apollo 15;15007;"15007;177";55.6 - 56.1;20.0;14.73;60.15;"J.C. Graf, 1993, "Lunar Soils Grain Size Catalog" NASA Reference Publication RP-1265"
Apollo 15;15007;"15007;177";55.6 - 56.1;1.0;27.01;60.15;"J.C. Graf, 1993, "Lunar Soils Grain Size Catalog" NASA Reference Publication RP-1265"
Apollo 15;15007;"15007;181";54.1 - 54.8;10000.0;0.0;146.19;"J.C. Graf, 1993, "Lunar Soils Grain Size Catalog" NASA Reference Publication RP-1265"
Apollo 15;15007;"15007;181";54.1 - 54.8;1000.0;0.0;146.19;"J.C. Graf, 1993, "Lunar Soils Grain Size Catalog" NASA Reference Publication RP-1265"
Apollo 15;15007;"15007;181";54.1 - 54.8;500.0;10.4;146.19;"J.C. Graf, 1993, "Lunar Soils Grain Size Catalog" NASA Reference Publication RP-1265"
Apollo 15;15007;"15007;181";54.1 - 54.8;150.0;38.55;146.19;"J.C. Graf, 1993, "Lunar Soils Grain Size Catalog" NASA Reference Publication RP-1265"
Apollo 15;15007;"15007;181";54.1 - 54.8;90.0;20.86;146.19;"J.C. Graf, 1993, "Lunar Soils Grain Size Catalog" NASA Reference Publication RP-1265"
Apollo 15;15007;"15007;181";54.1 - 54.8;20.0;22.47;146.19;"J.C. Graf, 1993, "Lunar Soils Grain Size Catalog" NASA Reference Publication RP-1265"
Apollo 15;15007;"15007;181";54.1 - 54.8;1.0;6.71;146.19;"J.C. Graf, 1993, "Lunar Soils Grain Size Catalog" NASA Reference Publication RP-1265"
Apollo 15;15007;"15007;176";54.1 - 54.6;10000.0;0.0;68.26;"J.C. Graf, 1993, "Lunar Soils Grain Size Catalog" NASA Reference Publication RP-1265"
Apollo 15;15007;"15007;176";54.1 - 54.6;2000.0;1.58;68.26;"J.C. Graf, 1993, "Lunar Soils Grain Size Catalog" NASA Reference Publication RP-1265"
Apollo 15;15007;"15007;176";54.1 - 54.6;1000.0;4.41;68.26;"J.C. Graf, 1993, "Lunar Soils Grain Size Catalog" NASA Reference Publication RP-1265"
Apollo 15;15007;"15007;176";54.1 - 54.6;500.0;9.02;68.26;"J.C. Graf, 1993, "Lunar Soils Grain Size Catalog" NASA Reference Publication RP-1265"
Apollo 15;15007;"15007;176";54.1 - 54.6;250.0;8.98;68.26;"J.C. Graf, 1993, "Lunar Soils Grain Size Catalog" NASA Reference Publication RP-1265"
Apollo 15;15007;"15007;176";54.1 - 54.6;150.0;8.7;68.26;"J.C. Graf, 1993, "Lunar Soils Grain Size Catalog" NASA Reference Publication RP-1265"
Apollo 15;15007;"15007;176";54.1 - 54.6;90.0;10.93;68.26;"J.C. Graf, 1993, "Lunar Soils Grain Size Catalog" NASA Reference Publication RP-1265"
Apollo 15;15007;"15007;176";54.1 - 54.6;75.0;4.07;68.26;"J.C. Graf, 1993, "Lunar Soils Grain Size Catalog" NASA Reference Publication RP-1265"
Apollo 15;15007;"15007;176";54.1 - 54.6;45.0;12.54;68.26;"J.C. Graf, 1993, "Lunar Soils Grain Size Catalog" NASA Reference Publication RP-1265"
Apollo 15;15007;"15007;176";54.1 - 54.6;20.0;14.96;68.26;"J.C. Graf, 1993, "Lunar Soils Grain Size Catalog" NASA Reference Publication RP-1265"
Apollo 15;15007;"15007;176";54.1 - 54.6;1.0;23.81;68.26;"J.C. Graf, 1993, "Lunar Soils Grain Size Catalog" NASA Reference Publication RP-1265"
Apollo 15;15007;"15007;175";50.1 - 50.6;10000.0;0.0;72.05;"J.C. Graf, 1993, "Lunar Soils Grain Size Catalog" NASA Reference Publication RP-1265"
Apollo 15;15007;"15007;175";50.1 - 50.6;2000.0;4.57;72.05;"J.C. Graf, 1993, "Lunar Soils Grain Size Catalog" NASA Reference Publication RP-1265"
Apollo 15;15007;"15007;175";50.1 - 50.6;1000.0;0.66;72.05;"J.C. Graf, 1993, "Lunar Soils Grain Size Catalog" NASA Reference Publication RP-1265"
Apollo 15;15007;"15007;175";50.1 - 50.6;500.0;6.54;72.05;"J.C. Graf, 1993, "Lunar Soils Grain Size Catalog" NASA Reference Publication RP-1265"
Apollo 15;15007;"15007;175";50.1 - 50.6;250.0;8.87;72.05;"J.C. Graf, 1993, "Lunar Soils Grain Size Catalog" NASA Reference Publication RP-1265"
Apollo 15;15007;"15007;175";50.1 - 50.6;150.0;8.93;72.05;"J.C. Graf, 1993, "Lunar Soils Grain Size Catalog" NASA Reference Publication RP-1265"
Apollo 15;15007;"15007;175";50.1 - 50.6;90.0;11.37;72.05;"J.C. Graf, 1993, "Lunar Soils Grain Size Catalog" NASA Reference Publication RP-1265"
Apollo 15;15007;"15007;175";50.1 - 50.6;75.0;8.07;72.05;"J.C. Graf, 1993, "Lunar Soils Grain Size Catalog" NASA Reference Publication RP-1265"
Apollo 15;15007;"15007;175";50.1 - 50.6;45.0;12.59;72.05;"J.C. Graf, 1993, "Lunar Soils Grain Size Catalog" NASA Reference Publication RP-1265"
Apollo 15;15007;"15007;175";50.1 - 50.6;20.0;16.04;72.05;"J.C. Graf, 1993, "Lunar Soils Grain Size Catalog" NASA Reference Publication RP-1265"
Apollo 15;15007;"15007;175";50.1 - 50.6;1.0;21.35;72.05;"J.C. Graf, 1993, "Lunar Soils Grain Size Catalog" NASA Reference Publication RP-1265"
Apollo 15;15007;"15007;174";48.1 - 48.6;10000.0;0.0;58.74;"J.C. Graf, 1993, "Lunar Soils Grain Size Catalog" NASA Reference Publication RP-1265"
Apollo 15;15007;"15007;174";48.1 - 48.6;4000.0;4.66;58.74;"J.C. Graf, 1993, "Lunar Soils Grain Size Catalog" NASA Reference Publication RP-1265"
Apollo 15;15007;"15007;174";48.1 - 48.6;2000.0;2.21;58.74;"J.C. Graf, 1993, "Lunar Soils Grain Size Catalog" NASA Reference Publication RP-1265"
Apollo 15;15007;"15007;174";48.1 - 48.6;1000.0;2.08;58.74;"J.C. Graf, 1993, "Lunar Soils Grain Size Catalog" NASA Reference Publication RP-1265"
Apollo 15;15007;"15007;174";48.1 - 48.6;500.0;4.66;58.74;"J.C. Graf, 1993, "Lunar Soils Grain Size Catalog" NASA Reference Publication RP-1265"
Apollo 15;15007;"15007;174";48.1 - 48.6;250.0;7.25;58.74;"J.C. Graf, 1993, "Lunar Soils Grain Size Catalog" NASA Reference Publication RP-1265"
Apollo 15;15007;"15007;174";48.1 - 48.6;150.0;8.18;58.74;"J.C. Graf, 1993, "Lunar Soils Grain Size Catalog" NASA Reference Publication RP-1265"
Apollo 15;15007;"15007;174";48.1 - 48.6;90.0;10.87;58.74;"J.C. Graf, 1993, "Lunar Soils Grain Size Catalog" NASA Reference Publication RP-1265"
Apollo 15;15007;"15007;174";48.1 - 48.6;75.0;4.1;58.74;"J.C. Graf, 1993, "Lunar Soils Grain Size Catalog" NASA Reference Publication RP-1265"
Apollo 15;15007;"15007;174";48.1 - 48.6;45.0;12.52;58.74;"J.C. Graf, 1993, "Lunar Soils Grain Size Catalog" NASA Reference Publication RP-1265"
Apollo 15;15007;"15007;174";48.1 - 48.6;20.0;18.28;58.74;"J.C. Graf, 1993, "Lunar Soils Grain Size Catalog" NASA Reference Publication RP-1265"
Apollo 15;15007;"15007;174";48.1 - 48.6;1.0;24.2;58.74;"J.C. Graf, 1993, "Lunar Soils Grain Size Catalog" NASA Reference Publication RP-1265"
Apollo 15;15007;"15007;173";41.6 - 42.1;10000.0;0.0;52.67;"J.C. Graf, 1993, "Lunar Soils Grain Size Catalog" NASA Reference Publication RP-1265"
Apollo 15;15007;"15007;173";41.6 - 42.1;2000.0;3.29;52.67;"J.C. Graf, 1993, "Lunar Soils Grain Size Catalog" NASA Reference Publication RP-1265"
Apollo 15;15007;"15007;173";41.6 - 42.1;1000.0;0.57;52.67;"J.C. Graf, 1993, "Lunar Soils Grain Size Catalog" NASA Reference Publication RP-1265"
Apollo 15;15007;"15007;173";41.6 - 42.1;500.0;3.96;52.67;"J.C. Graf, 1993, "Lunar Soils Grain Size Catalog" NASA Reference Publication RP-1265"
Apollo 15;15007;"15007;173";41.6 - 42.1;250.0;7.56;52.67;"J.C. Graf, 1993, "Lunar Soils Grain Size Catalog" NASA Reference Publication RP-1265"
Apollo 15;15007;"15007;173";41.6 - 42.1;150.0;8.6;52.67;"J.C. Graf, 1993, "Lunar Soils Grain Size Catalog" NASA Reference Publication RP-1265"
Apollo 15;15007;"15007;173";41.6 - 42.1;90.0;12.17;52.67;"J.C. Graf, 1993, "Lunar Soils Grain Size Catalog" NASA Reference Publication RP-1265"
Apollo 15;15007;"15007;173";41.6 - 42.1;75.0;4.65;52.67;"J.C. Graf, 1993, "Lunar Soils Grain Size Catalog" NASA Reference Publication RP-1265"
Apollo 15;15007;"15007;173";41.6 - 42.1;45.0;13.3;52.67;"J.C. Graf, 1993, "Lunar Soils Grain Size Catalog" NASA Reference Publication RP-1265"
Apollo 15;15007;"15007;173";41.6 - 42.1;20.0;19.71;52.67;"J.C. Graf, 1993, "Lunar Soils Grain Size Catalog" NASA Reference Publication RP-1265"
Apollo 15;15007;"15007;173";41.6 - 42.1;1.0;25.19;52.67;"J.C. Graf, 1993, "Lunar Soils Grain Size Catalog" NASA Reference Publication RP-1265"
Apollo 15;15007;"15007;172";31.6 - 32.1;10000.0;0.0;56.36;"J.C. Graf, 1993, "Lunar Soils Grain Size Catalog" NASA Reference Publication RP-1265"
Apollo 15;15007;"15007;172";31.6 - 32.1;4000.0;6.06;56.36;"J.C. Graf, 1993, "Lunar Soils Grain Size Catalog" NASA Reference Publication RP-1265"
Apollo 15;15007;"15007;172";31.6 - 32.1;2000.0;0.63;56.36;"J.C. Graf, 1993, "Lunar Soils Grain Size Catalog" NASA Reference Publication RP-1265"
Apollo 15;15007;"15007;172";31.6 - 32.1;1000.0;4.11;56.36;"J.C. Graf, 1993, "Lunar Soils Grain Size Catalog" NASA Reference Publication RP-1265"
Apollo 15;15007;"15007;172";31.6 - 32.1;500.0;3.91;56.36;"J.C. Graf, 1993, "Lunar Soils Grain Size Catalog" NASA Reference Publication RP-1265"
Apollo 15;15007;"15007;172";31.6 - 32.1;250.0;6.25;56.36;"J.C. Graf, 1993, "Lunar Soils Grain Size Catalog" NASA Reference Publication RP-1265"
Apollo 15;15007;"15007;172";31.6 - 32.1;150.0;7.24;56.36;"J.C. Graf, 1993, "Lunar Soils Grain Size Catalog" NASA Reference Publication RP-1265"
Apollo 15;15007;"15007;172";31.6 - 32.1;90.0;10.22;56.36;"J.C. Graf, 1993, "Lunar Soils Grain Size Catalog" NASA Reference Publication RP-1265"
Apollo 15;15007;"15007;172";31.6 - 32.1;75.0;4.1;56.36;"J.C. Graf, 1993, "Lunar Soils Grain Size Catalog" NASA Reference Publication RP-1265"
Apollo 15;15007;"15007;172";31.6 - 32.1;45.0;13.37;56.36;"J.C. Graf, 1993, "Lunar Soils Grain Size Catalog" NASA Reference Publication RP-1265"
Apollo 15;15007;"15007;172";31.6 - 32.1;20.0;17.39;56.36;"J.C. Graf, 1993, "Lunar Soils Grain Size Catalog" NASA Reference Publication RP-1265"
Apollo 15;15007;"15007;172";31.6 - 32.1;1.0;25.73;56.36;"J.C. Graf, 1993, "Lunar Soils Grain Size Catalog" NASA Reference Publication RP-1265"
Apollo 15;15007;"15007;171";25.1 - 25.6;10000.0;0.0;52.35;"J.C. Graf, 1993, "Lunar Soils Grain Size Catalog" NASA Reference Publication RP-1265"
Apollo 15;15007;"15007;171";25.1 - 25.6;1000.0;2.2;52.35;"J.C. Graf, 1993, "Lunar Soils Grain Size Catalog" NASA Reference Publication RP-1265"
Apollo 15;15007;"15007;171";25.1 - 25.6;500.0;5.7;52.35;"J.C. Graf, 1993, "Lunar Soils Grain Size Catalog" NASA Reference Publication RP-1265"
Apollo 15;15007;"15007;171";25.1 - 25.6;250.0;7.89;52.35;"J.C. Graf, 1993, "Lunar Soils Grain Size Catalog" NASA Reference Publication RP-1265"
Apollo 15;15007;"15007;171";25.1 - 25.6;150.0;8.63;52.35;"J.C. Graf, 1993, "Lunar Soils Grain Size Catalog" NASA Reference Publication RP-1265"
Apollo 15;15007;"15007;171";25.1 - 25.6;90.0;11.29;52.35;"J.C. Graf, 1993, "Lunar Soils Grain Size Catalog" NASA Reference Publication RP-1265"
Apollo 15;15007;"15007;171";25.1 - 25.6;75.0;4.62;52.35;"J.C. Graf, 1993, "Lunar Soils Grain Size Catalog" NASA Reference Publication RP-1265"
Apollo 15;15007;"15007;171";25.1 - 25.6;45.0;13.74;52.35;"J.C. Graf, 1993, "Lunar Soils Grain Size Catalog" NASA Reference Publication RP-1265"
Apollo 15;15007;"15007;171";25.1 - 25.6;20.0;18.43;52.35;"J.C. Graf, 1993, "Lunar Soils Grain Size Catalog" NASA Reference Publication RP-1265"
Apollo 15;15007;"15007;171";25.1 - 25.6;1.0;26.49;52.35;"J.C. Graf, 1993, "Lunar Soils Grain Size Catalog" NASA Reference Publication RP-1265"
Apollo 15;15008;"15008;206";22 - 22.5;10000.0;0.0;48.33;"J.C. Graf, 1993, "Lunar Soils Grain Size Catalog" NASA Reference Publication RP-1265"
Apollo 15;15008;"15008;206";22 - 22.5;1000.0;0.0;48.33;"J.C. Graf, 1993, "Lunar Soils Grain Size Catalog" NASA Reference Publication RP-1265"
Apollo 15;15008;"15008;206";22 - 22.5;500.0;4.03;48.33;"J.C. Graf, 1993, "Lunar Soils Grain Size Catalog" NASA Reference Publication RP-1265"
Apollo 15;15008;"15008;206";22 - 22.5;250.0;6.53;48.33;"J.C. Graf, 1993, "Lunar Soils Grain Size Catalog" NASA Reference Publication RP-1265"
Apollo 15;15008;"15008;206";22 - 22.5;150.0;8.37;48.33;"J.C. Graf, 1993, "Lunar Soils Grain Size Catalog" NASA Reference Publication RP-1265"
Apollo 15;15008;"15008;206";22 - 22.5;90.0;12.04;48.33;"J.C. Graf, 1993, "Lunar Soils Grain Size Catalog" NASA Reference Publication RP-1265"
Apollo 15;15008;"15008;206";22 - 22.5;75.0;5.49;48.33;"J.C. Graf, 1993, "Lunar Soils Grain Size Catalog" NASA Reference Publication RP-1265"
Apollo 15;15008;"15008;206";22 - 22.5;45.0;15.74;48.33;"J.C. Graf, 1993, "Lunar Soils Grain Size Catalog" NASA Reference Publication RP-1265"
Apollo 15;15008;"15008;206";22 - 22.5;20.0;20.23;48.33;"J.C. Graf, 1993, "Lunar Soils Grain Size Catalog" NASA Reference Publication RP-1265"
Apollo 15;15008;"15008;206";22 - 22.5;1.0;26.56;48.33;"J.C. Graf, 1993, "Lunar Soils Grain Size Catalog" NASA Reference Publication RP-1265"
Apollo 15;15008;"15008;205";18 - 18.5;10000.0;0.0;47.85;"J.C. Graf, 1993, "Lunar Soils Grain Size Catalog" NASA Reference Publication RP-1265"
Apollo 15;15008;"15008;205";18 - 18.5;1000.0;0.0;47.85;"J.C. Graf, 1993, "Lunar Soils Grain Size Catalog" NASA Reference Publication RP-1265"
Apollo 15;15008;"15008;205";18 - 18.5;500.0;3.4;47.85;"J.C. Graf, 1993, "Lunar Soils Grain Size Catalog" NASA Reference Publication RP-1265"
Apollo 15;15008;"15008;205";18 - 18.5;250.0;7.22;47.85;"J.C. Graf, 1993, "Lunar Soils Grain Size Catalog" NASA Reference Publication RP-1265"
Apollo 15;15008;"15008;205";18 - 18.5;150.0;8.81;47.85;"J.C. Graf, 1993, "Lunar Soils Grain Size Catalog" NASA Reference Publication RP-1265"
Apollo 15;15008;"15008;205";18 - 18.5;90.0;13.06;47.85;"J.C. Graf, 1993, "Lunar Soils Grain Size Catalog" NASA Reference Publication RP-1265"
Apollo 15;15008;"15008;205";18 - 18.5;75.0;4.93;47.85;"J.C. Graf, 1993, "Lunar Soils Grain Size Catalog" NASA Reference Publication RP-1265"
Apollo 15;15008;"15008;205";18 - 18.5;45.0;14.3;47.85;"J.C. Graf, 1993, "Lunar Soils Grain Size Catalog" NASA Reference Publication RP-1265"
Apollo 15;15008;"15008;205";18 - 18.5;20.0;20.76;47.85;"J.C. Graf, 1993, "Lunar Soils Grain Size Catalog" NASA Reference Publication RP-1265"
Apollo 15;15008;"15008;205";18 - 18.5;1.0;26.53;47.85;"J.C. Graf, 1993, "Lunar Soils Grain Size Catalog" NASA Reference Publication RP-1265"
Apollo 15;15008;"15008;204";13.5 - 14;10000.0;0.0;48.74;"J.C. Graf, 1993, "Lunar Soils Grain Size Catalog" NASA Reference Publication RP-1265"
Apollo 15;15008;"15008;204";13.5 - 14;1000.0;0.0;48.74;"J.C. Graf, 1993, "Lunar Soils Grain Size Catalog" NASA Reference Publication RP-1265"
Apollo 15;15008;"15008;204";13.5 - 14;500.0;4.84;48.74;"J.C. Graf, 1993, "Lunar Soils Grain Size Catalog" NASA Reference Publication RP-1265"
Apollo 15;15008;"15008;204";13.5 - 14;250.0;6.99;48.74;"J.C. Graf, 1993, "Lunar Soils Grain Size Catalog" NASA Reference Publication RP-1265"
Apollo 15;15008;"15008;204";13.5 - 14;150.0;8.93;48.74;"J.C. Graf, 1993, "Lunar Soils Grain Size Catalog" NASA Reference Publication RP-1265"
Apollo 15;15008;"15008;204";13.5 - 14;90.0;11.96;48.74;"J.C. Graf, 1993, "Lunar Soils Grain Size Catalog" NASA Reference Publication RP-1265"
Apollo 15;15008;"15008;204";13.5 - 14;75.0;4.87;48.74;"J.C. Graf, 1993, "Lunar Soils Grain Size Catalog" NASA Reference Publication RP-1265"
Apollo 15;15008;"15008;204";13.5 - 14;45.0;14.71;48.74;"J.C. Graf, 1993, "Lunar Soils Grain Size Catalog" NASA Reference Publication RP-1265"
Apollo 15;15008;"15008;204";13.5 - 14;20.0;19.46;48.74;"J.C. Graf, 1993, "Lunar Soils Grain Size Catalog" NASA Reference Publication RP-1265"
Apollo 15;15008;"15008;204";13.5 - 14;1.0;27.23;48.74;"J.C. Graf, 1993, "Lunar Soils Grain Size Catalog" NASA Reference Publication RP-1265"
Apollo 15;15008;"15008;203";9 - 9.5;10000.0;0.0;47.87;"J.C. Graf, 1993, "Lunar Soils Grain Size Catalog" NASA Reference Publication RP-1265"
Apollo 15;15008;"15008;203";9 - 9.5;1000.0;0.0;47.87;"J.C. Graf, 1993, "Lunar Soils Grain Size Catalog" NASA Reference Publication RP-1265"
Apollo 15;15008;"15008;203";9 - 9.5;500.0;5.2;47.87;"J.C. Graf, 1993, "Lunar Soils Grain Size Catalog" NASA Reference Publication RP-1265"
Apollo 15;15008;"15008;203";9 - 9.5;250.0;7.03;47.87;"J.C. Graf, 1993, "Lunar Soils Grain Size Catalog" NASA Reference Publication RP-1265"
Apollo 15;15008;"15008;203";9 - 9.5;150.0;8.44;47.87;"J.C. Graf, 1993, "Lunar Soils Grain Size Catalog" NASA Reference Publication RP-1265"
Apollo 15;15008;"15008;203";9 - 9.5;90.0;11.78;47.87;"J.C. Graf, 1993, "Lunar Soils Grain Size Catalog" NASA Reference Publication RP-1265"
Apollo 15;15008;"15008;203";9 - 9.5;75.0;5.21;47.87;"J.C. Graf, 1993, "Lunar Soils Grain Size Catalog" NASA Reference Publication RP-1265"
Apollo 15;15008;"15008;203";9 - 9.5;45.0;14.04;47.87;"J.C. Graf, 1993, "Lunar Soils Grain Size Catalog" NASA Reference Publication RP-1265"
Apollo 15;15008;"15008;203";9 - 9.5;20.0;19.89;47.87;"J.C. Graf, 1993, "Lunar Soils Grain Size Catalog" NASA Reference Publication RP-1265"
Apollo 15;15008;"15008;203";9 - 9.5;1.0;27.42;47.87;"J.C. Graf, 1993, "Lunar Soils Grain Size Catalog" NASA Reference Publication RP-1265"
Apollo 15;15008;"15008;202";5 - 5.5;10000.0;0.0;46.65;"J.C. Graf, 1993, "Lunar Soils Grain Size Catalog" NASA Reference Publication RP-1265"
Apollo 15;15008;"15008;202";5 - 5.5;1000.0;0.0;46.65;"J.C. Graf, 1993, "Lunar Soils Grain Size Catalog" NASA Reference Publication RP-1265"
Apollo 15;15008;"15008;202";5 - 5.5;500.0;3.5;46.65;"J.C. Graf, 1993, "Lunar Soils Grain Size Catalog" NASA Reference Publication RP-1265"
Apollo 15;15008;"15008;202";5 - 5.5;250.0;8.04;46.65;"J.C. Graf, 1993, "Lunar Soils Grain Size Catalog" NASA Reference Publication RP-1265"
Apollo 15;15008;"15008;202";5 - 5.5;150.0;8.63;46.65;"J.C. Graf, 1993, "Lunar Soils Grain Size Catalog" NASA Reference Publication RP-1265"
Apollo 15;15008;"15008;202";5 - 5.5;90.0;12.15;46.65;"J.C. Graf, 1993, "Lunar Soils Grain Size Catalog" NASA Reference Publication RP-1265"
Apollo 15;15008;"15008;202";5 - 5.5;75.0;4.64;46.65;"J.C. Graf, 1993, "Lunar Soils Grain Size Catalog" NASA Reference Publication RP-1265"
Apollo 15;15008;"15008;202";5 - 5.5;45.0;14.03;46.65;"J.C. Graf, 1993, "Lunar Soils Grain Size Catalog" NASA Reference Publication RP-1265"
Apollo 15;15008;"15008;202";5 - 5.5;20.0;19.97;46.65;"J.C. Graf, 1993, "Lunar Soils Grain Size Catalog" NASA Reference Publication RP-1265"
Apollo 15;15008;"15008;202";5 - 5.5;1.0;28.04;46.65;"J.C. Graf, 1993, "Lunar Soils Grain Size Catalog" NASA Reference Publication RP-1265"
Apollo 15;15008;"15008;201";0.5 - 1;10000.0;0.0;53.74;"J.C. Graf, 1993, "Lunar Soils Grain Size Catalog" NASA Reference Publication RP-1265"
Apollo 15;15008;"15008;201";0.5 - 1;1000.0;0.0;53.74;"J.C. Graf, 1993, "Lunar Soils Grain Size Catalog" NASA Reference Publication RP-1265"
Apollo 15;15008;"15008;201";0.5 - 1;500.0;5.71;53.74;"J.C. Graf, 1993, "Lunar Soils Grain Size Catalog" NASA Reference Publication RP-1265"
Apollo 15;15008;"15008;201";0.5 - 1;250.0;8.57;53.74;"J.C. Graf, 1993, "Lunar Soils Grain Size Catalog" NASA Reference Publication RP-1265"
Apollo 15;15008;"15008;201";0.5 - 1;150.0;9.53;53.74;"J.C. Graf, 1993, "Lunar Soils Grain Size Catalog" NASA Reference Publication RP-1265"
Apollo 15;15008;"15008;201";0.5 - 1;90.0;12.43;53.74;"J.C. Graf, 1993, "Lunar Soils Grain Size Catalog" NASA Reference Publication RP-1265"
Apollo 15;15008;"15008;201";0.5 - 1;75.0;4.48;53.74;"J.C. Graf, 1993, "Lunar Soils Grain Size Catalog" NASA Reference Publication RP-1265"
Apollo 15;15008;"15008;201";0.5 - 1;45.0;14.22;53.74;"J.C. Graf, 1993, "Lunar Soils Grain Size Catalog" NASA Reference Publication RP-1265"
Apollo 15;15008;"15008;201";0.5 - 1;20.0;17.29;53.74;"J.C. Graf, 1993, "Lunar Soils Grain Size Catalog" NASA Reference Publication RP-1265"
Apollo 15;15008;"15008;201";0.5 - 1;1.0;26.75;53.74;"J.C. Graf, 1993, "Lunar Soils Grain Size Catalog" NASA Reference Publication RP-1265"
Apollo 15;15010;"15010;1134";54.4 - 54.9;10000.0;0.0;80.84;"J.C. Graf, 1993, "Lunar Soils Grain Size Catalog" NASA Reference Publication RP-1265"
Apollo 15;15010;"15010;1134";54.4 - 54.9;1000.0;0.49;80.84;"J.C. Graf, 1993, "Lunar Soils Grain Size Catalog" NASA Reference Publication RP-1265"
Apollo 15;15010;"15010;1134";54.4 - 54.9;500.0;11.56;80.84;"J.C. Graf, 1993, "Lunar Soils Grain Size Catalog" NASA Reference Publication RP-1265"
Apollo 15;15010;"15010;1134";54.4 - 54.9;250.0;11.54;80.84;"J.C. Graf, 1993, "Lunar Soils Grain Size Catalog" NASA Reference Publication RP-1265"
Apollo 15;15010;"15010;1134";54.4 - 54.9;150.0;10.92;80.84;"J.C. Graf, 1993, "Lunar Soils Grain Size Catalog" NASA Reference Publication RP-1265"
Apollo 15;15010;"15010;1134";54.4 - 54.9;90.0;12.67;80.84;"J.C. Graf, 1993, "Lunar Soils Grain Size Catalog" NASA Reference Publication RP-1265"
Apollo 15;15010;"15010;1134";54.4 - 54.9;75.0;4.79;80.84;"J.C. Graf, 1993, "Lunar Soils Grain Size Catalog" NASA Reference Publication RP-1265"
Apollo 15;15010;"15010;1134";54.4 - 54.9;45.0;14.07;80.84;"J.C. Graf, 1993, "Lunar Soils Grain Size Catalog" NASA Reference Publication RP-1265"
Apollo 15;15010;"15010;1134";54.4 - 54.9;20.0;17.75;80.84;"J.C. Graf, 1993, "Lunar Soils Grain Size Catalog" NASA Reference Publication RP-1265"
Apollo 15;15010;"15010;1134";54.4 - 54.9;1.0;15.21;80.84;"J.C. Graf, 1993, "Lunar Soils Grain Size Catalog" NASA Reference Publication RP-1265"
Apollo 15;15010;"15010;1133";47.9 - 48.4;10000.0;0.0;72.19;"J.C. Graf, 1993, "Lunar Soils Grain Size Catalog" NASA Reference Publication RP-1265"
Apollo 15;15010;"15010;1133";47.9 - 48.4;1000.0;0.66;72.19;"J.C. Graf, 1993, "Lunar Soils Grain Size Catalog" NASA Reference Publication RP-1265"
Apollo 15;15010;"15010;1133";47.9 - 48.4;500.0;6.83;72.19;"J.C. Graf, 1993, "Lunar Soils Grain Size Catalog" NASA Reference Publication RP-1265"
Apollo 15;15010;"15010;1133";47.9 - 48.4;250.0;11.36;72.19;"J.C. Graf, 1993, "Lunar Soils Grain Size Catalog" NASA Reference Publication RP-1265"
Apollo 15;15010;"15010;1133";47.9 - 48.4;150.0;11.13;72.19;"J.C. Graf, 1993, "Lunar Soils Grain Size Catalog" NASA Reference Publication RP-1265"
Apollo 15;15010;"15010;1133";47.9 - 48.4;90.0;13.34;72.19;"J.C. Graf, 1993, "Lunar Soils Grain Size Catalog" NASA Reference Publication RP-1265"
Apollo 15;15010;"15010;1133";47.9 - 48.4;75.0;5.57;72.19;"J.C. Graf, 1993, "Lunar Soils Grain Size Catalog" NASA Reference Publication RP-1265"
Apollo 15;15010;"15010;1133";47.9 - 48.4;45.0;14.86;72.19;"J.C. Graf, 1993, "Lunar Soils Grain Size Catalog" NASA Reference Publication RP-1265"
Apollo 15;15010;"15010;1133";47.9 - 48.4;20.0;16.63;72.19;"J.C. Graf, 1993, "Lunar Soils Grain Size Catalog" NASA Reference Publication RP-1265"
Apollo 15;15010;"15010;1133";47.9 - 48.4;1.0;18.61;72.19;"J.C. Graf, 1993, "Lunar Soils Grain Size Catalog" NASA Reference Publication RP-1265"
Apollo 15;15010;"15010;1132";45.9 - 46.4;10000.0;0.0;78.19;"J.C. Graf, 1993, "Lunar Soils Grain Size Catalog" NASA Reference Publication RP-1265"
Apollo 15;15010;"15010;1132";45.9 - 46.4;1000.0;1.19;78.19;"J.C. Graf, 1993, "Lunar Soils Grain Size Catalog" NASA Reference Publication RP-1265"
Apollo 15;15010;"15010;1132";45.9 - 46.4;500.0;5.98;78.19;"J.C. Graf, 1993, "Lunar Soils Grain Size Catalog" NASA Reference Publication RP-1265"
Apollo 15;15010;"15010;1132";45.9 - 46.4;250.0;12.38;78.19;"J.C. Graf, 1993, "Lunar Soils Grain Size Catalog" NASA Reference Publication RP-1265"
Apollo 15;15010;"15010;1132";45.9 - 46.4;150.0;11.34;78.19;"J.C. Graf, 1993, "Lunar Soils Grain Size Catalog" NASA Reference Publication RP-1265"
Apollo 15;15010;"15010;1132";45.9 - 46.4;90.0;15.13;78.19;"J.C. Graf, 1993, "Lunar Soils Grain Size Catalog" NASA Reference Publication RP-1265"
Apollo 15;15010;"15010;1132";45.9 - 46.4;75.0;5.16;78.19;"J.C. Graf, 1993, "Lunar Soils Grain Size Catalog" NASA Reference Publication RP-1265"
Apollo 15;15010;"15010;1132";45.9 - 46.4;45.0;15.25;78.19;"J.C. Graf, 1993, "Lunar Soils Grain Size Catalog" NASA Reference Publication RP-1265"
Apollo 15;15010;"15010;1132";45.9 - 46.4;20.0;15.62;78.19;"J.C. Graf, 1993, "Lunar Soils Grain Size Catalog" NASA Reference Publication RP-1265"
Apollo 15;15010;"15010;1132";45.9 - 46.4;1.0;16.96;78.19;"J.C. Graf, 1993, "Lunar Soils Grain Size Catalog" NASA Reference Publication RP-1265"
Apollo 15;15010;"15010;1131";40.4 - 40.9;10000.0;0.0;76.54;"J.C. Graf, 1993, "Lunar Soils Grain Size Catalog" NASA Reference Publication RP-1265"
Apollo 15;15010;"15010;1131";40.4 - 40.9;1000.0;0.42;76.54;"J.C. Graf, 1993, "Lunar Soils Grain Size Catalog" NASA Reference Publication RP-1265"
Apollo 15;15010;"15010;1131";40.4 - 40.9;500.0;8.1;76.54;"J.C. Graf, 1993, "Lunar Soils Grain Size Catalog" NASA Reference Publication RP-1265"
Apollo 15;15010;"15010;1131";40.4 - 40.9;250.0;11.21;76.54;"J.C. Graf, 1993, "Lunar Soils Grain Size Catalog" NASA Reference Publication RP-1265"
Apollo 15;15010;"15010;1131";40.4 - 40.9;150.0;11.48;76.54;"J.C. Graf, 1993, "Lunar Soils Grain Size Catalog" NASA Reference Publication RP-1265"
Apollo 15;15010;"15010;1131";40.4 - 40.9;90.0;14.08;76.54;"J.C. Graf, 1993, "Lunar Soils Grain Size Catalog" NASA Reference Publication RP-1265"
Apollo 15;15010;"15010;1131";40.4 - 40.9;75.0;5.3;76.54;"J.C. Graf, 1993, "Lunar Soils Grain Size Catalog" NASA Reference Publication RP-1265"
Apollo 15;15010;"15010;1131";40.4 - 40.9;45.0;14.42;76.54;"J.C. Graf, 1993, "Lunar Soils Grain Size Catalog" NASA Reference Publication RP-1265"
Apollo 15;15010;"15010;1131";40.4 - 40.9;20.0;20.26;76.54;"J.C. Graf, 1993, "Lunar Soils Grain Size Catalog" NASA Reference Publication RP-1265"
Apollo 15;15010;"15010;1131";40.4 - 40.9;1.0;13.75;76.54;"J.C. Graf, 1993, "Lunar Soils Grain Size Catalog" NASA Reference Publication RP-1265"
Apollo 15;15010;"15010;1130";33.9 - 34.4;10000.0;0.0;73.45;"J.C. Graf, 1993, "Lunar Soils Grain Size Catalog" NASA Reference Publication RP-1265"
Apollo 15;15010;"15010;1130";33.9 - 34.4;1000.0;0.59;73.45;"J.C. Graf, 1993, "Lunar Soils Grain Size Catalog" NASA Reference Publication RP-1265"
Apollo 15;15010;"15010;1130";33.9 - 34.4;500.0;7.11;73.45;"J.C. Graf, 1993, "Lunar Soils Grain Size Catalog" NASA Reference Publication RP-1265"
Apollo 15;15010;"15010;1130";33.9 - 34.4;250.0;11.3;73.45;"J.C. Graf, 1993, "Lunar Soils Grain Size Catalog" NASA Reference Publication RP-1265"
Apollo 15;15010;"15010;1130";33.9 - 34.4;150.0;11.6;73.45;"J.C. Graf, 1993, "Lunar Soils Grain Size Catalog" NASA Reference Publication RP-1265"
Apollo 15;15010;"15010;1130";33.9 - 34.4;90.0;13.93;73.45;"J.C. Graf, 1993, "Lunar Soils Grain Size Catalog" NASA Reference Publication RP-1265"
Apollo 15;15010;"15010;1130";33.9 - 34.4;75.0;4.85;73.45;"J.C. Graf, 1993, "Lunar Soils Grain Size Catalog" NASA Reference Publication RP-1265"
Apollo 15;15010;"15010;1130";33.9 - 34.4;45.0;15.17;73.45;"J.C. Graf, 1993, "Lunar Soils Grain Size Catalog" NASA Reference Publication RP-1265"
Apollo 15;15010;"15010;1130";33.9 - 34.4;20.0;19.15;73.45;"J.C. Graf, 1993, "Lunar Soils Grain Size Catalog" NASA Reference Publication RP-1265"
Apollo 15;15010;"15010;1130";33.9 - 34.4;1.0;15.31;73.45;"J.C. Graf, 1993, "Lunar Soils Grain Size Catalog" NASA Reference Publication RP-1265"
Apollo 15;15010;"15010;1129";27.4 - 27.9;10000.0;0.0;75.2;"J.C. Graf, 1993, "Lunar Soils Grain Size Catalog" NASA Reference Publication RP-1265"
Apollo 15;15010;"15010;1129";27.4 - 27.9;1000.0;0.9;75.2;"J.C. Graf, 1993, "Lunar Soils Grain Size Catalog" NASA Reference Publication RP-1265"
Apollo 15;15010;"15010;1129";27.4 - 27.9;500.0;6.82;75.2;"J.C. Graf, 1993, "Lunar Soils Grain Size Catalog" NASA Reference Publication RP-1265"
Apollo 15;15010;"15010;1129";27.4 - 27.9;250.0;11.07;75.2;"J.C. Graf, 1993, "Lunar Soils Grain Size Catalog" NASA Reference Publication RP-1265"
Apollo 15;15010;"15010;1129";27.4 - 27.9;150.0;12.0;75.2;"J.C. Graf, 1993, "Lunar Soils Grain Size Catalog" NASA Reference Publication RP-1265"
Apollo 15;15010;"15010;1129";27.4 - 27.9;90.0;13.82;75.2;"J.C. Graf, 1993, "Lunar Soils Grain Size Catalog" NASA Reference Publication RP-1265"
Apollo 15;15010;"15010;1129";27.4 - 27.9;75.0;5.47;75.2;"J.C. Graf, 1993, "Lunar Soils Grain Size Catalog" NASA Reference Publication RP-1265"
Apollo 15;15010;"15010;1129";27.4 - 27.9;45.0;14.76;75.2;"J.C. Graf, 1993, "Lunar Soils Grain Size Catalog" NASA Reference Publication RP-1265"
Apollo 15;15010;"15010;1129";27.4 - 27.9;20.0;15.81;75.2;"J.C. Graf, 1993, "Lunar Soils Grain Size Catalog" NASA Reference Publication RP-1265"
Apollo 15;15010;"15010;1129";27.4 - 27.9;1.0;18.35;75.2;"J.C. Graf, 1993, "Lunar Soils Grain Size Catalog" NASA Reference Publication RP-1265"
Apollo 15;15011;"15011;2114";21.5 - 22;10000.0;0.0;62.47;"J.C. Graf, 1993, "Lunar Soils Grain Size Catalog" NASA Reference Publication RP-1265"
Apollo 15;15011;"15011;2114";21.5 - 22;1000.0;0.25;62.47;"J.C. Graf, 1993, "Lunar Soils Grain Size Catalog" NASA Reference Publication RP-1265"
Apollo 15;15011;"15011;2114";21.5 - 22;500.0;6.65;62.47;"J.C. Graf, 1993, "Lunar Soils Grain Size Catalog" NASA Reference Publication RP-1265"
Apollo 15;15011;"15011;2114";21.5 - 22;250.0;7.97;62.47;"J.C. Graf, 1993, "Lunar Soils Grain Size Catalog" NASA Reference Publication RP-1265"
Apollo 15;15011;"15011;2114";21.5 - 22;150.0;9.56;62.47;"J.C. Graf, 1993, "Lunar Soils Grain Size Catalog" NASA Reference Publication RP-1265"
Apollo 15;15011;"15011;2114";21.5 - 22;90.0;14.48;62.47;"J.C. Graf, 1993, "Lunar Soils Grain Size Catalog" NASA Reference Publication RP-1265"
Apollo 15;15011;"15011;2114";21.5 - 22;75.0;5.52;62.47;"J.C. Graf, 1993, "Lunar Soils Grain Size Catalog" NASA Reference Publication RP-1265"
Apollo 15;15011;"15011;2114";21.5 - 22;45.0;15.56;62.47;"J.C. Graf, 1993, "Lunar Soils Grain Size Catalog" NASA Reference Publication RP-1265"
Apollo 15;15011;"15011;2114";21.5 - 22;20.0;19.23;62.47;"J.C. Graf, 1993, "Lunar Soils Grain Size Catalog" NASA Reference Publication RP-1265"
Apollo 15;15011;"15011;2114";21.5 - 22;1.0;19.77;62.47;"J.C. Graf, 1993, "Lunar Soils Grain Size Catalog" NASA Reference Publication RP-1265"
Apollo 15;15011;"15011;2113";16.5 - 17;10000.0;0.0;68.29;"J.C. Graf, 1993, "Lunar Soils Grain Size Catalog" NASA Reference Publication RP-1265"
Apollo 15;15011;"15011;2113";16.5 - 17;1000.0;0.28;68.29;"J.C. Graf, 1993, "Lunar Soils Grain Size Catalog" NASA Reference Publication RP-1265"
Apollo 15;15011;"15011;2113";16.5 - 17;500.0;5.68;68.29;"J.C. Graf, 1993, "Lunar Soils Grain Size Catalog" NASA Reference Publication RP-1265"
Apollo 15;15011;"15011;2113";16.5 - 17;250.0;9.43;68.29;"J.C. Graf, 1993, "Lunar Soils Grain Size Catalog" NASA Reference Publication RP-1265"
Apollo 15;15011;"15011;2113";16.5 - 17;150.0;11.26;68.29;"J.C. Graf, 1993, "Lunar Soils Grain Size Catalog" NASA Reference Publication RP-1265"
Apollo 15;15011;"15011;2113";16.5 - 17;90.0;14.96;68.29;"J.C. Graf, 1993, "Lunar Soils Grain Size Catalog" NASA Reference Publication RP-1265"
Apollo 15;15011;"15011;2113";16.5 - 17;75.0;5.53;68.29;"J.C. Graf, 1993, "Lunar Soils Grain Size Catalog" NASA Reference Publication RP-1265"
Apollo 15;15011;"15011;2113";16.5 - 17;45.0;15.58;68.29;"J.C. Graf, 1993, "Lunar Soils Grain Size Catalog" NASA Reference Publication RP-1265"
Apollo 15;15011;"15011;2113";16.5 - 17;20.0;17.48;68.29;"J.C. Graf, 1993, "Lunar Soils Grain Size Catalog" NASA Reference Publication RP-1265"
Apollo 15;15011;"15011;2113";16.5 - 17;1.0;18.79;68.29;"J.C. Graf, 1993, "Lunar Soils Grain Size Catalog" NASA Reference Publication RP-1265"
Apollo 15;15011;"15011;2112";11.5 - 12;10000.0;0.0;64.44;"J.C. Graf, 1993, "Lunar Soils Grain Size Catalog" NASA Reference Publication RP-1265"
Apollo 15;15011;"15011;2112";11.5 - 12;1000.0;0.44;64.44;"J.C. Graf, 1993, "Lunar Soils Grain Size Catalog" NASA Reference Publication RP-1265"
Apollo 15;15011;"15011;2112";11.5 - 12;500.0;3.97;64.44;"J.C. Graf, 1993, "Lunar Soils Grain Size Catalog" NASA Reference Publication RP-1265"
Apollo 15;15011;"15011;2112";11.5 - 12;250.0;9.52;64.44;"J.C. Graf, 1993, "Lunar Soils Grain Size Catalog" NASA Reference Publication RP-1265"
Apollo 15;15011;"15011;2112";11.5 - 12;150.0;11.03;64.44;"J.C. Graf, 1993, "Lunar Soils Grain Size Catalog" NASA Reference Publication RP-1265"
Apollo 15;15011;"15011;2112";11.5 - 12;90.0;13.97;64.44;"J.C. Graf, 1993, "Lunar Soils Grain Size Catalog" NASA Reference Publication RP-1265"
Apollo 15;15011;"15011;2112";11.5 - 12;75.0;5.98;64.44;"J.C. Graf, 1993, "Lunar Soils Grain Size Catalog" NASA Reference Publication RP-1265"
Apollo 15;15011;"15011;2112";11.5 - 12;45.0;17.14;64.44;"J.C. Graf, 1993, "Lunar Soils Grain Size Catalog" NASA Reference Publication RP-1265"
Apollo 15;15011;"15011;2112";11.5 - 12;20.0;18.03;64.44;"J.C. Graf, 1993, "Lunar Soils Grain Size Catalog" NASA Reference Publication RP-1265"
Apollo 15;15011;"15011;2112";11.5 - 12;1.0;18.94;64.44;"J.C. Graf, 1993, "Lunar Soils Grain Size Catalog" NASA Reference Publication RP-1265"
Apollo 15;15011;"15011;2111";6.5 - 7;10000.0;0.0;72.35;"J.C. Graf, 1993, "Lunar Soils Grain Size Catalog" NASA Reference Publication RP-1265"
Apollo 15;15011;"15011;2111";6.5 - 7;1000.0;0.39;72.35;"J.C. Graf, 1993, "Lunar Soils Grain Size Catalog" NASA Reference Publication RP-1265"
Apollo 15;15011;"15011;2111";6.5 - 7;500.0;5.81;72.35;"J.C. Graf, 1993, "Lunar Soils Grain Size Catalog" NASA Reference Publication RP-1265"
Apollo 15;15011;"15011;2111";6.5 - 7;250.0;9.61;72.35;"J.C. Graf, 1993, "Lunar Soils Grain Size Catalog" NASA Reference Publication RP-1265"
Apollo 15;15011;"15011;2111";6.5 - 7;150.0;11.9;72.35;"J.C. Graf, 1993, "Lunar Soils Grain Size Catalog" NASA Reference Publication RP-1265"
Apollo 15;15011;"15011;2111";6.5 - 7;90.0;15.55;72.35;"J.C. Graf, 1993, "Lunar Soils Grain Size Catalog" NASA Reference Publication RP-1265"
Apollo 15;15011;"15011;2111";6.5 - 7;75.0;5.68;72.35;"J.C. Graf, 1993, "Lunar Soils Grain Size Catalog" NASA Reference Publication RP-1265"
Apollo 15;15011;"15011;2111";6.5 - 7;45.0;15.04;72.35;"J.C. Graf, 1993, "Lunar Soils Grain Size Catalog" NASA Reference Publication RP-1265"
Apollo 15;15011;"15011;2111";6.5 - 7;20.0;18.91;72.35;"J.C. Graf, 1993, "Lunar Soils Grain Size Catalog" NASA Reference Publication RP-1265"
Apollo 15;15011;"15011;2111";6.5 - 7;1.0;16.11;72.35;"J.C. Graf, 1993, "Lunar Soils Grain Size Catalog" NASA Reference Publication RP-1265"
Apollo 15;15011;"15011;2110";3.5 - 4;10000.0;0.0;64.37;"J.C. Graf, 1993, "Lunar Soils Grain Size Catalog" NASA Reference Publication RP-1265"
Apollo 15;15011;"15011;2110";3.5 - 4;1000.0;0.92;64.37;"J.C. Graf, 1993, "Lunar Soils Grain Size Catalog" NASA Reference Publication RP-1265"
Apollo 15;15011;"15011;2110";3.5 - 4;500.0;2.46;64.37;"J.C. Graf, 1993, "Lunar Soils Grain Size Catalog" NASA Reference Publication RP-1265"
Apollo 15;15011;"15011;2110";3.5 - 4;250.0;8.29;64.37;"J.C. Graf, 1993, "Lunar Soils Grain Size Catalog" NASA Reference Publication RP-1265"
Apollo 15;15011;"15011;2110";3.5 - 4;150.0;11.09;64.37;"J.C. Graf, 1993, "Lunar Soils Grain Size Catalog" NASA Reference Publication RP-1265"
Apollo 15;15011;"15011;2110";3.5 - 4;90.0;16.06;64.37;"J.C. Graf, 1993, "Lunar Soils Grain Size Catalog" NASA Reference Publication RP-1265"
Apollo 15;15011;"15011;2110";3.5 - 4;75.0;5.78;64.37;"J.C. Graf, 1993, "Lunar Soils Grain Size Catalog" NASA Reference Publication RP-1265"
Apollo 15;15011;"15011;2110";3.5 - 4;45.0;18.05;64.37;"J.C. Graf, 1993, "Lunar Soils Grain Size Catalog" NASA Reference Publication RP-1265"
Apollo 15;15011;"15011;2110";3.5 - 4;20.0;17.35;64.37;"J.C. Graf, 1993, "Lunar Soils Grain Size Catalog" NASA Reference Publication RP-1265"
Apollo 15;15011;"15011;2110";3.5 - 4;1.0;19.01;64.37;"J.C. Graf, 1993, "Lunar Soils Grain Size Catalog" NASA Reference Publication RP-1265"
Apollo 15;15011;"15011;2109";0.4 - 1;10000.0;0.0;73.23;"J.C. Graf, 1993, "Lunar Soils Grain Size Catalog" NASA Reference Publication RP-1265"
Apollo 15;15011;"15011;2109";0.4 - 1;1000.0;2.23;73.23;"J.C. Graf, 1993, "Lunar Soils Grain Size Catalog" NASA Reference Publication RP-1265"
Apollo 15;15011;"15011;2109";0.4 - 1;500.0;4.97;73.23;"J.C. Graf, 1993, "Lunar Soils Grain Size Catalog" NASA Reference Publication RP-1265"
Apollo 15;15011;"15011;2109";0.4 - 1;250.0;9.33;73.23;"J.C. Graf, 1993, "Lunar Soils Grain Size Catalog" NASA Reference Publication RP-1265"
Apollo 15;15011;"15011;2109";0.4 - 1;150.0;11.56;73.23;"J.C. Graf, 1993, "Lunar Soils Grain Size Catalog" NASA Reference Publication RP-1265"
Apollo 15;15011;"15011;2109";0.4 - 1;90.0;15.19;73.23;"J.C. Graf, 1993, "Lunar Soils Grain Size Catalog" NASA Reference Publication RP-1265"
Apollo 15;15011;"15011;2109";0.4 - 1;75.0;5.96;73.23;"J.C. Graf, 1993, "Lunar Soils Grain Size Catalog" NASA Reference Publication RP-1265"
Apollo 15;15011;"15011;2109";0.4 - 1;45.0;16.29;73.23;"J.C. Graf, 1993, "Lunar Soils Grain Size Catalog" NASA Reference Publication RP-1265"
Apollo 15;15011;"15011;2109";0.4 - 1;20.0;16.36;73.23;"J.C. Graf, 1993, "Lunar Soils Grain Size Catalog" NASA Reference Publication RP-1265"
Apollo 15;15011;"15011;2109";0.4 - 1;1.0;17.1;73.23;"J.C. Graf, 1993, "Lunar Soils Grain Size Catalog" NASA Reference Publication RP-1265"
Apollo 15;15012;"15012;136";;10000.0;0.0;52.65;"J.C. Graf, 1993, "Lunar Soils Grain Size Catalog" NASA Reference Publication RP-1265"
Apollo 15;15012;"15012;136";;1000.0;2.96;52.65;"J.C. Graf, 1993, "Lunar Soils Grain Size Catalog" NASA Reference Publication RP-1265"
Apollo 15;15012;"15012;136";;500.0;4.36;52.65;"J.C. Graf, 1993, "Lunar Soils Grain Size Catalog" NASA Reference Publication RP-1265"
Apollo 15;15012;"15012;136";;250.0;7.6;52.65;"J.C. Graf, 1993, "Lunar Soils Grain Size Catalog" NASA Reference Publication RP-1265"
Apollo 15;15012;"15012;136";;150.0;8.68;52.65;"J.C. Graf, 1993, "Lunar Soils Grain Size Catalog" NASA Reference Publication RP-1265"
Apollo 15;15012;"15012;136";;90.0;12.31;52.65;"J.C. Graf, 1993, "Lunar Soils Grain Size Catalog" NASA Reference Publication RP-1265"
Apollo 15;15012;"15012;136";;75.0;4.54;52.65;"J.C. Graf, 1993, "Lunar Soils Grain Size Catalog" NASA Reference Publication RP-1265"
Apollo 15;15012;"15012;136";;45.0;13.79;52.65;"J.C. Graf, 1993, "Lunar Soils Grain Size Catalog" NASA Reference Publication RP-1265"
Apollo 15;15012;"15012;136";;20.0;21.92;52.65;"J.C. Graf, 1993, "Lunar Soils Grain Size Catalog" NASA Reference Publication RP-1265"
Apollo 15;15012;"15012;136";;1.0;22.83;52.65;"J.C. Graf, 1993, "Lunar Soils Grain Size Catalog" NASA Reference Publication RP-1265"
Apollo 15;15013;"15013;94";;10000.0;0.0;53.66;"J.C. Graf, 1993, "Lunar Soils Grain Size Catalog" NASA Reference Publication RP-1265"
Apollo 15;15013;"15013;94";;1000.0;3.48;53.66;"J.C. Graf, 1993, "Lunar Soils Grain Size Catalog" NASA Reference Publication RP-1265"
Apollo 15;15013;"15013;94";;500.0;3.87;53.66;"J.C. Graf, 1993, "Lunar Soils Grain Size Catalog" NASA Reference Publication RP-1265"
Apollo 15;15013;"15013;94";;250.0;7.78;53.66;"J.C. Graf, 1993, "Lunar Soils Grain Size Catalog" NASA Reference Publication RP-1265"
Apollo 15;15013;"15013;94";;150.0;8.41;53.66;"J.C. Graf, 1993, "Lunar Soils Grain Size Catalog" NASA Reference Publication RP-1265"
Apollo 15;15013;"15013;94";;90.0;12.3;53.66;"J.C. Graf, 1993, "Lunar Soils Grain Size Catalog" NASA Reference Publication RP-1265"
Apollo 15;15013;"15013;94";;75.0;4.75;53.66;"J.C. Graf, 1993, "Lunar Soils Grain Size Catalog" NASA Reference Publication RP-1265"
Apollo 15;15013;"15013;94";;45.0;14.36;53.66;"J.C. Graf, 1993, "Lunar Soils Grain Size Catalog" NASA Reference Publication RP-1265"
Apollo 15;15013;"15013;94";;20.0;18.38;53.66;"J.C. Graf, 1993, "Lunar Soils Grain Size Catalog" NASA Reference Publication RP-1265"
Apollo 15;15013;"15013;94";;1.0;25.66;53.66;"J.C. Graf, 1993, "Lunar Soils Grain Size Catalog" NASA Reference Publication RP-1265"
Apollo 15;15020;"15021;38";;10000.0;0.0;53.91;"J.C. Graf, 1993, "Lunar Soils Grain Size Catalog" NASA Reference Publication RP-1265"
Apollo 15;15020;"15021;38";;4000.0;0.68;53.91;"J.C. Graf, 1993, "Lunar Soils Grain Size Catalog" NASA Reference Publication RP-1265"
Apollo 15;15020;"15021;38";;2000.0;0.95;53.91;"J.C. Graf, 1993, "Lunar Soils Grain Size Catalog" NASA Reference Publication RP-1265"
Apollo 15;15020;"15021;38";;1000.0;1.9;53.91;"J.C. Graf, 1993, "Lunar Soils Grain Size Catalog" NASA Reference Publication RP-1265"
Apollo 15;15020;"15021;38";;500.0;3.25;53.91;"J.C. Graf, 1993, "Lunar Soils Grain Size Catalog" NASA Reference Publication RP-1265"
Apollo 15;15020;"15021;38";;250.0;7.32;53.91;"J.C. Graf, 1993, "Lunar Soils Grain Size Catalog" NASA Reference Publication RP-1265"
Apollo 15;15020;"15021;38";;150.0;9.25;53.91;"J.C. Graf, 1993, "Lunar Soils Grain Size Catalog" NASA Reference Publication RP-1265"
Apollo 15;15020;"15021;38";;90.0;11.87;53.91;"J.C. Graf, 1993, "Lunar Soils Grain Size Catalog" NASA Reference Publication RP-1265"
Apollo 15;15020;"15021;38";;75.0;5.16;53.91;"J.C. Graf, 1993, "Lunar Soils Grain Size Catalog" NASA Reference Publication RP-1265"
Apollo 15;15020;"15021;38";;45.0;14.88;53.91;"J.C. Graf, 1993, "Lunar Soils Grain Size Catalog" NASA Reference Publication RP-1265"
Apollo 15;15020;"15021;38";;20.0;19.71;53.91;"J.C. Graf, 1993, "Lunar Soils Grain Size Catalog" NASA Reference Publication RP-1265"
Apollo 15;15020;"15021;38";;1.0;24.03;53.91;"J.C. Graf, 1993, "Lunar Soils Grain Size Catalog" NASA Reference Publication RP-1265"
Apollo 15;15020;"15021;2";;10000.0;0.0;53.91;"J.C. Graf, 1993, "Lunar Soils Grain Size Catalog" NASA Reference Publication RP-1265"
Apollo 15;15020;"15021;2";;4000.0;0.68;53.91;"J.C. Graf, 1993, "Lunar Soils Grain Size Catalog" NASA Reference Publication RP-1265"
Apollo 15;15020;"15021;2";;2000.0;0.95;53.91;"J.C. Graf, 1993, "Lunar Soils Grain Size Catalog" NASA Reference Publication RP-1265"
Apollo 15;15020;"15021;2";;1000.0;1.9;53.91;"J.C. Graf, 1993, "Lunar Soils Grain Size Catalog" NASA Reference Publication RP-1265"
Apollo 15;15020;"15021;2";;500.0;3.25;53.91;"J.C. Graf, 1993, "Lunar Soils Grain Size Catalog" NASA Reference Publication RP-1265"
Apollo 15;15020;"15021;2";;250.0;7.32;53.91;"J.C. Graf, 1993, "Lunar Soils Grain Size Catalog" NASA Reference Publication RP-1265"
Apollo 15;15020;"15021;2";;150.0;9.25;53.91;"J.C. Graf, 1993, "Lunar Soils Grain Size Catalog" NASA Reference Publication RP-1265"
Apollo 15;15020;"15021;2";;90.0;11.87;53.91;"J.C. Graf, 1993, "Lunar Soils Grain Size Catalog" NASA Reference Publication RP-1265"
Apollo 15;15020;"15021;2";;75.0;5.16;53.91;"J.C. Graf, 1993, "Lunar Soils Grain Size Catalog" NASA Reference Publication RP-1265"
Apollo 15;15020;"15021;2";;45.0;14.88;53.91;"J.C. Graf, 1993, "Lunar Soils Grain Size Catalog" NASA Reference Publication RP-1265"
Apollo 15;15020;"15021;2";;20.0;19.71;53.91;"J.C. Graf, 1993, "Lunar Soils Grain Size Catalog" NASA Reference Publication RP-1265"
Apollo 15;15020;"15021;2";;1.0;24.03;53.91;"J.C. Graf, 1993, "Lunar Soils Grain Size Catalog" NASA Reference Publication RP-1265"
Apollo 15;15030;"15031;68";35;10000.0;0.0;49.46;"J.C. Graf, 1993, "Lunar Soils Grain Size Catalog" NASA Reference Publication RP-1265"
Apollo 15;15030;"15031;68";35;4000.0;3.03;49.46;"J.C. Graf, 1993, "Lunar Soils Grain Size Catalog" NASA Reference Publication RP-1265"
Apollo 15;15030;"15031;68";35;2000.0;2.86;49.46;"J.C. Graf, 1993, "Lunar Soils Grain Size Catalog" NASA Reference Publication RP-1265"
Apollo 15;15030;"15031;68";35;1000.0;3.03;49.46;"J.C. Graf, 1993, "Lunar Soils Grain Size Catalog" NASA Reference Publication RP-1265"
Apollo 15;15030;"15031;68";35;500.0;4.5;49.46;"J.C. Graf, 1993, "Lunar Soils Grain Size Catalog" NASA Reference Publication RP-1265"
Apollo 15;15030;"15031;68";35;250.0;6.29;49.46;"J.C. Graf, 1993, "Lunar Soils Grain Size Catalog" NASA Reference Publication RP-1265"
Apollo 15;15030;"15031;68";35;125.0;10.16;49.46;"J.C. Graf, 1993, "Lunar Soils Grain Size Catalog" NASA Reference Publication RP-1265"
Apollo 15;15030;"15031;68";35;63.0;15.01;49.46;"J.C. Graf, 1993, "Lunar Soils Grain Size Catalog" NASA Reference Publication RP-1265"
Apollo 15;15030;"15031;68";35;20.0;24.27;49.46;"J.C. Graf, 1993, "Lunar Soils Grain Size Catalog" NASA Reference Publication RP-1265"
Apollo 15;15030;"15031;68";35;10.0;10.88;49.46;"J.C. Graf, 1993, "Lunar Soils Grain Size Catalog" NASA Reference Publication RP-1265"
Apollo 15;15030;"15031;68";35;4.0;10.16;49.46;"J.C. Graf, 1993, "Lunar Soils Grain Size Catalog" NASA Reference Publication RP-1265"
Apollo 15;15030;"15031;68";35;1.0;8.81;49.46;"J.C. Graf, 1993, "Lunar Soils Grain Size Catalog" NASA Reference Publication RP-1265"
Apollo 15;15030;"15031;31";35;10000.0;0.0;51.15;"J.C. Graf, 1993, "Lunar Soils Grain Size Catalog" NASA Reference Publication RP-1265"
Apollo 15;15030;"15031;31";35;4000.0;3.03;51.15;"J.C. Graf, 1993, "Lunar Soils Grain Size Catalog" NASA Reference Publication RP-1265"
Apollo 15;15030;"15031;31";35;2000.0;2.86;51.15;"J.C. Graf, 1993, "Lunar Soils Grain Size Catalog" NASA Reference Publication RP-1265"
Apollo 15;15030;"15031;31";35;1000.0;3.03;51.15;"J.C. Graf, 1993, "Lunar Soils Grain Size Catalog" NASA Reference Publication RP-1265"
Apollo 15;15030;"15031;31";35;500.0;3.0;51.15;"J.C. Graf, 1993, "Lunar Soils Grain Size Catalog" NASA Reference Publication RP-1265"
Apollo 15;15030;"15031;31";35;250.0;5.79;51.15;"J.C. Graf, 1993, "Lunar Soils Grain Size Catalog" NASA Reference Publication RP-1265"
Apollo 15;15030;"15031;31";35;150.0;6.58;51.15;"J.C. Graf, 1993, "Lunar Soils Grain Size Catalog" NASA Reference Publication RP-1265"
Apollo 15;15030;"15031;31";35;90.0;10.42;51.15;"J.C. Graf, 1993, "Lunar Soils Grain Size Catalog" NASA Reference Publication RP-1265"
Apollo 15;15030;"15031;31";35;75.0;4.62;51.15;"J.C. Graf, 1993, "Lunar Soils Grain Size Catalog" NASA Reference Publication RP-1265"
Apollo 15;15030;"15031;31";35;45.0;14.24;51.15;"J.C. Graf, 1993, "Lunar Soils Grain Size Catalog" NASA Reference Publication RP-1265"
Apollo 15;15030;"15031;31";35;20.0;18.94;51.15;"J.C. Graf, 1993, "Lunar Soils Grain Size Catalog" NASA Reference Publication RP-1265"
Apollo 15;15030;"15031;31";35;1.0;26.48;51.15;"J.C. Graf, 1993, "Lunar Soils Grain Size Catalog" NASA Reference Publication RP-1265"
Apollo 15;15040;"15041;34";;10000.0;0.0;51.47;"J.C. Graf, 1993, "Lunar Soils Grain Size Catalog" NASA Reference Publication RP-1265"
Apollo 15;15040;"15041;34";;4000.0;0.53;51.47;"J.C. Graf, 1993, "Lunar Soils Grain Size Catalog" NASA Reference Publication RP-1265"
Apollo 15;15040;"15041;34";;2000.0;0.99;51.47;"J.C. Graf, 1993, "Lunar Soils Grain Size Catalog" NASA Reference Publication RP-1265"
Apollo 15;15040;"15041;34";;1000.0;1.81;51.47;"J.C. Graf, 1993, "Lunar Soils Grain Size Catalog" NASA Reference Publication RP-1265"
Apollo 15;15040;"15041;34";;500.0;1.97;51.47;"J.C. Graf, 1993, "Lunar Soils Grain Size Catalog" NASA Reference Publication RP-1265"
Apollo 15;15040;"15041;34";;250.0;6.98;51.47;"J.C. Graf, 1993, "Lunar Soils Grain Size Catalog" NASA Reference Publication RP-1265"
Apollo 15;15040;"15041;34";;150.0;8.46;51.47;"J.C. Graf, 1993, "Lunar Soils Grain Size Catalog" NASA Reference Publication RP-1265"
Apollo 15;15040;"15041;34";;90.0;12.5;51.47;"J.C. Graf, 1993, "Lunar Soils Grain Size Catalog" NASA Reference Publication RP-1265"
Apollo 15;15040;"15041;34";;75.0;4.96;51.47;"J.C. Graf, 1993, "Lunar Soils Grain Size Catalog" NASA Reference Publication RP-1265"
Apollo 15;15040;"15041;34";;45.0;16.01;51.47;"J.C. Graf, 1993, "Lunar Soils Grain Size Catalog" NASA Reference Publication RP-1265"
Apollo 15;15040;"15041;34";;20.0;18.77;51.47;"J.C. Graf, 1993, "Lunar Soils Grain Size Catalog" NASA Reference Publication RP-1265"
Apollo 15;15040;"15041;34";;1.0;26.02;51.47;"J.C. Graf, 1993, "Lunar Soils Grain Size Catalog" NASA Reference Publication RP-1265"
Apollo 15;15040;"15041;78";;10000.0;0.0;60.46;"J.C. Graf, 1993, "Lunar Soils Grain Size Catalog" NASA Reference Publication RP-1265"
Apollo 15;15040;"15041;78";;4000.0;0.53;60.46;"J.C. Graf, 1993, "Lunar Soils Grain Size Catalog" NASA Reference Publication RP-1265"
Apollo 15;15040;"15041;78";;2000.0;0.99;60.46;"J.C. Graf, 1993, "Lunar Soils Grain Size Catalog" NASA Reference Publication RP-1265"
Apollo 15;15040;"15041;78";;1000.0;1.81;60.46;"J.C. Graf, 1993, "Lunar Soils Grain Size Catalog" NASA Reference Publication RP-1265"
Apollo 15;15040;"15041;78";;500.0;3.25;60.46;"J.C. Graf, 1993, "Lunar Soils Grain Size Catalog" NASA Reference Publication RP-1265"
Apollo 15;15040;"15041;78";;250.0;7.56;60.46;"J.C. Graf, 1993, "Lunar Soils Grain Size Catalog" NASA Reference Publication RP-1265"
Apollo 15;15040;"15041;78";;125.0;12.63;60.46;"J.C. Graf, 1993, "Lunar Soils Grain Size Catalog" NASA Reference Publication RP-1265"
Apollo 15;15040;"15041;78";;63.0;22.39;60.46;"J.C. Graf, 1993, "Lunar Soils Grain Size Catalog" NASA Reference Publication RP-1265"
Apollo 15;15040;"15041;78";;20.0;23.44;60.46;"J.C. Graf, 1993, "Lunar Soils Grain Size Catalog" NASA Reference Publication RP-1265"
Apollo 15;15040;"15041;78";;10.0;9.09;60.46;"J.C. Graf, 1993, "Lunar Soils Grain Size Catalog" NASA Reference Publication RP-1265"
Apollo 15;15040;"15041;78";;4.0;8.99;60.46;"J.C. Graf, 1993, "Lunar Soils Grain Size Catalog" NASA Reference Publication RP-1265"
Apollo 15;15040;"15041;78";;1.0;8.32;60.46;"J.C. Graf, 1993, "Lunar Soils Grain Size Catalog" NASA Reference Publication RP-1265"
Apollo 15;15070;"15071;19";;10000.0;0.0;87.0;"J.C. Graf, 1993, "Lunar Soils Grain Size Catalog" NASA Reference Publication RP-1265"
Apollo 15;15070;"15071;19";;4000.0;1.21;87.0;"J.C. Graf, 1993, "Lunar Soils Grain Size Catalog" NASA Reference Publication RP-1265"
Apollo 15;15070;"15071;19";;2000.0;1.31;87.0;"J.C. Graf, 1993, "Lunar Soils Grain Size Catalog" NASA Reference Publication RP-1265"
Apollo 15;15070;"15071;19";;1000.0;2.79;87.0;"J.C. Graf, 1993, "Lunar Soils Grain Size Catalog" NASA Reference Publication RP-1265"
Apollo 15;15070;"15071;19";;500.0;5.39;87.0;"J.C. Graf, 1993, "Lunar Soils Grain Size Catalog" NASA Reference Publication RP-1265"
Apollo 15;15070;"15071;19";;250.0;12.7;87.0;"J.C. Graf, 1993, "Lunar Soils Grain Size Catalog" NASA Reference Publication RP-1265"
Apollo 15;15070;"15071;19";;150.0;11.87;87.0;"J.C. Graf, 1993, "Lunar Soils Grain Size Catalog" NASA Reference Publication RP-1265"
Apollo 15;15070;"15071;19";;90.0;13.89;87.0;"J.C. Graf, 1993, "Lunar Soils Grain Size Catalog" NASA Reference Publication RP-1265"
Apollo 15;15070;"15071;19";;75.0;4.52;87.0;"J.C. Graf, 1993, "Lunar Soils Grain Size Catalog" NASA Reference Publication RP-1265"
Apollo 15;15070;"15071;19";;45.0;12.14;87.0;"J.C. Graf, 1993, "Lunar Soils Grain Size Catalog" NASA Reference Publication RP-1265"
Apollo 15;15070;"15071;19";;20.0;16.03;87.0;"J.C. Graf, 1993, "Lunar Soils Grain Size Catalog" NASA Reference Publication RP-1265"
Apollo 15;15070;"15071;19";;1.0;17.16;87.0;"J.C. Graf, 1993, "Lunar Soils Grain Size Catalog" NASA Reference Publication RP-1265"
Apollo 15;15086;"15086;202";;10000.0;0.0;55.78;"J.C. Graf, 1993, "Lunar Soils Grain Size Catalog" NASA Reference Publication RP-1265"
Apollo 15;15086;"15086;202";;4000.0;0.97;55.78;"J.C. Graf, 1993, "Lunar Soils Grain Size Catalog" NASA Reference Publication RP-1265"
Apollo 15;15086;"15086;202";;2000.0;1.59;55.78;"J.C. Graf, 1993, "Lunar Soils Grain Size Catalog" NASA Reference Publication RP-1265"
Apollo 15;15086;"15086;202";;1000.0;1.77;55.78;"J.C. Graf, 1993, "Lunar Soils Grain Size Catalog" NASA Reference Publication RP-1265"
Apollo 15;15086;"15086;202";;500.0;4.51;55.78;"J.C. Graf, 1993, "Lunar Soils Grain Size Catalog" NASA Reference Publication RP-1265"
Apollo 15;15086;"15086;202";;250.0;7.0;55.78;"J.C. Graf, 1993, "Lunar Soils Grain Size Catalog" NASA Reference Publication RP-1265"
Apollo 15;15086;"15086;202";;150.0;8.5;55.78;"J.C. Graf, 1993, "Lunar Soils Grain Size Catalog" NASA Reference Publication RP-1265"
Apollo 15;15086;"15086;202";;90.0;11.21;55.78;"J.C. Graf, 1993, "Lunar Soils Grain Size Catalog" NASA Reference Publication RP-1265"
Apollo 15;15086;"15086;202";;45.0;20.94;55.78;"J.C. Graf, 1993, "Lunar Soils Grain Size Catalog" NASA Reference Publication RP-1265"
Apollo 15;15086;"15086;202";;20.0;18.03;55.78;"J.C. Graf, 1993, "Lunar Soils Grain Size Catalog" NASA Reference Publication RP-1265"
Apollo 15;15086;"15086;202";;1.0;24.48;55.78;"J.C. Graf, 1993, "Lunar Soils Grain Size Catalog" NASA Reference Publication RP-1265"
Apollo 15;15090;"15091;1";;10000.0;0.0;56.33;"J.C. Graf, 1993, "Lunar Soils Grain Size Catalog" NASA Reference Publication RP-1265"
Apollo 15;15090;"15091;1";;4000.0;0.0;56.33;"J.C. Graf, 1993, "Lunar Soils Grain Size Catalog" NASA Reference Publication RP-1265"
Apollo 15;15090;"15091;1";;2000.0;0.4;56.33;"J.C. Graf, 1993, "Lunar Soils Grain Size Catalog" NASA Reference Publication RP-1265"
Apollo 15;15090;"15091;1";;1000.0;1.58;56.33;"J.C. Graf, 1993, "Lunar Soils Grain Size Catalog" NASA Reference Publication RP-1265"
Apollo 15;15090;"15091;1";;500.0;2.56;56.33;"J.C. Graf, 1993, "Lunar Soils Grain Size Catalog" NASA Reference Publication RP-1265"
Apollo 15;15090;"15091;1";;250.0;8.68;56.33;"J.C. Graf, 1993, "Lunar Soils Grain Size Catalog" NASA Reference Publication RP-1265"
Apollo 15;15090;"15091;1";;125.0;15.59;56.33;"J.C. Graf, 1993, "Lunar Soils Grain Size Catalog" NASA Reference Publication RP-1265"
Apollo 15;15090;"15091;1";;62.5;17.77;56.33;"J.C. Graf, 1993, "Lunar Soils Grain Size Catalog" NASA Reference Publication RP-1265"
Apollo 15;15090;"15091;1";;44.0;11.55;56.33;"J.C. Graf, 1993, "Lunar Soils Grain Size Catalog" NASA Reference Publication RP-1265"
Apollo 15;15090;"15091;1";;1.0;40.86;56.33;"J.C. Graf, 1993, "Lunar Soils Grain Size Catalog" NASA Reference Publication RP-1265"
Apollo 15;15090;"15091;34";;10000.0;0.0;52.89;"J.C. Graf, 1993, "Lunar Soils Grain Size Catalog" NASA Reference Publication RP-1265"
Apollo 15;15090;"15091;34";;4000.0;0.0;52.89;"J.C. Graf, 1993, "Lunar Soils Grain Size Catalog" NASA Reference Publication RP-1265"
Apollo 15;15090;"15091;34";;2000.0;0.36;52.89;"J.C. Graf, 1993, "Lunar Soils Grain Size Catalog" NASA Reference Publication RP-1265"
Apollo 15;15090;"15091;34";;1000.0;1.6;52.89;"J.C. Graf, 1993, "Lunar Soils Grain Size Catalog" NASA Reference Publication RP-1265"
Apollo 15;15090;"15091;34";;500.0;4.01;52.89;"J.C. Graf, 1993, "Lunar Soils Grain Size Catalog" NASA Reference Publication RP-1265"
Apollo 15;15090;"15091;34";;250.0;7.58;52.89;"J.C. Graf, 1993, "Lunar Soils Grain Size Catalog" NASA Reference Publication RP-1265"
Apollo 15;15090;"15091;34";;150.0;8.71;52.89;"J.C. Graf, 1993, "Lunar Soils Grain Size Catalog" NASA Reference Publication RP-1265"
Apollo 15;15090;"15091;34";;90.0;12.8;52.89;"J.C. Graf, 1993, "Lunar Soils Grain Size Catalog" NASA Reference Publication RP-1265"
Apollo 15;15090;"15091;34";;75.0;4.63;52.89;"J.C. Graf, 1993, "Lunar Soils Grain Size Catalog" NASA Reference Publication RP-1265"
Apollo 15;15090;"15091;34";;45.0;15.08;52.89;"J.C. Graf, 1993, "Lunar Soils Grain Size Catalog" NASA Reference Publication RP-1265"
Apollo 15;15090;"15091;34";;20.0;19.85;52.89;"J.C. Graf, 1993, "Lunar Soils Grain Size Catalog" NASA Reference Publication RP-1265"
Apollo 15;15090;"15091;34";;1.0;24.37;52.89;"J.C. Graf, 1993, "Lunar Soils Grain Size Catalog" NASA Reference Publication RP-1265"
Apollo 15;15100;"15101;103";;10000.0;0.0;53.41;"J.C. Graf, 1993, "Lunar Soils Grain Size Catalog" NASA Reference Publication RP-1265"
Apollo 15;15100;"15101;103";;4000.0;0.23;53.41;"J.C. Graf, 1993, "Lunar Soils Grain Size Catalog" NASA Reference Publication RP-1265"
Apollo 15;15100;"15101;103";;2000.0;0.61;53.41;"J.C. Graf, 1993, "Lunar Soils Grain Size Catalog" NASA Reference Publication RP-1265"
Apollo 15;15100;"15101;103";;1000.0;1.84;53.41;"J.C. Graf, 1993, "Lunar Soils Grain Size Catalog" NASA Reference Publication RP-1265"
Apollo 15;15100;"15101;103";;841.0;1.26;53.41;"J.C. Graf, 1993, "Lunar Soils Grain Size Catalog" NASA Reference Publication RP-1265"
Apollo 15;15100;"15101;103";;420.0;5.16;53.41;"J.C. Graf, 1993, "Lunar Soils Grain Size Catalog" NASA Reference Publication RP-1265"
Apollo 15;15100;"15101;103";;250.0;6.43;53.41;"J.C. Graf, 1993, "Lunar Soils Grain Size Catalog" NASA Reference Publication RP-1265"
Apollo 15;15100;"15101;103";;177.0;5.98;53.41;"J.C. Graf, 1993, "Lunar Soils Grain Size Catalog" NASA Reference Publication RP-1265"
Apollo 15;15100;"15101;103";;150.0;3.73;53.41;"J.C. Graf, 1993, "Lunar Soils Grain Size Catalog" NASA Reference Publication RP-1265"
Apollo 15;15100;"15101;103";;125.0;4.58;53.41;"J.C. Graf, 1993, "Lunar Soils Grain Size Catalog" NASA Reference Publication RP-1265"
Apollo 15;15100;"15101;103";;105.0;5.46;53.41;"J.C. Graf, 1993, "Lunar Soils Grain Size Catalog" NASA Reference Publication RP-1265"
Apollo 15;15100;"15101;103";;74.0;8.4;53.41;"J.C. Graf, 1993, "Lunar Soils Grain Size Catalog" NASA Reference Publication RP-1265"
Apollo 15;15100;"15101;103";;53.0;6.47;53.41;"J.C. Graf, 1993, "Lunar Soils Grain Size Catalog" NASA Reference Publication RP-1265"
Apollo 15;15100;"15101;103";;44.0;5.81;53.41;"J.C. Graf, 1993, "Lunar Soils Grain Size Catalog" NASA Reference Publication RP-1265"
Apollo 15;15100;"15101;103";;37.0;4.11;53.41;"J.C. Graf, 1993, "Lunar Soils Grain Size Catalog" NASA Reference Publication RP-1265"
Apollo 15;15100;"15101;103";;30.0;9.96;53.41;"J.C. Graf, 1993, "Lunar Soils Grain Size Catalog" NASA Reference Publication RP-1265"
Apollo 15;15100;"15101;103";;20.0;8.44;53.41;"J.C. Graf, 1993, "Lunar Soils Grain Size Catalog" NASA Reference Publication RP-1265"
Apollo 15;15100;"15101;103";;10.0;8.44;53.41;"J.C. Graf, 1993, "Lunar Soils Grain Size Catalog" NASA Reference Publication RP-1265"
Apollo 15;15100;"15101;103";;1.0;12.11;53.41;"J.C. Graf, 1993, "Lunar Soils Grain Size Catalog" NASA Reference Publication RP-1265"
Apollo 15;15100;"15101;25";;10000.0;0.0;42.94;"J.C. Graf, 1993, "Lunar Soils Grain Size Catalog" NASA Reference Publication RP-1265"
Apollo 15;15100;"15101;25";;4000.0;0.23;42.94;"J.C. Graf, 1993, "Lunar Soils Grain Size Catalog" NASA Reference Publication RP-1265"
Apollo 15;15100;"15101;25";;2000.0;0.62;42.94;"J.C. Graf, 1993, "Lunar Soils Grain Size Catalog" NASA Reference Publication RP-1265"
Apollo 15;15100;"15101;25";;1000.0;1.84;42.94;"J.C. Graf, 1993, "Lunar Soils Grain Size Catalog" NASA Reference Publication RP-1265"
Apollo 15;15100;"15101;25";;500.0;2.99;42.94;"J.C. Graf, 1993, "Lunar Soils Grain Size Catalog" NASA Reference Publication RP-1265"
Apollo 15;15100;"15101;25";;250.0;8.07;42.94;"J.C. Graf, 1993, "Lunar Soils Grain Size Catalog" NASA Reference Publication RP-1265"
Apollo 15;15100;"15101;25";;150.0;9.38;42.94;"J.C. Graf, 1993, "Lunar Soils Grain Size Catalog" NASA Reference Publication RP-1265"
Apollo 15;15100;"15101;25";;90.0;13.23;42.94;"J.C. Graf, 1993, "Lunar Soils Grain Size Catalog" NASA Reference Publication RP-1265"
Apollo 15;15100;"15101;25";;75.0;4.7;42.94;"J.C. Graf, 1993, "Lunar Soils Grain Size Catalog" NASA Reference Publication RP-1265"
Apollo 15;15100;"15101;25";;45.0;7.92;42.94;"J.C. Graf, 1993, "Lunar Soils Grain Size Catalog" NASA Reference Publication RP-1265"
Apollo 15;15100;"15101;25";;20.0;17.68;42.94;"J.C. Graf, 1993, "Lunar Soils Grain Size Catalog" NASA Reference Publication RP-1265"
Apollo 15;15100;"15101;25";;1.0;32.34;42.94;"J.C. Graf, 1993, "Lunar Soils Grain Size Catalog" NASA Reference Publication RP-1265"
Apollo 15;15200;"15201;17";;10000.0;0.0;51.49;"J.C. Graf, 1993, "Lunar Soils Grain Size Catalog" NASA Reference Publication RP-1265"
Apollo 15;15200;"15201;17";;4000.0;0.51;51.49;"J.C. Graf, 1993, "Lunar Soils Grain Size Catalog" NASA Reference Publication RP-1265"
Apollo 15;15200;"15201;17";;2000.0;1.04;51.49;"J.C. Graf, 1993, "Lunar Soils Grain Size Catalog" NASA Reference Publication RP-1265"
Apollo 15;15200;"15201;17";;1000.0;2.09;51.49;"J.C. Graf, 1993, "Lunar Soils Grain Size Catalog" NASA Reference Publication RP-1265"
Apollo 15;15200;"15201;17";;841.0;1.03;51.49;"J.C. Graf, 1993, "Lunar Soils Grain Size Catalog" NASA Reference Publication RP-1265"
Apollo 15;15200;"15201;17";;420.0;5.28;51.49;"J.C. Graf, 1993, "Lunar Soils Grain Size Catalog" NASA Reference Publication RP-1265"
Apollo 15;15200;"15201;17";;250.0;7.05;51.49;"J.C. Graf, 1993, "Lunar Soils Grain Size Catalog" NASA Reference Publication RP-1265"
Apollo 15;15200;"15201;17";;177.0;6.07;51.49;"J.C. Graf, 1993, "Lunar Soils Grain Size Catalog" NASA Reference Publication RP-1265"
Apollo 15;15200;"15201;17";;150.0;3.65;51.49;"J.C. Graf, 1993, "Lunar Soils Grain Size Catalog" NASA Reference Publication RP-1265"
Apollo 15;15200;"15201;17";;125.0;3.9;51.49;"J.C. Graf, 1993, "Lunar Soils Grain Size Catalog" NASA Reference Publication RP-1265"
Apollo 15;15200;"15201;17";;105.0;4.81;51.49;"J.C. Graf, 1993, "Lunar Soils Grain Size Catalog" NASA Reference Publication RP-1265"
Apollo 15;15200;"15201;17";;74.0;7.47;51.49;"J.C. Graf, 1993, "Lunar Soils Grain Size Catalog" NASA Reference Publication RP-1265"
Apollo 15;15200;"15201;17";;53.0;6.07;51.49;"J.C. Graf, 1993, "Lunar Soils Grain Size Catalog" NASA Reference Publication RP-1265"
Apollo 15;15200;"15201;17";;44.0;6.63;51.49;"J.C. Graf, 1993, "Lunar Soils Grain Size Catalog" NASA Reference Publication RP-1265"
Apollo 15;15200;"15201;17";;37.0;6.79;51.49;"J.C. Graf, 1993, "Lunar Soils Grain Size Catalog" NASA Reference Publication RP-1265"
Apollo 15;15200;"15201;17";;30.0;9.31;51.49;"J.C. Graf, 1993, "Lunar Soils Grain Size Catalog" NASA Reference Publication RP-1265"
Apollo 15;15200;"15201;17";;10.0;16.86;51.49;"J.C. Graf, 1993, "Lunar Soils Grain Size Catalog" NASA Reference Publication RP-1265"
Apollo 15;15200;"15201;17";;1.0;10.43;51.49;"J.C. Graf, 1993, "Lunar Soils Grain Size Catalog" NASA Reference Publication RP-1265"
Apollo 15;15210;"15211;32";;10000.0;0.0;52.43;"J.C. Graf, 1993, "Lunar Soils Grain Size Catalog" NASA Reference Publication RP-1265"
Apollo 15;15210;"15211;32";;4000.0;0.12;52.43;"J.C. Graf, 1993, "Lunar Soils Grain Size Catalog" NASA Reference Publication RP-1265"
Apollo 15;15210;"15211;32";;2000.0;1.4;52.43;"J.C. Graf, 1993, "Lunar Soils Grain Size Catalog" NASA Reference Publication RP-1265"
Apollo 15;15210;"15211;32";;1000.0;2.1;52.43;"J.C. Graf, 1993, "Lunar Soils Grain Size Catalog" NASA Reference Publication RP-1265"
Apollo 15;15210;"15211;32";;500.0;3.02;52.43;"J.C. Graf, 1993, "Lunar Soils Grain Size Catalog" NASA Reference Publication RP-1265"
Apollo 15;15210;"15211;32";;250.0;7.14;52.43;"J.C. Graf, 1993, "Lunar Soils Grain Size Catalog" NASA Reference Publication RP-1265"
Apollo 15;15210;"15211;32";;150.0;9.03;52.43;"J.C. Graf, 1993, "Lunar Soils Grain Size Catalog" NASA Reference Publication RP-1265"
Apollo 15;15210;"15211;32";;90.0;12.21;52.43;"J.C. Graf, 1993, "Lunar Soils Grain Size Catalog" NASA Reference Publication RP-1265"
Apollo 15;15210;"15211;32";;75.0;4.88;52.43;"J.C. Graf, 1993, "Lunar Soils Grain Size Catalog" NASA Reference Publication RP-1265"
Apollo 15;15210;"15211;32";;45.0;14.41;52.43;"J.C. Graf, 1993, "Lunar Soils Grain Size Catalog" NASA Reference Publication RP-1265"
Apollo 15;15210;"15211;32";;20.0;18.67;52.43;"J.C. Graf, 1993, "Lunar Soils Grain Size Catalog" NASA Reference Publication RP-1265"
Apollo 15;15210;"15211;32";;1.0;26.03;52.43;"J.C. Graf, 1993, "Lunar Soils Grain Size Catalog" NASA Reference Publication RP-1265"
Apollo 15;15220;"15221;29";;10000.0;0.0;118.36;"J.C. Graf, 1993, "Lunar Soils Grain Size Catalog" NASA Reference Publication RP-1265"
Apollo 15;15220;"15221;29";;4000.0;2.16;118.36;"J.C. Graf, 1993, "Lunar Soils Grain Size Catalog" NASA Reference Publication RP-1265"
Apollo 15;15220;"15221;29";;2000.0;1.79;118.36;"J.C. Graf, 1993, "Lunar Soils Grain Size Catalog" NASA Reference Publication RP-1265"
Apollo 15;15220;"15221;29";;1000.0;0.74;118.36;"J.C. Graf, 1993, "Lunar Soils Grain Size Catalog" NASA Reference Publication RP-1265"
Apollo 15;15220;"15221;29";;500.0;7.44;118.36;"J.C. Graf, 1993, "Lunar Soils Grain Size Catalog" NASA Reference Publication RP-1265"
Apollo 15;15220;"15221;29";;250.0;12.96;118.36;"J.C. Graf, 1993, "Lunar Soils Grain Size Catalog" NASA Reference Publication RP-1265"
Apollo 15;15220;"15221;29";;150.0;15.12;118.36;"J.C. Graf, 1993, "Lunar Soils Grain Size Catalog" NASA Reference Publication RP-1265"
Apollo 15;15220;"15221;29";;90.0;21.11;118.36;"J.C. Graf, 1993, "Lunar Soils Grain Size Catalog" NASA Reference Publication RP-1265"
Apollo 15;15220;"15221;29";;20.0;21.24;118.36;"J.C. Graf, 1993, "Lunar Soils Grain Size Catalog" NASA Reference Publication RP-1265"
Apollo 15;15220;"15221;29";;10.0;7.8;118.36;"J.C. Graf, 1993, "Lunar Soils Grain Size Catalog" NASA Reference Publication RP-1265"
Apollo 15;15220;"15221;29";;1.0;8.64;118.36;"J.C. Graf, 1993, "Lunar Soils Grain Size Catalog" NASA Reference Publication RP-1265"
Apollo 15;15220;"15221;57";;10000.0;0.0;42.4;"J.C. Graf, 1993, "Lunar Soils Grain Size Catalog" NASA Reference Publication RP-1265"
Apollo 15;15220;"15221;57";;4000.0;2.27;42.4;"J.C. Graf, 1993, "Lunar Soils Grain Size Catalog" NASA Reference Publication RP-1265"
Apollo 15;15220;"15221;57";;2000.0;1.88;42.4;"J.C. Graf, 1993, "Lunar Soils Grain Size Catalog" NASA Reference Publication RP-1265"
Apollo 15;15220;"15221;57";;1000.0;0.78;42.4;"J.C. Graf, 1993, "Lunar Soils Grain Size Catalog" NASA Reference Publication RP-1265"
Apollo 15;15220;"15221;57";;841.0;0.96;42.4;"J.C. Graf, 1993, "Lunar Soils Grain Size Catalog" NASA Reference Publication RP-1265"
Apollo 15;15220;"15221;57";;420.0;3.93;42.4;"J.C. Graf, 1993, "Lunar Soils Grain Size Catalog" NASA Reference Publication RP-1265"
Apollo 15;15220;"15221;57";;250.0;6.6;42.4;"J.C. Graf, 1993, "Lunar Soils Grain Size Catalog" NASA Reference Publication RP-1265"
Apollo 15;15220;"15221;57";;177.0;5.91;42.4;"J.C. Graf, 1993, "Lunar Soils Grain Size Catalog" NASA Reference Publication RP-1265"
Apollo 15;15220;"15221;57";;15.0;3.05;42.4;"J.C. Graf, 1993, "Lunar Soils Grain Size Catalog" NASA Reference Publication RP-1265"
Apollo 15;15220;"15221;57";;125.0;3.86;42.4;"J.C. Graf, 1993, "Lunar Soils Grain Size Catalog" NASA Reference Publication RP-1265"
Apollo 15;15220;"15221;57";;105.0;4.38;42.4;"J.C. Graf, 1993, "Lunar Soils Grain Size Catalog" NASA Reference Publication RP-1265"
Apollo 15;15220;"15221;57";;74.0;7.53;42.4;"J.C. Graf, 1993, "Lunar Soils Grain Size Catalog" NASA Reference Publication RP-1265"
Apollo 15;15220;"15221;57";;53.0;6.11;42.4;"J.C. Graf, 1993, "Lunar Soils Grain Size Catalog" NASA Reference Publication RP-1265"
Apollo 15;15220;"15221;57";;44.0;4.65;42.4;"J.C. Graf, 1993, "Lunar Soils Grain Size Catalog" NASA Reference Publication RP-1265"
Apollo 15;15220;"15221;57";;37.0;5.33;42.4;"J.C. Graf, 1993, "Lunar Soils Grain Size Catalog" NASA Reference Publication RP-1265"
Apollo 15;15220;"15221;57";;30.0;8.36;42.4;"J.C. Graf, 1993, "Lunar Soils Grain Size Catalog" NASA Reference Publication RP-1265"
Apollo 15;15220;"15221;57";;10.0;19.43;42.4;"J.C. Graf, 1993, "Lunar Soils Grain Size Catalog" NASA Reference Publication RP-1265"
Apollo 15;15220;"15221;57";;1.0;13.97;42.4;"J.C. Graf, 1993, "Lunar Soils Grain Size Catalog" NASA Reference Publication RP-1265"
Apollo 15;15220;"15221;58";;10000.0;0.0;55.77;"J.C. Graf, 1993, "Lunar Soils Grain Size Catalog" NASA Reference Publication RP-1265"
Apollo 15;15220;"15221;58";;4000.0;2.27;55.77;"J.C. Graf, 1993, "Lunar Soils Grain Size Catalog" NASA Reference Publication RP-1265"
Apollo 15;15220;"15221;58";;2000.0;1.88;55.77;"J.C. Graf, 1993, "Lunar Soils Grain Size Catalog" NASA Reference Publication RP-1265"
Apollo 15;15220;"15221;58";;1000.0;0.78;55.77;"J.C. Graf, 1993, "Lunar Soils Grain Size Catalog" NASA Reference Publication RP-1265"
Apollo 15;15220;"15221;58";;500.0;3.95;55.77;"J.C. Graf, 1993, "Lunar Soils Grain Size Catalog" NASA Reference Publication RP-1265"
Apollo 15;15220;"15221;58";;250.0;6.68;55.77;"J.C. Graf, 1993, "Lunar Soils Grain Size Catalog" NASA Reference Publication RP-1265"
Apollo 15;15220;"15221;58";;125.0;11.1;55.77;"J.C. Graf, 1993, "Lunar Soils Grain Size Catalog" NASA Reference Publication RP-1265"
Apollo 15;15220;"15221;58";;63.0;20.79;55.77;"J.C. Graf, 1993, "Lunar Soils Grain Size Catalog" NASA Reference Publication RP-1265"
Apollo 15;15220;"15221;58";;20.0;23.99;55.77;"J.C. Graf, 1993, "Lunar Soils Grain Size Catalog" NASA Reference Publication RP-1265"
Apollo 15;15220;"15221;58";;10.0;9.31;55.77;"J.C. Graf, 1993, "Lunar Soils Grain Size Catalog" NASA Reference Publication RP-1265"
Apollo 15;15220;"15221;58";;4.0;9.97;55.77;"J.C. Graf, 1993, "Lunar Soils Grain Size Catalog" NASA Reference Publication RP-1265"
Apollo 15;15220;"15221;58";;1.0;8.28;55.77;"J.C. Graf, 1993, "Lunar Soils Grain Size Catalog" NASA Reference Publication RP-1265"
Apollo 15;15220;"15221;68";;10000.0;0.0;53.37;"J.C. Graf, 1993, "Lunar Soils Grain Size Catalog" NASA Reference Publication RP-1265"
Apollo 15;15220;"15221;68";;4000.0;2.27;53.37;"J.C. Graf, 1993, "Lunar Soils Grain Size Catalog" NASA Reference Publication RP-1265"
Apollo 15;15220;"15221;68";;2000.0;1.88;53.37;"J.C. Graf, 1993, "Lunar Soils Grain Size Catalog" NASA Reference Publication RP-1265"
Apollo 15;15220;"15221;68";;1000.0;0.78;53.37;"J.C. Graf, 1993, "Lunar Soils Grain Size Catalog" NASA Reference Publication RP-1265"
Apollo 15;15220;"15221;68";;500.0;3.99;53.37;"J.C. Graf, 1993, "Lunar Soils Grain Size Catalog" NASA Reference Publication RP-1265"
Apollo 15;15220;"15221;68";;250.0;7.31;53.37;"J.C. Graf, 1993, "Lunar Soils Grain Size Catalog" NASA Reference Publication RP-1265"
Apollo 15;15220;"15221;68";;150.0;8.58;53.37;"J.C. Graf, 1993, "Lunar Soils Grain Size Catalog" NASA Reference Publication RP-1265"
Apollo 15;15220;"15221;68";;90.0;11.43;53.37;"J.C. Graf, 1993, "Lunar Soils Grain Size Catalog" NASA Reference Publication RP-1265"
Apollo 15;15220;"15221;68";;75.0;4.63;53.37;"J.C. Graf, 1993, "Lunar Soils Grain Size Catalog" NASA Reference Publication RP-1265"
Apollo 15;15220;"15221;68";;45.0;13.71;53.37;"J.C. Graf, 1993, "Lunar Soils Grain Size Catalog" NASA Reference Publication RP-1265"
Apollo 15;15220;"15221;68";;20.0;17.66;53.37;"J.C. Graf, 1993, "Lunar Soils Grain Size Catalog" NASA Reference Publication RP-1265"
Apollo 15;15220;"15221;68";;1.0;26.76;53.37;"J.C. Graf, 1993, "Lunar Soils Grain Size Catalog" NASA Reference Publication RP-1265"
Apollo 15;15230;"15231;63";;10000.0;0.0;52.03;"J.C. Graf, 1993, "Lunar Soils Grain Size Catalog" NASA Reference Publication RP-1265"
Apollo 15;15230;"15231;63";;4000.0;0.73;52.03;"J.C. Graf, 1993, "Lunar Soils Grain Size Catalog" NASA Reference Publication RP-1265"
Apollo 15;15230;"15231;63";;2000.0;1.53;52.03;"J.C. Graf, 1993, "Lunar Soils Grain Size Catalog" NASA Reference Publication RP-1265"
Apollo 15;15230;"15231;63";;1000.0;2.11;52.03;"J.C. Graf, 1993, "Lunar Soils Grain Size Catalog" NASA Reference Publication RP-1265"
Apollo 15;15230;"15231;63";;500.0;3.75;52.03;"J.C. Graf, 1993, "Lunar Soils Grain Size Catalog" NASA Reference Publication RP-1265"
Apollo 15;15230;"15231;63";;250.0;7.08;52.03;"J.C. Graf, 1993, "Lunar Soils Grain Size Catalog" NASA Reference Publication RP-1265"
Apollo 15;15230;"15231;63";;150.0;8.94;52.03;"J.C. Graf, 1993, "Lunar Soils Grain Size Catalog" NASA Reference Publication RP-1265"
Apollo 15;15230;"15231;63";;90.0;11.78;52.03;"J.C. Graf, 1993, "Lunar Soils Grain Size Catalog" NASA Reference Publication RP-1265"
Apollo 15;15230;"15231;63";;75.0;4.41;52.03;"J.C. Graf, 1993, "Lunar Soils Grain Size Catalog" NASA Reference Publication RP-1265"
Apollo 15;15230;"15231;63";;45.0;13.51;52.03;"J.C. Graf, 1993, "Lunar Soils Grain Size Catalog" NASA Reference Publication RP-1265"
Apollo 15;15230;"15231;63";;20.0;17.77;52.03;"J.C. Graf, 1993, "Lunar Soils Grain Size Catalog" NASA Reference Publication RP-1265"
Apollo 15;15230;"15231;63";;1.0;27.39;52.03;"J.C. Graf, 1993, "Lunar Soils Grain Size Catalog" NASA Reference Publication RP-1265"
Apollo 15;15230;"15231;67";;10000.0;0.0;47.83;"J.C. Graf, 1993, "Lunar Soils Grain Size Catalog" NASA Reference Publication RP-1265"
Apollo 15;15230;"15231;67";;4000.0;0.72;47.83;"J.C. Graf, 1993, "Lunar Soils Grain Size Catalog" NASA Reference Publication RP-1265"
Apollo 15;15230;"15231;67";;2000.0;1.54;47.83;"J.C. Graf, 1993, "Lunar Soils Grain Size Catalog" NASA Reference Publication RP-1265"
Apollo 15;15230;"15231;67";;1000.0;2.1;47.83;"J.C. Graf, 1993, "Lunar Soils Grain Size Catalog" NASA Reference Publication RP-1265"
Apollo 15;15230;"15231;67";;841.0;0.64;47.83;"J.C. Graf, 1993, "Lunar Soils Grain Size Catalog" NASA Reference Publication RP-1265"
Apollo 15;15230;"15231;67";;420.0;3.55;47.83;"J.C. Graf, 1993, "Lunar Soils Grain Size Catalog" NASA Reference Publication RP-1265"
Apollo 15;15230;"15231;67";;250.0;5.75;47.83;"J.C. Graf, 1993, "Lunar Soils Grain Size Catalog" NASA Reference Publication RP-1265"
Apollo 15;15230;"15231;67";;177.0;5.81;47.83;"J.C. Graf, 1993, "Lunar Soils Grain Size Catalog" NASA Reference Publication RP-1265"
Apollo 15;15230;"15231;67";;150.0;3.2;47.83;"J.C. Graf, 1993, "Lunar Soils Grain Size Catalog" NASA Reference Publication RP-1265"
Apollo 15;15230;"15231;67";;125.0;3.94;47.83;"J.C. Graf, 1993, "Lunar Soils Grain Size Catalog" NASA Reference Publication RP-1265"
Apollo 15;15230;"15231;67";;105.0;5.0;47.83;"J.C. Graf, 1993, "Lunar Soils Grain Size Catalog" NASA Reference Publication RP-1265"
Apollo 15;15230;"15231;67";;74.0;8.2;47.83;"J.C. Graf, 1993, "Lunar Soils Grain Size Catalog" NASA Reference Publication RP-1265"
Apollo 15;15230;"15231;67";;53.0;6.23;47.83;"J.C. Graf, 1993, "Lunar Soils Grain Size Catalog" NASA Reference Publication RP-1265"
Apollo 15;15230;"15231;67";;44.0;6.02;47.83;"J.C. Graf, 1993, "Lunar Soils Grain Size Catalog" NASA Reference Publication RP-1265"
Apollo 15;15230;"15231;67";;37.0;5.51;47.83;"J.C. Graf, 1993, "Lunar Soils Grain Size Catalog" NASA Reference Publication RP-1265"
Apollo 15;15230;"15231;67";;30.0;8.35;47.83;"J.C. Graf, 1993, "Lunar Soils Grain Size Catalog" NASA Reference Publication RP-1265"
Apollo 15;15230;"15231;67";;20.0;11.1;47.83;"J.C. Graf, 1993, "Lunar Soils Grain Size Catalog" NASA Reference Publication RP-1265"
Apollo 15;15230;"15231;67";;10.0;11.11;47.83;"J.C. Graf, 1993, "Lunar Soils Grain Size Catalog" NASA Reference Publication RP-1265"
Apollo 15;15230;"15231;67";;1.0;10.22;47.83;"J.C. Graf, 1993, "Lunar Soils Grain Size Catalog" NASA Reference Publication RP-1265"
Apollo 15;15240;"15241;1";;10000.0;0.0;104.15;"J.C. Graf, 1993, "Lunar Soils Grain Size Catalog" NASA Reference Publication RP-1265"
Apollo 15;15240;"15241;1";;4000.0;11.48;104.15;"J.C. Graf, 1993, "Lunar Soils Grain Size Catalog" NASA Reference Publication RP-1265"
Apollo 15;15240;"15241;1";;2000.0;11.29;104.15;"J.C. Graf, 1993, "Lunar Soils Grain Size Catalog" NASA Reference Publication RP-1265"
Apollo 15;15240;"15241;1";;1000.0;6.43;104.15;"J.C. Graf, 1993, "Lunar Soils Grain Size Catalog" NASA Reference Publication RP-1265"
Apollo 15;15240;"15241;1";;500.0;5.05;104.15;"J.C. Graf, 1993, "Lunar Soils Grain Size Catalog" NASA Reference Publication RP-1265"
Apollo 15;15240;"15241;1";;250.0;4.16;104.15;"J.C. Graf, 1993, "Lunar Soils Grain Size Catalog" NASA Reference Publication RP-1265"
Apollo 15;15240;"15241;1";;125.0;9.01;104.15;"J.C. Graf, 1993, "Lunar Soils Grain Size Catalog" NASA Reference Publication RP-1265"
Apollo 15;15240;"15241;1";;62.5;9.8;104.15;"J.C. Graf, 1993, "Lunar Soils Grain Size Catalog" NASA Reference Publication RP-1265"
Apollo 15;15240;"15241;1";;44.0;6.93;104.15;"J.C. Graf, 1993, "Lunar Soils Grain Size Catalog" NASA Reference Publication RP-1265"
Apollo 15;15240;"15241;1";;1.0;34.85;104.15;"J.C. Graf, 1993, "Lunar Soils Grain Size Catalog" NASA Reference Publication RP-1265"
Apollo 15;15250;"15251;29";;10000.0;0.0;50.09;"J.C. Graf, 1993, "Lunar Soils Grain Size Catalog" NASA Reference Publication RP-1265"
Apollo 15;15250;"15251;29";;4000.0;0.3;50.09;"J.C. Graf, 1993, "Lunar Soils Grain Size Catalog" NASA Reference Publication RP-1265"
Apollo 15;15250;"15251;29";;2000.0;1.0;50.09;"J.C. Graf, 1993, "Lunar Soils Grain Size Catalog" NASA Reference Publication RP-1265"
Apollo 15;15250;"15251;29";;1000.0;2.08;50.09;"J.C. Graf, 1993, "Lunar Soils Grain Size Catalog" NASA Reference Publication RP-1265"
Apollo 15;15250;"15251;29";;500.0;3.57;50.09;"J.C. Graf, 1993, "Lunar Soils Grain Size Catalog" NASA Reference Publication RP-1265"
Apollo 15;15250;"15251;29";;250.0;6.98;50.09;"J.C. Graf, 1993, "Lunar Soils Grain Size Catalog" NASA Reference Publication RP-1265"
Apollo 15;15250;"15251;29";;150.0;8.66;50.09;"J.C. Graf, 1993, "Lunar Soils Grain Size Catalog" NASA Reference Publication RP-1265"
Apollo 15;15250;"15251;29";;90.0;11.55;50.09;"J.C. Graf, 1993, "Lunar Soils Grain Size Catalog" NASA Reference Publication RP-1265"
Apollo 15;15250;"15251;29";;75.0;4.64;50.09;"J.C. Graf, 1993, "Lunar Soils Grain Size Catalog" NASA Reference Publication RP-1265"
Apollo 15;15250;"15251;29";;45.0;14.2;50.09;"J.C. Graf, 1993, "Lunar Soils Grain Size Catalog" NASA Reference Publication RP-1265"
Apollo 15;15250;"15251;29";;20.0;18.87;50.09;"J.C. Graf, 1993, "Lunar Soils Grain Size Catalog" NASA Reference Publication RP-1265"
Apollo 15;15250;"15251;29";;1.0;27.15;50.09;"J.C. Graf, 1993, "Lunar Soils Grain Size Catalog" NASA Reference Publication RP-1265"
Apollo 15;15260;"15261;1";;10000.0;0.0;52.98;"J.C. Graf, 1993, "Lunar Soils Grain Size Catalog" NASA Reference Publication RP-1265"
Apollo 15;15260;"15261;1";;4000.0;1.29;52.98;"J.C. Graf, 1993, "Lunar Soils Grain Size Catalog" NASA Reference Publication RP-1265"
Apollo 15;15260;"15261;1";;2000.0;1.58;52.98;"J.C. Graf, 1993, "Lunar Soils Grain Size Catalog" NASA Reference Publication RP-1265"
Apollo 15;15260;"15261;1";;1000.0;1.98;52.98;"J.C. Graf, 1993, "Lunar Soils Grain Size Catalog" NASA Reference Publication RP-1265"
Apollo 15;15260;"15261;1";;500.0;0.5;52.98;"J.C. Graf, 1993, "Lunar Soils Grain Size Catalog" NASA Reference Publication RP-1265"
Apollo 15;15260;"15261;1";;250.0;8.02;52.98;"J.C. Graf, 1993, "Lunar Soils Grain Size Catalog" NASA Reference Publication RP-1265"
Apollo 15;15260;"15261;1";;125.0;13.76;52.98;"J.C. Graf, 1993, "Lunar Soils Grain Size Catalog" NASA Reference Publication RP-1265"
Apollo 15;15260;"15261;1";;62.5;17.23;52.98;"J.C. Graf, 1993, "Lunar Soils Grain Size Catalog" NASA Reference Publication RP-1265"
Apollo 15;15260;"15261;1";;44.0;11.98;52.98;"J.C. Graf, 1993, "Lunar Soils Grain Size Catalog" NASA Reference Publication RP-1265"
Apollo 15;15260;"15261;1";;1.0;42.67;52.98;"J.C. Graf, 1993, "Lunar Soils Grain Size Catalog" NASA Reference Publication RP-1265"
Apollo 15;15265;"15265;71";;10000.0;0.0;53.9;"J.C. Graf, 1993, "Lunar Soils Grain Size Catalog" NASA Reference Publication RP-1265"
Apollo 15;15265;"15265;71";;4000.0;1.02;53.9;"J.C. Graf, 1993, "Lunar Soils Grain Size Catalog" NASA Reference Publication RP-1265"
Apollo 15;15265;"15265;71";;2000.0;1.51;53.9;"J.C. Graf, 1993, "Lunar Soils Grain Size Catalog" NASA Reference Publication RP-1265"
Apollo 15;15265;"15265;71";;1000.0;2.04;53.9;"J.C. Graf, 1993, "Lunar Soils Grain Size Catalog" NASA Reference Publication RP-1265"
Apollo 15;15265;"15265;71";;500.0;2.38;53.9;"J.C. Graf, 1993, "Lunar Soils Grain Size Catalog" NASA Reference Publication RP-1265"
Apollo 15;15265;"15265;71";;250.0;3.46;53.9;"J.C. Graf, 1993, "Lunar Soils Grain Size Catalog" NASA Reference Publication RP-1265"
Apollo 15;15265;"15265;71";;150.0;6.49;53.9;"J.C. Graf, 1993, "Lunar Soils Grain Size Catalog" NASA Reference Publication RP-1265"
Apollo 15;15265;"15265;71";;90.0;12.2;53.9;"J.C. Graf, 1993, "Lunar Soils Grain Size Catalog" NASA Reference Publication RP-1265"
Apollo 15;15265;"15265;71";;45.0;28.26;53.9;"J.C. Graf, 1993, "Lunar Soils Grain Size Catalog" NASA Reference Publication RP-1265"
Apollo 15;15265;"15265;71";;20.0;19.2;53.9;"J.C. Graf, 1993, "Lunar Soils Grain Size Catalog" NASA Reference Publication RP-1265"
Apollo 15;15265;"15265;71";;1.0;22.44;53.9;"J.C. Graf, 1993, "Lunar Soils Grain Size Catalog" NASA Reference Publication RP-1265"
Apollo 15;15270;"15271;111";;10000.0;0.0;47.77;"J.C. Graf, 1993, "Lunar Soils Grain Size Catalog" NASA Reference Publication RP-1265"
Apollo 15;15270;"15271;111";;4000.0;0.52;47.77;"J.C. Graf, 1993, "Lunar Soils Grain Size Catalog" NASA Reference Publication RP-1265"
Apollo 15;15270;"15271;111";;2000.0;1.62;47.77;"J.C. Graf, 1993, "Lunar Soils Grain Size Catalog" NASA Reference Publication RP-1265"
Apollo 15;15270;"15271;111";;1000.0;2.45;47.77;"J.C. Graf, 1993, "Lunar Soils Grain Size Catalog" NASA Reference Publication RP-1265"
Apollo 15;15270;"15271;111";;500.0;4.81;47.77;"J.C. Graf, 1993, "Lunar Soils Grain Size Catalog" NASA Reference Publication RP-1265"
Apollo 15;15270;"15271;111";;200.0;10.28;47.77;"J.C. Graf, 1993, "Lunar Soils Grain Size Catalog" NASA Reference Publication RP-1265"
Apollo 15;15270;"15271;111";;90.0;15.19;47.77;"J.C. Graf, 1993, "Lunar Soils Grain Size Catalog" NASA Reference Publication RP-1265"
Apollo 15;15270;"15271;111";;60.0;9.9;47.77;"J.C. Graf, 1993, "Lunar Soils Grain Size Catalog" NASA Reference Publication RP-1265"
Apollo 15;15270;"15271;111";;45.0;6.6;47.77;"J.C. Graf, 1993, "Lunar Soils Grain Size Catalog" NASA Reference Publication RP-1265"
Apollo 15;15270;"15271;111";;30.0;10.94;47.77;"J.C. Graf, 1993, "Lunar Soils Grain Size Catalog" NASA Reference Publication RP-1265"
Apollo 15;15270;"15271;111";;20.0;8.58;47.77;"J.C. Graf, 1993, "Lunar Soils Grain Size Catalog" NASA Reference Publication RP-1265"
Apollo 15;15270;"15271;111";;10.0;19.9;47.77;"J.C. Graf, 1993, "Lunar Soils Grain Size Catalog" NASA Reference Publication RP-1265"
Apollo 15;15270;"15271;111";;5.0;7.07;47.77;"J.C. Graf, 1993, "Lunar Soils Grain Size Catalog" NASA Reference Publication RP-1265"
Apollo 15;15270;"15271;111";;1.0;1.13;47.77;"J.C. Graf, 1993, "Lunar Soils Grain Size Catalog" NASA Reference Publication RP-1265"
Apollo 15;15270;"15271;115";;10000.0;0.0;57.55;"J.C. Graf, 1993, "Lunar Soils Grain Size Catalog" NASA Reference Publication RP-1265"
Apollo 15;15270;"15271;115";;4000.0;0.52;57.55;"J.C. Graf, 1993, "Lunar Soils Grain Size Catalog" NASA Reference Publication RP-1265"
Apollo 15;15270;"15271;115";;2000.0;1.62;57.55;"J.C. Graf, 1993, "Lunar Soils Grain Size Catalog" NASA Reference Publication RP-1265"
Apollo 15;15270;"15271;115";;1000.0;2.45;57.55;"J.C. Graf, 1993, "Lunar Soils Grain Size Catalog" NASA Reference Publication RP-1265"
Apollo 15;15270;"15271;115";;500.0;4.85;57.55;"J.C. Graf, 1993, "Lunar Soils Grain Size Catalog" NASA Reference Publication RP-1265"
Apollo 15;15270;"15271;115";;250.0;7.8;57.55;"J.C. Graf, 1993, "Lunar Soils Grain Size Catalog" NASA Reference Publication RP-1265"
Apollo 15;15270;"15271;115";;150.0;8.96;57.55;"J.C. Graf, 1993, "Lunar Soils Grain Size Catalog" NASA Reference Publication RP-1265"
Apollo 15;15270;"15271;115";;90.0;12.46;57.55;"J.C. Graf, 1993, "Lunar Soils Grain Size Catalog" NASA Reference Publication RP-1265"
Apollo 15;15270;"15271;115";;75.0;4.42;57.55;"J.C. Graf, 1993, "Lunar Soils Grain Size Catalog" NASA Reference Publication RP-1265"
Apollo 15;15270;"15271;115";;45.0;13.35;57.55;"J.C. Graf, 1993, "Lunar Soils Grain Size Catalog" NASA Reference Publication RP-1265"
Apollo 15;15270;"15271;115";;20.0;19.46;57.55;"J.C. Graf, 1993, "Lunar Soils Grain Size Catalog" NASA Reference Publication RP-1265"
Apollo 15;15270;"15271;115";;1.0;23.12;57.55;"J.C. Graf, 1993, "Lunar Soils Grain Size Catalog" NASA Reference Publication RP-1265"
Apollo 15;15290;"15291;1";;10000.0;0.0;83.49;"J.C. Graf, 1993, "Lunar Soils Grain Size Catalog" NASA Reference Publication RP-1265"
Apollo 15;15290;"15291;1";;4000.0;5.25;83.49;"J.C. Graf, 1993, "Lunar Soils Grain Size Catalog" NASA Reference Publication RP-1265"
Apollo 15;15290;"15291;1";;2000.0;3.46;83.49;"J.C. Graf, 1993, "Lunar Soils Grain Size Catalog" NASA Reference Publication RP-1265"
Apollo 15;15290;"15291;1";;1000.0;2.77;83.49;"J.C. Graf, 1993, "Lunar Soils Grain Size Catalog" NASA Reference Publication RP-1265"
Apollo 15;15290;"15291;1";;500.0;5.05;83.49;"J.C. Graf, 1993, "Lunar Soils Grain Size Catalog" NASA Reference Publication RP-1265"
Apollo 15;15290;"15291;1";;250.0;12.67;83.49;"J.C. Graf, 1993, "Lunar Soils Grain Size Catalog" NASA Reference Publication RP-1265"
Apollo 15;15290;"15291;1";;125.0;11.98;83.49;"J.C. Graf, 1993, "Lunar Soils Grain Size Catalog" NASA Reference Publication RP-1265"
Apollo 15;15290;"15291;1";;62.5;15.15;83.49;"J.C. Graf, 1993, "Lunar Soils Grain Size Catalog" NASA Reference Publication RP-1265"
Apollo 15;15290;"15291;1";;44.0;8.61;83.49;"J.C. Graf, 1993, "Lunar Soils Grain Size Catalog" NASA Reference Publication RP-1265"
Apollo 15;15290;"15291;1";;1.0;34.06;83.49;"J.C. Graf, 1993, "Lunar Soils Grain Size Catalog" NASA Reference Publication RP-1265"
Apollo 15;15290;"15291;54";;10000.0;0.0;55.18;"J.C. Graf, 1993, "Lunar Soils Grain Size Catalog" NASA Reference Publication RP-1265"
Apollo 15;15290;"15291;54";;4000.0;5.28;55.18;"J.C. Graf, 1993, "Lunar Soils Grain Size Catalog" NASA Reference Publication RP-1265"
Apollo 15;15290;"15291;54";;2000.0;3.47;55.18;"J.C. Graf, 1993, "Lunar Soils Grain Size Catalog" NASA Reference Publication RP-1265"
Apollo 15;15290;"15291;54";;1000.0;2.79;55.18;"J.C. Graf, 1993, "Lunar Soils Grain Size Catalog" NASA Reference Publication RP-1265"
Apollo 15;15290;"15291;54";;500.0;4.72;55.18;"J.C. Graf, 1993, "Lunar Soils Grain Size Catalog" NASA Reference Publication RP-1265"
Apollo 15;15290;"15291;54";;250.0;7.43;55.18;"J.C. Graf, 1993, "Lunar Soils Grain Size Catalog" NASA Reference Publication RP-1265"
Apollo 15;15290;"15291;54";;125.0;9.18;55.18;"J.C. Graf, 1993, "Lunar Soils Grain Size Catalog" NASA Reference Publication RP-1265"
Apollo 15;15290;"15291;54";;63.0;14.87;55.18;"J.C. Graf, 1993, "Lunar Soils Grain Size Catalog" NASA Reference Publication RP-1265"
Apollo 15;15290;"15291;54";;20.0;19.559;55.18;"J.C. Graf, 1993, "Lunar Soils Grain Size Catalog" NASA Reference Publication RP-1265"
Apollo 15;15290;"15291;54";;10.0;7.96;55.18;"J.C. Graf, 1993, "Lunar Soils Grain Size Catalog" NASA Reference Publication RP-1265"
Apollo 15;15290;"15291;54";;4.0;9.71;55.18;"J.C. Graf, 1993, "Lunar Soils Grain Size Catalog" NASA Reference Publication RP-1265"
Apollo 15;15290;"15291;54";;1.0;13.99;55.18;"J.C. Graf, 1993, "Lunar Soils Grain Size Catalog" NASA Reference Publication RP-1265"
Apollo 15;15290;"15291;54";;5.0;7.07;55.18;"J.C. Graf, 1993, "Lunar Soils Grain Size Catalog" NASA Reference Publication RP-1265"
Apollo 15;15290;"15291;54";;1.0;1.13;55.18;"J.C. Graf, 1993, "Lunar Soils Grain Size Catalog" NASA Reference Publication RP-1265"
Apollo 15;15300;"15301;120";;10000.0;0.0;65.91;"J.C. Graf, 1993, "Lunar Soils Grain Size Catalog" NASA Reference Publication RP-1265"
Apollo 15;15300;"15301;120";;4000.0;0.85;65.91;"J.C. Graf, 1993, "Lunar Soils Grain Size Catalog" NASA Reference Publication RP-1265"
Apollo 15;15300;"15301;120";;2000.0;1.48;65.91;"J.C. Graf, 1993, "Lunar Soils Grain Size Catalog" NASA Reference Publication RP-1265"
Apollo 15;15300;"15301;120";;1000.0;2.69;65.91;"J.C. Graf, 1993, "Lunar Soils Grain Size Catalog" NASA Reference Publication RP-1265"
Apollo 15;15300;"15301;120";;500.0;4.35;65.91;"J.C. Graf, 1993, "Lunar Soils Grain Size Catalog" NASA Reference Publication RP-1265"
Apollo 15;15300;"15301;120";;250.0;7.44;65.91;"J.C. Graf, 1993, "Lunar Soils Grain Size Catalog" NASA Reference Publication RP-1265"
Apollo 15;15300;"15301;120";;150.0;10.11;65.91;"J.C. Graf, 1993, "Lunar Soils Grain Size Catalog" NASA Reference Publication RP-1265"
Apollo 15;15300;"15301;120";;90.0;14.45;65.91;"J.C. Graf, 1993, "Lunar Soils Grain Size Catalog" NASA Reference Publication RP-1265"
Apollo 15;15300;"15301;120";;75.0;5.0;65.91;"J.C. Graf, 1993, "Lunar Soils Grain Size Catalog" NASA Reference Publication RP-1265"
Apollo 15;15300;"15301;120";;45.0;14.36;65.91;"J.C. Graf, 1993, "Lunar Soils Grain Size Catalog" NASA Reference Publication RP-1265"
Apollo 15;15300;"15301;120";;20.0;17.56;65.91;"J.C. Graf, 1993, "Lunar Soils Grain Size Catalog" NASA Reference Publication RP-1265"
Apollo 15;15300;"15301;120";;1.0;20.7;65.91;"J.C. Graf, 1993, "Lunar Soils Grain Size Catalog" NASA Reference Publication RP-1265"
Apollo 15;15400;"15401;14";;10000.0;0.0;78.26;"J.C. Graf, 1993, "Lunar Soils Grain Size Catalog" NASA Reference Publication RP-1265"
Apollo 15;15400;"15401;14";;4000.0;7.44;78.26;"J.C. Graf, 1993, "Lunar Soils Grain Size Catalog" NASA Reference Publication RP-1265"
Apollo 15;15400;"15401;14";;2000.0;5.74;78.26;"J.C. Graf, 1993, "Lunar Soils Grain Size Catalog" NASA Reference Publication RP-1265"
Apollo 15;15400;"15401;14";;1000.0;4.51;78.26;"J.C. Graf, 1993, "Lunar Soils Grain Size Catalog" NASA Reference Publication RP-1265"
Apollo 15;15400;"15401;14";;500.0;4.73;78.26;"J.C. Graf, 1993, "Lunar Soils Grain Size Catalog" NASA Reference Publication RP-1265"
Apollo 15;15400;"15401;14";;250.0;6.26;78.26;"J.C. Graf, 1993, "Lunar Soils Grain Size Catalog" NASA Reference Publication RP-1265"
Apollo 15;15400;"15401;14";;150.0;7.83;78.26;"J.C. Graf, 1993, "Lunar Soils Grain Size Catalog" NASA Reference Publication RP-1265"
Apollo 15;15400;"15401;14";;90.0;10.04;78.26;"J.C. Graf, 1993, "Lunar Soils Grain Size Catalog" NASA Reference Publication RP-1265"
Apollo 15;15400;"15401;14";;75.0;4.5;78.26;"J.C. Graf, 1993, "Lunar Soils Grain Size Catalog" NASA Reference Publication RP-1265"
Apollo 15;15400;"15401;14";;45.0;13.0;78.26;"J.C. Graf, 1993, "Lunar Soils Grain Size Catalog" NASA Reference Publication RP-1265"
Apollo 15;15400;"15401;14";;20.0;15.5;78.26;"J.C. Graf, 1993, "Lunar Soils Grain Size Catalog" NASA Reference Publication RP-1265"
Apollo 15;15400;"15401;14";;1.0;19.45;78.26;"J.C. Graf, 1993, "Lunar Soils Grain Size Catalog" NASA Reference Publication RP-1265"
Apollo 15;15400;"15401;61";;10000.0;0.0;88.81;"J.C. Graf, 1993, "Lunar Soils Grain Size Catalog" NASA Reference Publication RP-1265"
Apollo 15;15400;"15401;61";;4000.0;7.43;88.81;"J.C. Graf, 1993, "Lunar Soils Grain Size Catalog" NASA Reference Publication RP-1265"
Apollo 15;15400;"15401;61";;2000.0;5.74;88.81;"J.C. Graf, 1993, "Lunar Soils Grain Size Catalog" NASA Reference Publication RP-1265"
Apollo 15;15400;"15401;61";;1000.0;4.51;88.81;"J.C. Graf, 1993, "Lunar Soils Grain Size Catalog" NASA Reference Publication RP-1265"
Apollo 15;15400;"15401;61";;500.0;3.76;88.81;"J.C. Graf, 1993, "Lunar Soils Grain Size Catalog" NASA Reference Publication RP-1265"
Apollo 15;15400;"15401;61";;250.0;7.47;88.81;"J.C. Graf, 1993, "Lunar Soils Grain Size Catalog" NASA Reference Publication RP-1265"
Apollo 15;15400;"15401;61";;150.0;8.21;88.81;"J.C. Graf, 1993, "Lunar Soils Grain Size Catalog" NASA Reference Publication RP-1265"
Apollo 15;15400;"15401;61";;90.0;12.57;88.81;"J.C. Graf, 1993, "Lunar Soils Grain Size Catalog" NASA Reference Publication RP-1265"
Apollo 15;15400;"15401;61";;60.0;9.41;88.81;"J.C. Graf, 1993, "Lunar Soils Grain Size Catalog" NASA Reference Publication RP-1265"
Apollo 15;15400;"15401;61";;45.0;5.36;88.81;"J.C. Graf, 1993, "Lunar Soils Grain Size Catalog" NASA Reference Publication RP-1265"
Apollo 15;15400;"15401;61";;30.0;8.96;88.81;"J.C. Graf, 1993, "Lunar Soils Grain Size Catalog" NASA Reference Publication RP-1265"
Apollo 15;15400;"15401;61";;20.0;8.56;88.81;"J.C. Graf, 1993, "Lunar Soils Grain Size Catalog" NASA Reference Publication RP-1265"
Apollo 15;15400;"15401;61";;15.6;4.76;88.81;"J.C. Graf, 1993, "Lunar Soils Grain Size Catalog" NASA Reference Publication RP-1265"
Apollo 15;15400;"15401;61";;7.8;7.82;88.81;"J.C. Graf, 1993, "Lunar Soils Grain Size Catalog" NASA Reference Publication RP-1265"
Apollo 15;15400;"15401;61";;3.9;3.91;88.81;"J.C. Graf, 1993, "Lunar Soils Grain Size Catalog" NASA Reference Publication RP-1265"
Apollo 15;15400;"15401;61";;2.0;0.46;88.81;"J.C. Graf, 1993, "Lunar Soils Grain Size Catalog" NASA Reference Publication RP-1265"
Apollo 15;15400;"15401;61";;1.0;0.05;88.81;"J.C. Graf, 1993, "Lunar Soils Grain Size Catalog" NASA Reference Publication RP-1265"
Apollo 15;15410;"15411;42";;10000.0;0.0;86.84;"J.C. Graf, 1993, "Lunar Soils Grain Size Catalog" NASA Reference Publication RP-1265"
Apollo 15;15410;"15411;42";;4000.0;3.27;86.84;"J.C. Graf, 1993, "Lunar Soils Grain Size Catalog" NASA Reference Publication RP-1265"
Apollo 15;15410;"15411;42";;2000.0;5.47;86.84;"J.C. Graf, 1993, "Lunar Soils Grain Size Catalog" NASA Reference Publication RP-1265"
Apollo 15;15410;"15411;42";;1000.0;5.8;86.84;"J.C. Graf, 1993, "Lunar Soils Grain Size Catalog" NASA Reference Publication RP-1265"
Apollo 15;15410;"15411;42";;500.0;6.8;86.84;"J.C. Graf, 1993, "Lunar Soils Grain Size Catalog" NASA Reference Publication RP-1265"
Apollo 15;15410;"15411;42";;250.0;8.54;86.84;"J.C. Graf, 1993, "Lunar Soils Grain Size Catalog" NASA Reference Publication RP-1265"
Apollo 15;15410;"15411;42";;150.0;8.75;86.84;"J.C. Graf, 1993, "Lunar Soils Grain Size Catalog" NASA Reference Publication RP-1265"
Apollo 15;15410;"15411;42";;90.0;10.56;86.84;"J.C. Graf, 1993, "Lunar Soils Grain Size Catalog" NASA Reference Publication RP-1265"
Apollo 15;15410;"15411;42";;75.0;4.13;86.84;"J.C. Graf, 1993, "Lunar Soils Grain Size Catalog" NASA Reference Publication RP-1265"
Apollo 15;15410;"15411;42";;45.0;11.66;86.84;"J.C. Graf, 1993, "Lunar Soils Grain Size Catalog" NASA Reference Publication RP-1265"
Apollo 15;15410;"15411;42";;20.0;14.62;86.84;"J.C. Graf, 1993, "Lunar Soils Grain Size Catalog" NASA Reference Publication RP-1265"
Apollo 15;15410;"15411;42";;1.0;19.38;86.84;"J.C. Graf, 1993, "Lunar Soils Grain Size Catalog" NASA Reference Publication RP-1265"
Apollo 15;15430;"15431;17";;10000.0;0.0;101.84;"J.C. Graf, 1993, "Lunar Soils Grain Size Catalog" NASA Reference Publication RP-1265"
Apollo 15;15430;"15431;17";;4000.0;8.54;101.84;"J.C. Graf, 1993, "Lunar Soils Grain Size Catalog" NASA Reference Publication RP-1265"
Apollo 15;15430;"15431;17";;2000.0;5.17;101.84;"J.C. Graf, 1993, "Lunar Soils Grain Size Catalog" NASA Reference Publication RP-1265"
Apollo 15;15430;"15431;17";;1000.0;6.57;101.84;"J.C. Graf, 1993, "Lunar Soils Grain Size Catalog" NASA Reference Publication RP-1265"
Apollo 15;15430;"15431;17";;500.0;6.54;101.84;"J.C. Graf, 1993, "Lunar Soils Grain Size Catalog" NASA Reference Publication RP-1265"
Apollo 15;15430;"15431;17";;250.0;8.6;101.84;"J.C. Graf, 1993, "Lunar Soils Grain Size Catalog" NASA Reference Publication RP-1265"
Apollo 15;15430;"15431;17";;150.0;7.75;101.84;"J.C. Graf, 1993, "Lunar Soils Grain Size Catalog" NASA Reference Publication RP-1265"
Apollo 15;15430;"15431;17";;90.0;9.01;101.84;"J.C. Graf, 1993, "Lunar Soils Grain Size Catalog" NASA Reference Publication RP-1265"
Apollo 15;15430;"15431;17";;75.0;3.5;101.84;"J.C. Graf, 1993, "Lunar Soils Grain Size Catalog" NASA Reference Publication RP-1265"
Apollo 15;15430;"15431;17";;45.0;10.03;101.84;"J.C. Graf, 1993, "Lunar Soils Grain Size Catalog" NASA Reference Publication RP-1265"
Apollo 15;15430;"15431;17";;20.0;13.57;101.84;"J.C. Graf, 1993, "Lunar Soils Grain Size Catalog" NASA Reference Publication RP-1265"
Apollo 15;15430;"15431;17";;1.0;19.71;101.84;"J.C. Graf, 1993, "Lunar Soils Grain Size Catalog" NASA Reference Publication RP-1265"
Apollo 15;15470;"15471;18";;10000.0;0.0;79.44;"J.C. Graf, 1993, "Lunar Soils Grain Size Catalog" NASA Reference Publication RP-1265"
Apollo 15;15470;"15471;18";;4000.0;2.76;79.44;"J.C. Graf, 1993, "Lunar Soils Grain Size Catalog" NASA Reference Publication RP-1265"
Apollo 15;15470;"15471;18";;2000.0;2.64;79.44;"J.C. Graf, 1993, "Lunar Soils Grain Size Catalog" NASA Reference Publication RP-1265"
Apollo 15;15470;"15471;18";;1000.0;3.58;79.44;"J.C. Graf, 1993, "Lunar Soils Grain Size Catalog" NASA Reference Publication RP-1265"
Apollo 15;15470;"15471;18";;500.0;4.43;79.44;"J.C. Graf, 1993, "Lunar Soils Grain Size Catalog" NASA Reference Publication RP-1265"
Apollo 15;15470;"15471;18";;250.0;9.46;79.44;"J.C. Graf, 1993, "Lunar Soils Grain Size Catalog" NASA Reference Publication RP-1265"
Apollo 15;15470;"15471;18";;150.0;10.7;79.44;"J.C. Graf, 1993, "Lunar Soils Grain Size Catalog" NASA Reference Publication RP-1265"
Apollo 15;15470;"15471;18";;90.0;13.11;79.44;"J.C. Graf, 1993, "Lunar Soils Grain Size Catalog" NASA Reference Publication RP-1265"
Apollo 15;15470;"15471;18";;75.0;4.85;79.44;"J.C. Graf, 1993, "Lunar Soils Grain Size Catalog" NASA Reference Publication RP-1265"
Apollo 15;15470;"15471;18";;45.0;13.76;79.44;"J.C. Graf, 1993, "Lunar Soils Grain Size Catalog" NASA Reference Publication RP-1265"
Apollo 15;15470;"15471;18";;20.0;14.89;79.44;"J.C. Graf, 1993, "Lunar Soils Grain Size Catalog" NASA Reference Publication RP-1265"
Apollo 15;15470;"15471;18";;1.0;18.81;79.44;"J.C. Graf, 1993, "Lunar Soils Grain Size Catalog" NASA Reference Publication RP-1265"
Apollo 15;15470;"15471;48";;10000.0;0.0;74.34;"J.C. Graf, 1993, "Lunar Soils Grain Size Catalog" NASA Reference Publication RP-1265"
Apollo 15;15470;"15471;48";;4000.0;2.76;74.34;"J.C. Graf, 1993, "Lunar Soils Grain Size Catalog" NASA Reference Publication RP-1265"
Apollo 15;15470;"15471;48";;2000.0;2.65;74.34;"J.C. Graf, 1993, "Lunar Soils Grain Size Catalog" NASA Reference Publication RP-1265"
Apollo 15;15470;"15471;48";;1000.0;3.59;74.34;"J.C. Graf, 1993, "Lunar Soils Grain Size Catalog" NASA Reference Publication RP-1265"
Apollo 15;15470;"15471;48";;500.0;3.6;74.34;"J.C. Graf, 1993, "Lunar Soils Grain Size Catalog" NASA Reference Publication RP-1265"
Apollo 15;15470;"15471;48";;250.0;8.19;74.34;"J.C. Graf, 1993, "Lunar Soils Grain Size Catalog" NASA Reference Publication RP-1265"
Apollo 15;15470;"15471;48";;125.0;14.67;74.34;"J.C. Graf, 1993, "Lunar Soils Grain Size Catalog" NASA Reference Publication RP-1265"
Apollo 15;15470;"15471;48";;63.0;19.17;74.34;"J.C. Graf, 1993, "Lunar Soils Grain Size Catalog" NASA Reference Publication RP-1265"
Apollo 15;15470;"15471;48";;20.0;22.14;74.34;"J.C. Graf, 1993, "Lunar Soils Grain Size Catalog" NASA Reference Publication RP-1265"
Apollo 15;15470;"15471;48";;10.0;6.39;74.34;"J.C. Graf, 1993, "Lunar Soils Grain Size Catalog" NASA Reference Publication RP-1265"
Apollo 15;15470;"15471;48";;4.0;9.63;74.34;"J.C. Graf, 1993, "Lunar Soils Grain Size Catalog" NASA Reference Publication RP-1265"
Apollo 15;15470;"15471;48";;1.0;6.21;74.34;"J.C. Graf, 1993, "Lunar Soils Grain Size Catalog" NASA Reference Publication RP-1265"
Apollo 15;15470;"15471;48";;5.0;7.07;74.34;"J.C. Graf, 1993, "Lunar Soils Grain Size Catalog" NASA Reference Publication RP-1265"
Apollo 15;15470;"15471;48";;1.0;1.13;74.34;"J.C. Graf, 1993, "Lunar Soils Grain Size Catalog" NASA Reference Publication RP-1265"
Apollo 15;15500;"15501;44";;10000.0;0.0;68.27;"J.C. Graf, 1993, "Lunar Soils Grain Size Catalog" NASA Reference Publication RP-1265"
Apollo 15;15500;"15501;44";;4000.0;3.52;68.27;"J.C. Graf, 1993, "Lunar Soils Grain Size Catalog" NASA Reference Publication RP-1265"
Apollo 15;15500;"15501;44";;2000.0;3.27;68.27;"J.C. Graf, 1993, "Lunar Soils Grain Size Catalog" NASA Reference Publication RP-1265"
Apollo 15;15500;"15501;44";;1000.0;3.78;68.27;"J.C. Graf, 1993, "Lunar Soils Grain Size Catalog" NASA Reference Publication RP-1265"
Apollo 15;15500;"15501;44";;500.0;4.35;68.27;"J.C. Graf, 1993, "Lunar Soils Grain Size Catalog" NASA Reference Publication RP-1265"
Apollo 15;15500;"15501;44";;250.0;7.72;68.27;"J.C. Graf, 1993, "Lunar Soils Grain Size Catalog" NASA Reference Publication RP-1265"
Apollo 15;15500;"15501;44";;150.0;8.67;68.27;"J.C. Graf, 1993, "Lunar Soils Grain Size Catalog" NASA Reference Publication RP-1265"
Apollo 15;15500;"15501;44";;90.0;11.97;68.27;"J.C. Graf, 1993, "Lunar Soils Grain Size Catalog" NASA Reference Publication RP-1265"
Apollo 15;15500;"15501;44";;75.0;4.41;68.27;"J.C. Graf, 1993, "Lunar Soils Grain Size Catalog" NASA Reference Publication RP-1265"
Apollo 15;15500;"15501;44";;45.0;12.55;68.27;"J.C. Graf, 1993, "Lunar Soils Grain Size Catalog" NASA Reference Publication RP-1265"
Apollo 15;15500;"15501;44";;20.0;17.86;68.27;"J.C. Graf, 1993, "Lunar Soils Grain Size Catalog" NASA Reference Publication RP-1265"
Apollo 15;15500;"15501;44";;1.0;20.9;68.27;"J.C. Graf, 1993, "Lunar Soils Grain Size Catalog" NASA Reference Publication RP-1265"
Apollo 15;15530;"15531;54";;10000.0;0.0;102.96;"J.C. Graf, 1993, "Lunar Soils Grain Size Catalog" NASA Reference Publication RP-1265"
Apollo 15;15530;"15531;54";;4000.0;3.86;102.96;"J.C. Graf, 1993, "Lunar Soils Grain Size Catalog" NASA Reference Publication RP-1265"
Apollo 15;15530;"15531;54";;2000.0;3.48;102.96;"J.C. Graf, 1993, "Lunar Soils Grain Size Catalog" NASA Reference Publication RP-1265"
Apollo 15;15530;"15531;54";;1000.0;4.06;102.96;"J.C. Graf, 1993, "Lunar Soils Grain Size Catalog" NASA Reference Publication RP-1265"
Apollo 15;15530;"15531;54";;500.0;6.07;102.96;"J.C. Graf, 1993, "Lunar Soils Grain Size Catalog" NASA Reference Publication RP-1265"
Apollo 15;15530;"15531;54";;250.0;10.73;102.96;"J.C. Graf, 1993, "Lunar Soils Grain Size Catalog" NASA Reference Publication RP-1265"
Apollo 15;15530;"15531;54";;150.0;11.62;102.96;"J.C. Graf, 1993, "Lunar Soils Grain Size Catalog" NASA Reference Publication RP-1265"
Apollo 15;15530;"15531;54";;90.0;13.82;102.96;"J.C. Graf, 1993, "Lunar Soils Grain Size Catalog" NASA Reference Publication RP-1265"
Apollo 15;15530;"15531;54";;75.0;5.42;102.96;"J.C. Graf, 1993, "Lunar Soils Grain Size Catalog" NASA Reference Publication RP-1265"
Apollo 15;15530;"15531;54";;45.0;13.82;102.96;"J.C. Graf, 1993, "Lunar Soils Grain Size Catalog" NASA Reference Publication RP-1265"
Apollo 15;15530;"15531;54";;20.0;14.85;102.96;"J.C. Graf, 1993, "Lunar Soils Grain Size Catalog" NASA Reference Publication RP-1265"
Apollo 15;15530;"15531;54";;1.0;11.27;102.96;"J.C. Graf, 1993, "Lunar Soils Grain Size Catalog" NASA Reference Publication RP-1265"
Apollo 15;15600;"15601;96";;10000.0;0.0;91.13;"J.C. Graf, 1993, "Lunar Soils Grain Size Catalog" NASA Reference Publication RP-1265"
Apollo 15;15600;"15601;96";;4000.0;2.42;91.13;"J.C. Graf, 1993, "Lunar Soils Grain Size Catalog" NASA Reference Publication RP-1265"
Apollo 15;15600;"15601;96";;2000.0;2.86;91.13;"J.C. Graf, 1993, "Lunar Soils Grain Size Catalog" NASA Reference Publication RP-1265"
Apollo 15;15600;"15601;96";;1000.0;3.69;91.13;"J.C. Graf, 1993, "Lunar Soils Grain Size Catalog" NASA Reference Publication RP-1265"
Apollo 15;15600;"15601;96";;500.0;4.45;91.13;"J.C. Graf, 1993, "Lunar Soils Grain Size Catalog" NASA Reference Publication RP-1265"
Apollo 15;15600;"15601;96";;250.0;10.72;91.13;"J.C. Graf, 1993, "Lunar Soils Grain Size Catalog" NASA Reference Publication RP-1265"
Apollo 15;15600;"15601;96";;150.0;11.82;91.13;"J.C. Graf, 1993, "Lunar Soils Grain Size Catalog" NASA Reference Publication RP-1265"
Apollo 15;15600;"15601;96";;90.0;14.39;91.13;"J.C. Graf, 1993, "Lunar Soils Grain Size Catalog" NASA Reference Publication RP-1265"
Apollo 15;15600;"15601;96";;75.0;4.94;91.13;"J.C. Graf, 1993, "Lunar Soils Grain Size Catalog" NASA Reference Publication RP-1265"
Apollo 15;15600;"15601;96";;45.0;13.01;91.13;"J.C. Graf, 1993, "Lunar Soils Grain Size Catalog" NASA Reference Publication RP-1265"
Apollo 15;15600;"15601;96";;20.0;15.64;91.13;"J.C. Graf, 1993, "Lunar Soils Grain Size Catalog" NASA Reference Publication RP-1265"
Apollo 15;15600;"15601;96";;1.0;15.05;91.13;"J.C. Graf, 1993, "Lunar Soils Grain Size Catalog" NASA Reference Publication RP-1265"
Apollo 15;15600;"15601;99";;10000.0;0.0;88.65;"J.C. Graf, 1993, "Lunar Soils Grain Size Catalog" NASA Reference Publication RP-1265"
Apollo 15;15600;"15601;99";;4000.0;2.41;88.65;"J.C. Graf, 1993, "Lunar Soils Grain Size Catalog" NASA Reference Publication RP-1265"
Apollo 15;15600;"15601;99";;2000.0;2.86;88.65;"J.C. Graf, 1993, "Lunar Soils Grain Size Catalog" NASA Reference Publication RP-1265"
Apollo 15;15600;"15601;99";;1000.0;3.69;88.65;"J.C. Graf, 1993, "Lunar Soils Grain Size Catalog" NASA Reference Publication RP-1265"
Apollo 15;15600;"15601;99";;500.0;4.14;88.65;"J.C. Graf, 1993, "Lunar Soils Grain Size Catalog" NASA Reference Publication RP-1265"
Apollo 15;15600;"15601;99";;250.0;9.9;88.65;"J.C. Graf, 1993, "Lunar Soils Grain Size Catalog" NASA Reference Publication RP-1265"
Apollo 15;15600;"15601;99";;125.0;16.75;88.65;"J.C. Graf, 1993, "Lunar Soils Grain Size Catalog" NASA Reference Publication RP-1265"
Apollo 15;15600;"15601;99";;63.0;20.44;88.65;"J.C. Graf, 1993, "Lunar Soils Grain Size Catalog" NASA Reference Publication RP-1265"
Apollo 15;15600;"15601;99";;20.0;18.1;88.65;"J.C. Graf, 1993, "Lunar Soils Grain Size Catalog" NASA Reference Publication RP-1265"
Apollo 15;15600;"15601;99";;10.0;4.5;88.65;"J.C. Graf, 1993, "Lunar Soils Grain Size Catalog" NASA Reference Publication RP-1265"
Apollo 15;15600;"15601;99";;4.0;5.13;88.65;"J.C. Graf, 1993, "Lunar Soils Grain Size Catalog" NASA Reference Publication RP-1265"
Apollo 15;15600;"15601;99";;1.0;11.07;88.65;"J.C. Graf, 1993, "Lunar Soils Grain Size Catalog" NASA Reference Publication RP-1265"
Luna 24;24077;"24077;9";;10000.0;0.0;79.67;"J.C. Graf, 1993, "Lunar Soils Grain Size Catalog" NASA Reference Publication RP-1265"
Luna 24;24077;"24077;9";;4000.0;0.0;79.67;"J.C. Graf, 1993, "Lunar Soils Grain Size Catalog" NASA Reference Publication RP-1265"
Luna 24;24077;"24077;9";;2000.0;3.69;79.67;"J.C. Graf, 1993, "Lunar Soils Grain Size Catalog" NASA Reference Publication RP-1265"
Luna 24;24077;"24077;9";;1000.0;10.84;79.67;"J.C. Graf, 1993, "Lunar Soils Grain Size Catalog" NASA Reference Publication RP-1265"
Luna 24;24077;"24077;9";;500.0;9.85;79.67;"J.C. Graf, 1993, "Lunar Soils Grain Size Catalog" NASA Reference Publication RP-1265"
Luna 24;24077;"24077;9";;250.0;3.69;79.67;"J.C. Graf, 1993, "Lunar Soils Grain Size Catalog" NASA Reference Publication RP-1265"
Luna 24;24077;"24077;9";;150.0;8.22;79.67;"J.C. Graf, 1993, "Lunar Soils Grain Size Catalog" NASA Reference Publication RP-1265"
Luna 24;24077;"24077;9";;90.0;10.57;79.67;"J.C. Graf, 1993, "Lunar Soils Grain Size Catalog" NASA Reference Publication RP-1265"
Luna 24;24077;"24077;9";;45.0;17.86;79.67;"J.C. Graf, 1993, "Lunar Soils Grain Size Catalog" NASA Reference Publication RP-1265"
Luna 24;24077;"24077;9";;20.0;15.5;79.67;"J.C. Graf, 1993, "Lunar Soils Grain Size Catalog" NASA Reference Publication RP-1265"
Luna 24;24077;"24077;9";;16.0;2.46;79.67;"J.C. Graf, 1993, "Lunar Soils Grain Size Catalog" NASA Reference Publication RP-1265"
Luna 24;24077;"24077;9";;8.0;9.86;79.67;"J.C. Graf, 1993, "Lunar Soils Grain Size Catalog" NASA Reference Publication RP-1265"
Luna 24;24077;"24077;9";;5.0;3.72;79.67;"J.C. Graf, 1993, "Lunar Soils Grain Size Catalog" NASA Reference Publication RP-1265"
Luna 24;24077;"24077;9";;1.0;2.74;79.67;"J.C. Graf, 1993, "Lunar Soils Grain Size Catalog" NASA Reference Publication RP-1265"
Luna 24;24109;"24109;13";;10000.0;0.0;90.93;"J.C. Graf, 1993, "Lunar Soils Grain Size Catalog" NASA Reference Publication RP-1265"
Luna 24;24109;"24109;13";;4000.0;0.0;90.93;"J.C. Graf, 1993, "Lunar Soils Grain Size Catalog" NASA Reference Publication RP-1265"
Luna 24;24109;"24109;13";;2000.0;1.41;90.93;"J.C. Graf, 1993, "Lunar Soils Grain Size Catalog" NASA Reference Publication RP-1265"
Luna 24;24109;"24109;13";;1000.0;9.59;90.93;"J.C. Graf, 1993, "Lunar Soils Grain Size Catalog" NASA Reference Publication RP-1265"
Luna 24;24109;"24109;13";;500.0;6.77;90.93;"J.C. Graf, 1993, "Lunar Soils Grain Size Catalog" NASA Reference Publication RP-1265"
Luna 24;24109;"24109;13";;250.0;9.87;90.93;"J.C. Graf, 1993, "Lunar Soils Grain Size Catalog" NASA Reference Publication RP-1265"
Luna 24;24109;"24109;13";;150.0;10.7;90.93;"J.C. Graf, 1993, "Lunar Soils Grain Size Catalog" NASA Reference Publication RP-1265"
Luna 24;24109;"24109;13";;90.0;11.9;90.93;"J.C. Graf, 1993, "Lunar Soils Grain Size Catalog" NASA Reference Publication RP-1265"
Luna 24;24109;"24109;13";;45.0;17.86;90.93;"J.C. Graf, 1993, "Lunar Soils Grain Size Catalog" NASA Reference Publication RP-1265"
Luna 24;24109;"24109;13";;20.0;16.52;90.93;"J.C. Graf, 1993, "Lunar Soils Grain Size Catalog" NASA Reference Publication RP-1265"
Luna 24;24109;"24109;13";;1.0;14.38;90.93;"J.C. Graf, 1993, "Lunar Soils Grain Size Catalog" NASA Reference Publication RP-1265"
Luna 24;24149;"24149;15";;10000.0;0.0;84.26;"J.C. Graf, 1993, "Lunar Soils Grain Size Catalog" NASA Reference Publication RP-1265"
Luna 24;24149;"24149;15";;4000.0;0.0;84.26;"J.C. Graf, 1993, "Lunar Soils Grain Size Catalog" NASA Reference Publication RP-1265"
Luna 24;24149;"24149;15";;2000.0;3.07;84.26;"J.C. Graf, 1993, "Lunar Soils Grain Size Catalog" NASA Reference Publication RP-1265"
Luna 24;24149;"24149;15";;1000.0;3.9;84.26;"J.C. Graf, 1993, "Lunar Soils Grain Size Catalog" NASA Reference Publication RP-1265"
Luna 24;24149;"24149;15";;500.0;7.25;84.26;"J.C. Graf, 1993, "Lunar Soils Grain Size Catalog" NASA Reference Publication RP-1265"
Luna 24;24149;"24149;15";;250.0;6.42;84.26;"J.C. Graf, 1993, "Lunar Soils Grain Size Catalog" NASA Reference Publication RP-1265"
Luna 24;24149;"24149;15";;150.0;12.91;84.26;"J.C. Graf, 1993, "Lunar Soils Grain Size Catalog" NASA Reference Publication RP-1265"
Luna 24;24149;"24149;15";;90.0;14.58;84.26;"J.C. Graf, 1993, "Lunar Soils Grain Size Catalog" NASA Reference Publication RP-1265"
Luna 24;24149;"24149;15";;45.0;19.67;84.26;"J.C. Graf, 1993, "Lunar Soils Grain Size Catalog" NASA Reference Publication RP-1265"
Luna 24;24149;"24149;15";;20.0;17.84;84.26;"J.C. Graf, 1993, "Lunar Soils Grain Size Catalog" NASA Reference Publication RP-1265"
Luna 24;24149;"24149;15";;1.0;13.36;84.26;"J.C. Graf, 1993, "Lunar Soils Grain Size Catalog" NASA Reference Publication RP-1265"
Luna 24;24174;"24174;10";;10000.0;0.0;82.49;"J.C. Graf, 1993, "Lunar Soils Grain Size Catalog" NASA Reference Publication RP-1265"
Luna 24;24174;"24174;10";;4000.0;0.0;82.49;"J.C. Graf, 1993, "Lunar Soils Grain Size Catalog" NASA Reference Publication RP-1265"
Luna 24;24174;"24174;10";;2000.0;2.55;82.49;"J.C. Graf, 1993, "Lunar Soils Grain Size Catalog" NASA Reference Publication RP-1265"
Luna 24;24174;"24174;10";;1000.0;1.02;82.49;"J.C. Graf, 1993, "Lunar Soils Grain Size Catalog" NASA Reference Publication RP-1265"
Luna 24;24174;"24174;10";;500.0;3.83;82.49;"J.C. Graf, 1993, "Lunar Soils Grain Size Catalog" NASA Reference Publication RP-1265"
Luna 24;24174;"24174;10";;250.0;10.97;82.49;"J.C. Graf, 1993, "Lunar Soils Grain Size Catalog" NASA Reference Publication RP-1265"
Luna 24;24174;"24174;10";;150.0;15.19;82.49;"J.C. Graf, 1993, "Lunar Soils Grain Size Catalog" NASA Reference Publication RP-1265"
Luna 24;24174;"24174;10";;90.0;14.02;82.49;"J.C. Graf, 1993, "Lunar Soils Grain Size Catalog" NASA Reference Publication RP-1265"
Luna 24;24174;"24174;10";;45.0;19.26;82.49;"J.C. Graf, 1993, "Lunar Soils Grain Size Catalog" NASA Reference Publication RP-1265"
Luna 24;24174;"24174;10";;20.0;16.63;82.49;"J.C. Graf, 1993, "Lunar Soils Grain Size Catalog" NASA Reference Publication RP-1265"
Luna 24;24174;"24174;10";;1.0;15.53;82.49;"J.C. Graf, 1993, "Lunar Soils Grain Size Catalog" NASA Reference Publication RP-1265"
Luna 24;24182;"24182;15";;10000.0;0.0;73.65;"J.C. Graf, 1993, "Lunar Soils Grain Size Catalog" NASA Reference Publication RP-1265"
Luna 24;24182;"24182;15";;4000.0;0.0;73.65;"J.C. Graf, 1993, "Lunar Soils Grain Size Catalog" NASA Reference Publication RP-1265"
Luna 24;24182;"24182;15";;2000.0;3.24;73.65;"J.C. Graf, 1993, "Lunar Soils Grain Size Catalog" NASA Reference Publication RP-1265"
Luna 24;24182;"24182;15";;1000.0;6.74;73.65;"J.C. Graf, 1993, "Lunar Soils Grain Size Catalog" NASA Reference Publication RP-1265"
Luna 24;24182;"24182;15";;500.0;4.58;73.65;"J.C. Graf, 1993, "Lunar Soils Grain Size Catalog" NASA Reference Publication RP-1265"
Luna 24;24182;"24182;15";;250.0;3.5;73.65;"J.C. Graf, 1993, "Lunar Soils Grain Size Catalog" NASA Reference Publication RP-1265"
Luna 24;24182;"24182;15";;150.0;11.18;73.65;"J.C. Graf, 1993, "Lunar Soils Grain Size Catalog" NASA Reference Publication RP-1265"
Luna 24;24182;"24182;15";;90.0;14.81;73.65;"J.C. Graf, 1993, "Lunar Soils Grain Size Catalog" NASA Reference Publication RP-1265"
Luna 24;24182;"24182;15";;45.0;20.57;73.65;"J.C. Graf, 1993, "Lunar Soils Grain Size Catalog" NASA Reference Publication RP-1265"
Luna 24;24182;"24182;15";;20.0;17.77;73.65;"J.C. Graf, 1993, "Lunar Soils Grain Size Catalog" NASA Reference Publication RP-1265"
Luna 24;24182;"24182;15";;1.0;16.59;73.65;"J.C. Graf, 1993, "Lunar Soils Grain Size Catalog" NASA Reference Publication RP-1265"
Luna 24;24210;"24210;9";;10000.0;0.0;88.45;"J.C. Graf, 1993, "Lunar Soils Grain Size Catalog" NASA Reference Publication RP-1265"
Luna 24;24210;"24210;9";;2000.0;10.71;88.45;"J.C. Graf, 1993, "Lunar Soils Grain Size Catalog" NASA Reference Publication RP-1265"
Luna 24;24210;"24210;9";;1000.0;1.71;88.45;"J.C. Graf, 1993, "Lunar Soils Grain Size Catalog" NASA Reference Publication RP-1265"
Luna 24;24210;"24210;9";;500.0;4.71;88.45;"J.C. Graf, 1993, "Lunar Soils Grain Size Catalog" NASA Reference Publication RP-1265"
Luna 24;24210;"24210;9";;250.0;4.29;88.45;"J.C. Graf, 1993, "Lunar Soils Grain Size Catalog" NASA Reference Publication RP-1265"
Luna 24;24210;"24210;9";;150.0;13.38;88.45;"J.C. Graf, 1993, "Lunar Soils Grain Size Catalog" NASA Reference Publication RP-1265"
Luna 24;24210;"24210;9";;90.0;14.69;88.45;"J.C. Graf, 1993, "Lunar Soils Grain Size Catalog" NASA Reference Publication RP-1265"
Luna 24;24210;"24210;9";;45.0;20.4;88.45;"J.C. Graf, 1993, "Lunar Soils Grain Size Catalog" NASA Reference Publication RP-1265"
Luna 24;24210;"24210;9";;20.0;17.06;88.45;"J.C. Graf, 1993, "Lunar Soils Grain Size Catalog" NASA Reference Publication RP-1265"
Luna 24;24210;"24210;9";;1.0;12.04;88.45;"J.C. Graf, 1993, "Lunar Soils Grain Size Catalog" NASA Reference Publication RP-1265"
Apollo 16;60006;"60006;205";52.5 - 53.2;10000.0;0.0;94.59;"J.C. Graf, 1993, "Lunar Soils Grain Size Catalog" NASA Reference Publication RP-1265"
Apollo 16;60006;"60006;205";52.5 - 53.2;4000.0;0.0;94.59;"J.C. Graf, 1993, "Lunar Soils Grain Size Catalog" NASA Reference Publication RP-1265"
Apollo 16;60006;"60006;205";52.5 - 53.2;1000.0;2.67;94.59;"J.C. Graf, 1993, "Lunar Soils Grain Size Catalog" NASA Reference Publication RP-1265"
Apollo 16;60006;"60006;205";52.5 - 53.2;500.0;11.41;94.59;"J.C. Graf, 1993, "Lunar Soils Grain Size Catalog" NASA Reference Publication RP-1265"
Apollo 16;60006;"60006;205";52.5 - 53.2;250.0;14.11;94.59;"J.C. Graf, 1993, "Lunar Soils Grain Size Catalog" NASA Reference Publication RP-1265"
Apollo 16;60006;"60006;205";52.5 - 53.2;150.0;10.78;94.59;"J.C. Graf, 1993, "Lunar Soils Grain Size Catalog" NASA Reference Publication RP-1265"
Apollo 16;60006;"60006;205";52.5 - 53.2;90.0;12.22;94.59;"J.C. Graf, 1993, "Lunar Soils Grain Size Catalog" NASA Reference Publication RP-1265"
Apollo 16;60006;"60006;205";52.5 - 53.2;75.0;4.09;94.59;"J.C. Graf, 1993, "Lunar Soils Grain Size Catalog" NASA Reference Publication RP-1265"
Apollo 16;60006;"60006;205";52.5 - 53.2;45.0;11.55;94.59;"J.C. Graf, 1993, "Lunar Soils Grain Size Catalog" NASA Reference Publication RP-1265"
Apollo 16;60006;"60006;205";52.5 - 53.2;20.0;12.99;94.59;"J.C. Graf, 1993, "Lunar Soils Grain Size Catalog" NASA Reference Publication RP-1265"
Apollo 16;60006;"60006;205";52.5 - 53.2;1.0;19.18;94.59;"J.C. Graf, 1993, "Lunar Soils Grain Size Catalog" NASA Reference Publication RP-1265"
Apollo 16;60006;"60006;202";46 - 46.5;10000.0;0.0;92.28;"J.C. Graf, 1993, "Lunar Soils Grain Size Catalog" NASA Reference Publication RP-1265"
Apollo 16;60006;"60006;202";46 - 46.5;4000.0;0.0;92.28;"J.C. Graf, 1993, "Lunar Soils Grain Size Catalog" NASA Reference Publication RP-1265"
Apollo 16;60006;"60006;202";46 - 46.5;1000.0;1.98;92.28;"J.C. Graf, 1993, "Lunar Soils Grain Size Catalog" NASA Reference Publication RP-1265"
Apollo 16;60006;"60006;202";46 - 46.5;500.0;10.6;92.28;"J.C. Graf, 1993, "Lunar Soils Grain Size Catalog" NASA Reference Publication RP-1265"
Apollo 16;60006;"60006;202";46 - 46.5;250.0;12.8;92.28;"J.C. Graf, 1993, "Lunar Soils Grain Size Catalog" NASA Reference Publication RP-1265"
Apollo 16;60006;"60006;202";46 - 46.5;150.0;11.61;92.28;"J.C. Graf, 1993, "Lunar Soils Grain Size Catalog" NASA Reference Publication RP-1265"
Apollo 16;60006;"60006;202";46 - 46.5;90.0;13.68;92.28;"J.C. Graf, 1993, "Lunar Soils Grain Size Catalog" NASA Reference Publication RP-1265"
Apollo 16;60006;"60006;202";46 - 46.5;75.0;5.68;92.28;"J.C. Graf, 1993, "Lunar Soils Grain Size Catalog" NASA Reference Publication RP-1265"
Apollo 16;60006;"60006;202";46 - 46.5;45.0;12.76;92.28;"J.C. Graf, 1993, "Lunar Soils Grain Size Catalog" NASA Reference Publication RP-1265"
Apollo 16;60006;"60006;202";46 - 46.5;20.0;13.67;92.28;"J.C. Graf, 1993, "Lunar Soils Grain Size Catalog" NASA Reference Publication RP-1265"
Apollo 16;60006;"60006;202";46 - 46.5;1.0;16.21;92.28;"J.C. Graf, 1993, "Lunar Soils Grain Size Catalog" NASA Reference Publication RP-1265"
Apollo 16;60006;"60006;193";35 - 35.5;10000.0;0.0;93.03;"J.C. Graf, 1993, "Lunar Soils Grain Size Catalog" NASA Reference Publication RP-1265"
Apollo 16;60006;"60006;193";35 - 35.5;4000.0;0.0;93.03;"J.C. Graf, 1993, "Lunar Soils Grain Size Catalog" NASA Reference Publication RP-1265"
Apollo 16;60006;"60006;193";35 - 35.5;1000.0;6.97;93.03;"J.C. Graf, 1993, "Lunar Soils Grain Size Catalog" NASA Reference Publication RP-1265"
Apollo 16;60006;"60006;193";35 - 35.5;500.0;5.58;93.03;"J.C. Graf, 1993, "Lunar Soils Grain Size Catalog" NASA Reference Publication RP-1265"
Apollo 16;60006;"60006;193";35 - 35.5;250.0;12.31;93.03;"J.C. Graf, 1993, "Lunar Soils Grain Size Catalog" NASA Reference Publication RP-1265"
Apollo 16;60006;"60006;193";35 - 35.5;150.0;11.99;93.03;"J.C. Graf, 1993, "Lunar Soils Grain Size Catalog" NASA Reference Publication RP-1265"
Apollo 16;60006;"60006;193";35 - 35.5;90.0;14.06;93.03;"J.C. Graf, 1993, "Lunar Soils Grain Size Catalog" NASA Reference Publication RP-1265"
Apollo 16;60006;"60006;193";35 - 35.5;75.0;5.21;93.03;"J.C. Graf, 1993, "Lunar Soils Grain Size Catalog" NASA Reference Publication RP-1265"
Apollo 16;60006;"60006;193";35 - 35.5;45.0;13.8;93.03;"J.C. Graf, 1993, "Lunar Soils Grain Size Catalog" NASA Reference Publication RP-1265"
Apollo 16;60006;"60006;193";35 - 35.5;20.0;15.91;93.03;"J.C. Graf, 1993, "Lunar Soils Grain Size Catalog" NASA Reference Publication RP-1265"
Apollo 16;60006;"60006;193";35 - 35.5;1.0;13.18;93.03;"J.C. Graf, 1993, "Lunar Soils Grain Size Catalog" NASA Reference Publication RP-1265"
Apollo 16;60006;"60006;185";25.5 - 26;10000.0;0.0;121.55;"J.C. Graf, 1993, "Lunar Soils Grain Size Catalog" NASA Reference Publication RP-1265"
Apollo 16;60006;"60006;185";25.5 - 26;1000.0;0.0;121.55;"J.C. Graf, 1993, "Lunar Soils Grain Size Catalog" NASA Reference Publication RP-1265"
Apollo 16;60006;"60006;185";25.5 - 26;500.0;3.89;121.55;"J.C. Graf, 1993, "Lunar Soils Grain Size Catalog" NASA Reference Publication RP-1265"
Apollo 16;60006;"60006;185";25.5 - 26;250.0;12.7;121.55;"J.C. Graf, 1993, "Lunar Soils Grain Size Catalog" NASA Reference Publication RP-1265"
Apollo 16;60006;"60006;185";25.5 - 26;150.0;21.08;121.55;"J.C. Graf, 1993, "Lunar Soils Grain Size Catalog" NASA Reference Publication RP-1265"
Apollo 16;60006;"60006;185";25.5 - 26;90.0;29.95;121.55;"J.C. Graf, 1993, "Lunar Soils Grain Size Catalog" NASA Reference Publication RP-1265"
Apollo 16;60006;"60006;185";25.5 - 26;75.0;3.49;121.55;"J.C. Graf, 1993, "Lunar Soils Grain Size Catalog" NASA Reference Publication RP-1265"
Apollo 16;60006;"60006;185";25.5 - 26;45.0;8.23;121.55;"J.C. Graf, 1993, "Lunar Soils Grain Size Catalog" NASA Reference Publication RP-1265"
Apollo 16;60006;"60006;185";25.5 - 26;20.0;8.4;121.55;"J.C. Graf, 1993, "Lunar Soils Grain Size Catalog" NASA Reference Publication RP-1265"
Apollo 16;60006;"60006;185";25.5 - 26;1.0;11.27;121.55;"J.C. Graf, 1993, "Lunar Soils Grain Size Catalog" NASA Reference Publication RP-1265"
Apollo 16;60006;"60006;184";23.2 - 24;10000.0;0.0;75.62;"J.C. Graf, 1993, "Lunar Soils Grain Size Catalog" NASA Reference Publication RP-1265"
Apollo 16;60006;"60006;184";23.2 - 24;1000.0;0.0;75.62;"J.C. Graf, 1993, "Lunar Soils Grain Size Catalog" NASA Reference Publication RP-1265"
Apollo 16;60006;"60006;184";23.2 - 24;500.0;4.88;75.62;"J.C. Graf, 1993, "Lunar Soils Grain Size Catalog" NASA Reference Publication RP-1265"
Apollo 16;60006;"60006;184";23.2 - 24;250.0;13.49;75.62;"J.C. Graf, 1993, "Lunar Soils Grain Size Catalog" NASA Reference Publication RP-1265"
Apollo 16;60006;"60006;184";23.2 - 24;150.0;12.75;75.62;"J.C. Graf, 1993, "Lunar Soils Grain Size Catalog" NASA Reference Publication RP-1265"
Apollo 16;60006;"60006;184";23.2 - 24;90.0;13.13;75.62;"J.C. Graf, 1993, "Lunar Soils Grain Size Catalog" NASA Reference Publication RP-1265"
Apollo 16;60006;"60006;184";23.2 - 24;75.0;6.02;75.62;"J.C. Graf, 1993, "Lunar Soils Grain Size Catalog" NASA Reference Publication RP-1265"
Apollo 16;60006;"60006;184";23.2 - 24;45.0;14.01;75.62;"J.C. Graf, 1993, "Lunar Soils Grain Size Catalog" NASA Reference Publication RP-1265"
Apollo 16;60006;"60006;184";23.2 - 24;20.0;15.73;75.62;"J.C. Graf, 1993, "Lunar Soils Grain Size Catalog" NASA Reference Publication RP-1265"
Apollo 16;60006;"60006;184";23.2 - 24;1.0;18.89;75.62;"J.C. Graf, 1993, "Lunar Soils Grain Size Catalog" NASA Reference Publication RP-1265"
Apollo 16;60007;"60007;206";20 - 20.5;10000.0;0.0;66.82;"J.C. Graf, 1993, "Lunar Soils Grain Size Catalog" NASA Reference Publication RP-1265"
Apollo 16;60007;"60007;206";20 - 20.5;1000.0;0.0;66.82;"J.C. Graf, 1993, "Lunar Soils Grain Size Catalog" NASA Reference Publication RP-1265"
Apollo 16;60007;"60007;206";20 - 20.5;500.0;7.48;66.82;"J.C. Graf, 1993, "Lunar Soils Grain Size Catalog" NASA Reference Publication RP-1265"
Apollo 16;60007;"60007;206";20 - 20.5;250.0;12.91;66.82;"J.C. Graf, 1993, "Lunar Soils Grain Size Catalog" NASA Reference Publication RP-1265"
Apollo 16;60007;"60007;206";20 - 20.5;150.0;10.84;66.82;"J.C. Graf, 1993, "Lunar Soils Grain Size Catalog" NASA Reference Publication RP-1265"
Apollo 16;60007;"60007;206";20 - 20.5;90.0;12.2;66.82;"J.C. Graf, 1993, "Lunar Soils Grain Size Catalog" NASA Reference Publication RP-1265"
Apollo 16;60007;"60007;206";20 - 20.5;75.0;4.1;66.82;"J.C. Graf, 1993, "Lunar Soils Grain Size Catalog" NASA Reference Publication RP-1265"
Apollo 16;60007;"60007;206";20 - 20.5;45.0;10.93;66.82;"J.C. Graf, 1993, "Lunar Soils Grain Size Catalog" NASA Reference Publication RP-1265"
Apollo 16;60007;"60007;206";20 - 20.5;20.0;15.6;66.82;"J.C. Graf, 1993, "Lunar Soils Grain Size Catalog" NASA Reference Publication RP-1265"
Apollo 16;60007;"60007;206";20 - 20.5;15.6;7.8;66.82;"J.C. Graf, 1993, "Lunar Soils Grain Size Catalog" NASA Reference Publication RP-1265"
Apollo 16;60007;"60007;206";20 - 20.5;7.8;8.41;66.82;"J.C. Graf, 1993, "Lunar Soils Grain Size Catalog" NASA Reference Publication RP-1265"
Apollo 16;60007;"60007;206";20 - 20.5;3.9;7.0;66.82;"J.C. Graf, 1993, "Lunar Soils Grain Size Catalog" NASA Reference Publication RP-1265"
Apollo 16;60007;"60007;206";20 - 20.5;1.0;1.81;66.82;"J.C. Graf, 1993, "Lunar Soils Grain Size Catalog" NASA Reference Publication RP-1265"
Apollo 16;60007;"60007;217";16 - 16.5;10000.0;0.0;67.28;"J.C. Graf, 1993, "Lunar Soils Grain Size Catalog" NASA Reference Publication RP-1265"
Apollo 16;60007;"60007;217";16 - 16.5;1000.0;0.0;67.28;"J.C. Graf, 1993, "Lunar Soils Grain Size Catalog" NASA Reference Publication RP-1265"
Apollo 16;60007;"60007;217";16 - 16.5;500.0;9.73;67.28;"J.C. Graf, 1993, "Lunar Soils Grain Size Catalog" NASA Reference Publication RP-1265"
Apollo 16;60007;"60007;217";16 - 16.5;250.0;11.46;67.28;"J.C. Graf, 1993, "Lunar Soils Grain Size Catalog" NASA Reference Publication RP-1265"
Apollo 16;60007;"60007;217";16 - 16.5;150.0;10.36;67.28;"J.C. Graf, 1993, "Lunar Soils Grain Size Catalog" NASA Reference Publication RP-1265"
Apollo 16;60007;"60007;217";16 - 16.5;90.0;12.24;67.28;"J.C. Graf, 1993, "Lunar Soils Grain Size Catalog" NASA Reference Publication RP-1265"
Apollo 16;60007;"60007;217";16 - 16.5;75.0;3.84;67.28;"J.C. Graf, 1993, "Lunar Soils Grain Size Catalog" NASA Reference Publication RP-1265"
Apollo 16;60007;"60007;217";16 - 16.5;45.0;11.14;67.28;"J.C. Graf, 1993, "Lunar Soils Grain Size Catalog" NASA Reference Publication RP-1265"
Apollo 16;60007;"60007;217";16 - 16.5;20.0;16.2;67.28;"J.C. Graf, 1993, "Lunar Soils Grain Size Catalog" NASA Reference Publication RP-1265"
Apollo 16;60007;"60007;217";16 - 16.5;15.6;3.59;67.28;"J.C. Graf, 1993, "Lunar Soils Grain Size Catalog" NASA Reference Publication RP-1265"
Apollo 16;60007;"60007;217";16 - 16.5;7.8;14.41;67.28;"J.C. Graf, 1993, "Lunar Soils Grain Size Catalog" NASA Reference Publication RP-1265"
Apollo 16;60007;"60007;217";16 - 16.5;3.9;5.37;67.28;"J.C. Graf, 1993, "Lunar Soils Grain Size Catalog" NASA Reference Publication RP-1265"
Apollo 16;60007;"60007;217";16 - 16.5;1.0;0.67;67.28;"J.C. Graf, 1993, "Lunar Soils Grain Size Catalog" NASA Reference Publication RP-1265"
Apollo 16;60007;"60007;221";14.5 - 15;10000.0;0.0;63.53;"J.C. Graf, 1993, "Lunar Soils Grain Size Catalog" NASA Reference Publication RP-1265"
Apollo 16;60007;"60007;221";14.5 - 15;1000.0;0.0;63.53;"J.C. Graf, 1993, "Lunar Soils Grain Size Catalog" NASA Reference Publication RP-1265"
Apollo 16;60007;"60007;221";14.5 - 15;500.0;7.95;63.53;"J.C. Graf, 1993, "Lunar Soils Grain Size Catalog" NASA Reference Publication RP-1265"
Apollo 16;60007;"60007;221";14.5 - 15;250.0;11.89;63.53;"J.C. Graf, 1993, "Lunar Soils Grain Size Catalog" NASA Reference Publication RP-1265"
Apollo 16;60007;"60007;221";14.5 - 15;150.0;10.41;63.53;"J.C. Graf, 1993, "Lunar Soils Grain Size Catalog" NASA Reference Publication RP-1265"
Apollo 16;60007;"60007;221";14.5 - 15;90.0;12.09;63.53;"J.C. Graf, 1993, "Lunar Soils Grain Size Catalog" NASA Reference Publication RP-1265"
Apollo 16;60007;"60007;221";14.5 - 15;75.0;3.99;63.53;"J.C. Graf, 1993, "Lunar Soils Grain Size Catalog" NASA Reference Publication RP-1265"
Apollo 16;60007;"60007;221";14.5 - 15;45.0;11.3;63.53;"J.C. Graf, 1993, "Lunar Soils Grain Size Catalog" NASA Reference Publication RP-1265"
Apollo 16;60007;"60007;221";14.5 - 15;20.0;17.12;63.53;"J.C. Graf, 1993, "Lunar Soils Grain Size Catalog" NASA Reference Publication RP-1265"
Apollo 16;60007;"60007;221";14.5 - 15;15.6;7.23;63.53;"J.C. Graf, 1993, "Lunar Soils Grain Size Catalog" NASA Reference Publication RP-1265"
Apollo 16;60007;"60007;221";14.5 - 15;7.8;10.89;63.53;"J.C. Graf, 1993, "Lunar Soils Grain Size Catalog" NASA Reference Publication RP-1265"
Apollo 16;60007;"60007;221";14.5 - 15;3.9;5.19;63.53;"J.C. Graf, 1993, "Lunar Soils Grain Size Catalog" NASA Reference Publication RP-1265"
Apollo 16;60007;"60007;221";14.5 - 15;1.0;0.95;63.53;"J.C. Graf, 1993, "Lunar Soils Grain Size Catalog" NASA Reference Publication RP-1265"
Apollo 16;60007;"60007;222";12.5 - 13;10000.0;0.0;56.26;"J.C. Graf, 1993, "Lunar Soils Grain Size Catalog" NASA Reference Publication RP-1265"
Apollo 16;60007;"60007;222";12.5 - 13;1000.0;0.0;56.26;"J.C. Graf, 1993, "Lunar Soils Grain Size Catalog" NASA Reference Publication RP-1265"
Apollo 16;60007;"60007;222";12.5 - 13;500.0;6.99;56.26;"J.C. Graf, 1993, "Lunar Soils Grain Size Catalog" NASA Reference Publication RP-1265"
Apollo 16;60007;"60007;222";12.5 - 13;250.0;10.62;56.26;"J.C. Graf, 1993, "Lunar Soils Grain Size Catalog" NASA Reference Publication RP-1265"
Apollo 16;60007;"60007;222";12.5 - 13;150.0;9.64;56.26;"J.C. Graf, 1993, "Lunar Soils Grain Size Catalog" NASA Reference Publication RP-1265"
Apollo 16;60007;"60007;222";12.5 - 13;90.0;12.29;56.26;"J.C. Graf, 1993, "Lunar Soils Grain Size Catalog" NASA Reference Publication RP-1265"
Apollo 16;60007;"60007;222";12.5 - 13;75.0;3.95;56.26;"J.C. Graf, 1993, "Lunar Soils Grain Size Catalog" NASA Reference Publication RP-1265"
Apollo 16;60007;"60007;222";12.5 - 13;45.0;11.57;56.26;"J.C. Graf, 1993, "Lunar Soils Grain Size Catalog" NASA Reference Publication RP-1265"
Apollo 16;60007;"60007;222";12.5 - 13;20.0;17.75;56.26;"J.C. Graf, 1993, "Lunar Soils Grain Size Catalog" NASA Reference Publication RP-1265"
Apollo 16;60007;"60007;222";12.5 - 13;15.6;7.56;56.26;"J.C. Graf, 1993, "Lunar Soils Grain Size Catalog" NASA Reference Publication RP-1265"
Apollo 16;60007;"60007;222";12.5 - 13;7.8;12.44;56.26;"J.C. Graf, 1993, "Lunar Soils Grain Size Catalog" NASA Reference Publication RP-1265"
Apollo 16;60007;"60007;222";12.5 - 13;3.9;5.4;56.26;"J.C. Graf, 1993, "Lunar Soils Grain Size Catalog" NASA Reference Publication RP-1265"
Apollo 16;60007;"60007;222";12.5 - 13;1.0;0.78;56.26;"J.C. Graf, 1993, "Lunar Soils Grain Size Catalog" NASA Reference Publication RP-1265"
Apollo 16;60007;"60007;232";7.5 - 8;10000.0;0.0;54.35;"J.C. Graf, 1993, "Lunar Soils Grain Size Catalog" NASA Reference Publication RP-1265"
Apollo 16;60007;"60007;232";7.5 - 8;1000.0;0.0;54.35;"J.C. Graf, 1993, "Lunar Soils Grain Size Catalog" NASA Reference Publication RP-1265"
Apollo 16;60007;"60007;232";7.5 - 8;500.0;4.69;54.35;"J.C. Graf, 1993, "Lunar Soils Grain Size Catalog" NASA Reference Publication RP-1265"
Apollo 16;60007;"60007;232";7.5 - 8;250.0;10.0;54.35;"J.C. Graf, 1993, "Lunar Soils Grain Size Catalog" NASA Reference Publication RP-1265"
Apollo 16;60007;"60007;232";7.5 - 8;150.0;10.24;54.35;"J.C. Graf, 1993, "Lunar Soils Grain Size Catalog" NASA Reference Publication RP-1265"
Apollo 16;60007;"60007;232";7.5 - 8;90.0;12.83;54.35;"J.C. Graf, 1993, "Lunar Soils Grain Size Catalog" NASA Reference Publication RP-1265"
Apollo 16;60007;"60007;232";7.5 - 8;75.0;4.21;54.35;"J.C. Graf, 1993, "Lunar Soils Grain Size Catalog" NASA Reference Publication RP-1265"
Apollo 16;60007;"60007;232";7.5 - 8;45.0;12.74;54.35;"J.C. Graf, 1993, "Lunar Soils Grain Size Catalog" NASA Reference Publication RP-1265"
Apollo 16;60007;"60007;232";7.5 - 8;20.0;20.57;54.35;"J.C. Graf, 1993, "Lunar Soils Grain Size Catalog" NASA Reference Publication RP-1265"
Apollo 16;60007;"60007;232";7.5 - 8;15.6;6.71;54.35;"J.C. Graf, 1993, "Lunar Soils Grain Size Catalog" NASA Reference Publication RP-1265"
Apollo 16;60007;"60007;232";7.5 - 8;7.8;11.4;54.35;"J.C. Graf, 1993, "Lunar Soils Grain Size Catalog" NASA Reference Publication RP-1265"
Apollo 16;60007;"60007;232";7.5 - 8;3.9;4.69;54.35;"J.C. Graf, 1993, "Lunar Soils Grain Size Catalog" NASA Reference Publication RP-1265"
Apollo 16;60007;"60007;232";7.5 - 8;1.0;0.92;54.35;"J.C. Graf, 1993, "Lunar Soils Grain Size Catalog" NASA Reference Publication RP-1265"
Apollo 16;60007;"60007;243";1.5 - 2;10000.0;0.0;56.45;"J.C. Graf, 1993, "Lunar Soils Grain Size Catalog" NASA Reference Publication RP-1265"
Apollo 16;60007;"60007;243";1.5 - 2;1000.0;0.0;56.45;"J.C. Graf, 1993, "Lunar Soils Grain Size Catalog" NASA Reference Publication RP-1265"
Apollo 16;60007;"60007;243";1.5 - 2;500.0;7.03;56.45;"J.C. Graf, 1993, "Lunar Soils Grain Size Catalog" NASA Reference Publication RP-1265"
Apollo 16;60007;"60007;243";1.5 - 2;250.0;11.02;56.45;"J.C. Graf, 1993, "Lunar Soils Grain Size Catalog" NASA Reference Publication RP-1265"
Apollo 16;60007;"60007;243";1.5 - 2;150.0;9.92;56.45;"J.C. Graf, 1993, "Lunar Soils Grain Size Catalog" NASA Reference Publication RP-1265"
Apollo 16;60007;"60007;243";1.5 - 2;90.0;11.71;56.45;"J.C. Graf, 1993, "Lunar Soils Grain Size Catalog" NASA Reference Publication RP-1265"
Apollo 16;60007;"60007;243";1.5 - 2;75.0;3.9;56.45;"J.C. Graf, 1993, "Lunar Soils Grain Size Catalog" NASA Reference Publication RP-1265"
Apollo 16;60007;"60007;243";1.5 - 2;45.0;11.54;56.45;"J.C. Graf, 1993, "Lunar Soils Grain Size Catalog" NASA Reference Publication RP-1265"
Apollo 16;60007;"60007;243";1.5 - 2;20.0;16.69;56.45;"J.C. Graf, 1993, "Lunar Soils Grain Size Catalog" NASA Reference Publication RP-1265"
Apollo 16;60007;"60007;243";1.5 - 2;15.6;8.33;56.45;"J.C. Graf, 1993, "Lunar Soils Grain Size Catalog" NASA Reference Publication RP-1265"
Apollo 16;60007;"60007;243";1.5 - 2;7.8;12.15;56.45;"J.C. Graf, 1993, "Lunar Soils Grain Size Catalog" NASA Reference Publication RP-1265"
Apollo 16;60007;"60007;243";1.5 - 2;3.9;5.43;56.45;"J.C. Graf, 1993, "Lunar Soils Grain Size Catalog" NASA Reference Publication RP-1265"
Apollo 16;60007;"60007;243";1.5 - 2;1.0;1.28;56.45;"J.C. Graf, 1993, "Lunar Soils Grain Size Catalog" NASA Reference Publication RP-1265"
Apollo 16;60007;"60007;248";0 - 0.5;10000.0;0.0;65.32;"J.C. Graf, 1993, "Lunar Soils Grain Size Catalog" NASA Reference Publication RP-1265"
Apollo 16;60007;"60007;248";0 - 0.5;1000.0;0.0;65.32;"J.C. Graf, 1993, "Lunar Soils Grain Size Catalog" NASA Reference Publication RP-1265"
Apollo 16;60007;"60007;248";0 - 0.5;500.0;11.34;65.32;"J.C. Graf, 1993, "Lunar Soils Grain Size Catalog" NASA Reference Publication RP-1265"
Apollo 16;60007;"60007;248";0 - 0.5;250.0;11.8;65.32;"J.C. Graf, 1993, "Lunar Soils Grain Size Catalog" NASA Reference Publication RP-1265"
Apollo 16;60007;"60007;248";0 - 0.5;150.0;9.36;65.32;"J.C. Graf, 1993, "Lunar Soils Grain Size Catalog" NASA Reference Publication RP-1265"
Apollo 16;60007;"60007;248";0 - 0.5;90.0;11.16;65.32;"J.C. Graf, 1993, "Lunar Soils Grain Size Catalog" NASA Reference Publication RP-1265"
Apollo 16;60007;"60007;248";0 - 0.5;75.0;3.37;65.32;"J.C. Graf, 1993, "Lunar Soils Grain Size Catalog" NASA Reference Publication RP-1265"
Apollo 16;60007;"60007;248";0 - 0.5;45.0;10.98;65.32;"J.C. Graf, 1993, "Lunar Soils Grain Size Catalog" NASA Reference Publication RP-1265"
Apollo 16;60007;"60007;248";0 - 0.5;20.0;16.98;65.32;"J.C. Graf, 1993, "Lunar Soils Grain Size Catalog" NASA Reference Publication RP-1265"
Apollo 16;60007;"60007;248";0 - 0.5;15.6;7.75;65.32;"J.C. Graf, 1993, "Lunar Soils Grain Size Catalog" NASA Reference Publication RP-1265"
Apollo 16;60007;"60007;248";0 - 0.5;7.8;10.54;65.32;"J.C. Graf, 1993, "Lunar Soils Grain Size Catalog" NASA Reference Publication RP-1265"
Apollo 16;60007;"60007;248";0 - 0.5;3.9;4.95;65.32;"J.C. Graf, 1993, "Lunar Soils Grain Size Catalog" NASA Reference Publication RP-1265"
Apollo 16;60007;"60007;248";0 - 0.5;1.0;0.77;65.32;"J.C. Graf, 1993, "Lunar Soils Grain Size Catalog" NASA Reference Publication RP-1265"
Apollo 16;60009;"60009;458";58.3 - 58.8;10000.0;0.0;56.66;"J.C. Graf, 1993, "Lunar Soils Grain Size Catalog" NASA Reference Publication RP-1265"
Apollo 16;60009;"60009;458";58.3 - 58.8;4000.0;0.0;56.66;"J.C. Graf, 1993, "Lunar Soils Grain Size Catalog" NASA Reference Publication RP-1265"
Apollo 16;60009;"60009;458";58.3 - 58.8;2000.0;4.39;56.66;"J.C. Graf, 1993, "Lunar Soils Grain Size Catalog" NASA Reference Publication RP-1265"
Apollo 16;60009;"60009;458";58.3 - 58.8;1000.0;3.84;56.66;"J.C. Graf, 1993, "Lunar Soils Grain Size Catalog" NASA Reference Publication RP-1265"
Apollo 16;60009;"60009;458";58.3 - 58.8;500.0;5.83;56.66;"J.C. Graf, 1993, "Lunar Soils Grain Size Catalog" NASA Reference Publication RP-1265"
Apollo 16;60009;"60009;458";58.3 - 58.8;250.0;10.05;56.66;"J.C. Graf, 1993, "Lunar Soils Grain Size Catalog" NASA Reference Publication RP-1265"
Apollo 16;60009;"60009;458";58.3 - 58.8;150.0;7.79;56.66;"J.C. Graf, 1993, "Lunar Soils Grain Size Catalog" NASA Reference Publication RP-1265"
Apollo 16;60009;"60009;458";58.3 - 58.8;90.0;8.9;56.66;"J.C. Graf, 1993, "Lunar Soils Grain Size Catalog" NASA Reference Publication RP-1265"
Apollo 16;60009;"60009;458";58.3 - 58.8;75.0;3.27;56.66;"J.C. Graf, 1993, "Lunar Soils Grain Size Catalog" NASA Reference Publication RP-1265"
Apollo 16;60009;"60009;458";58.3 - 58.8;45.0;10.8;56.66;"J.C. Graf, 1993, "Lunar Soils Grain Size Catalog" NASA Reference Publication RP-1265"
Apollo 16;60009;"60009;458";58.3 - 58.8;20.0;17.77;56.66;"J.C. Graf, 1993, "Lunar Soils Grain Size Catalog" NASA Reference Publication RP-1265"
Apollo 16;60009;"60009;458";58.3 - 58.8;1.0;26.36;56.66;"J.C. Graf, 1993, "Lunar Soils Grain Size Catalog" NASA Reference Publication RP-1265"
Apollo 16;60009;"60009;457";53.3 - 53.8;10000.0;0.0;165.56;"J.C. Graf, 1993, "Lunar Soils Grain Size Catalog" NASA Reference Publication RP-1265"
Apollo 16;60009;"60009;457";53.3 - 53.8;8000.0;0.0;165.56;"J.C. Graf, 1993, "Lunar Soils Grain Size Catalog" NASA Reference Publication RP-1265"
Apollo 16;60009;"60009;457";53.3 - 53.8;4000.0;6.54;165.56;"J.C. Graf, 1993, "Lunar Soils Grain Size Catalog" NASA Reference Publication RP-1265"
Apollo 16;60009;"60009;457";53.3 - 53.8;2000.0;9.2;165.56;"J.C. Graf, 1993, "Lunar Soils Grain Size Catalog" NASA Reference Publication RP-1265"
Apollo 16;60009;"60009;457";53.3 - 53.8;1000.0;4.66;165.56;"J.C. Graf, 1993, "Lunar Soils Grain Size Catalog" NASA Reference Publication RP-1265"
Apollo 16;60009;"60009;457";53.3 - 53.8;500.0;8.63;165.56;"J.C. Graf, 1993, "Lunar Soils Grain Size Catalog" NASA Reference Publication RP-1265"
Apollo 16;60009;"60009;457";53.3 - 53.8;250.0;12.66;165.56;"J.C. Graf, 1993, "Lunar Soils Grain Size Catalog" NASA Reference Publication RP-1265"
Apollo 16;60009;"60009;457";53.3 - 53.8;150.0;10.3;165.56;"J.C. Graf, 1993, "Lunar Soils Grain Size Catalog" NASA Reference Publication RP-1265"
Apollo 16;60009;"60009;457";53.3 - 53.8;90.0;11.05;165.56;"J.C. Graf, 1993, "Lunar Soils Grain Size Catalog" NASA Reference Publication RP-1265"
Apollo 16;60009;"60009;457";53.3 - 53.8;75.0;3.79;165.56;"J.C. Graf, 1993, "Lunar Soils Grain Size Catalog" NASA Reference Publication RP-1265"
Apollo 16;60009;"60009;457";53.3 - 53.8;45.0;12.38;165.56;"J.C. Graf, 1993, "Lunar Soils Grain Size Catalog" NASA Reference Publication RP-1265"
Apollo 16;60009;"60009;457";53.3 - 53.8;20.0;14.51;165.56;"J.C. Graf, 1993, "Lunar Soils Grain Size Catalog" NASA Reference Publication RP-1265"
Apollo 16;60009;"60009;457";53.3 - 53.8;10.0;2.65;165.56;"J.C. Graf, 1993, "Lunar Soils Grain Size Catalog" NASA Reference Publication RP-1265"
Apollo 16;60009;"60009;457";53.3 - 53.8;1.0;2.61;165.56;"J.C. Graf, 1993, "Lunar Soils Grain Size Catalog" NASA Reference Publication RP-1265"
Apollo 16;60009;"60009;456";48.4 - 49;10000.0;0.0;105.55;"J.C. Graf, 1993, "Lunar Soils Grain Size Catalog" NASA Reference Publication RP-1265"
Apollo 16;60009;"60009;456";48.4 - 49;8000.0;0.0;105.55;"J.C. Graf, 1993, "Lunar Soils Grain Size Catalog" NASA Reference Publication RP-1265"
Apollo 16;60009;"60009;456";48.4 - 49;4000.0;9.12;105.55;"J.C. Graf, 1993, "Lunar Soils Grain Size Catalog" NASA Reference Publication RP-1265"
Apollo 16;60009;"60009;456";48.4 - 49;2000.0;4.53;105.55;"J.C. Graf, 1993, "Lunar Soils Grain Size Catalog" NASA Reference Publication RP-1265"
Apollo 16;60009;"60009;456";48.4 - 49;1000.0;4.48;105.55;"J.C. Graf, 1993, "Lunar Soils Grain Size Catalog" NASA Reference Publication RP-1265"
Apollo 16;60009;"60009;456";48.4 - 49;500.0;6.74;105.55;"J.C. Graf, 1993, "Lunar Soils Grain Size Catalog" NASA Reference Publication RP-1265"
Apollo 16;60009;"60009;456";48.4 - 49;250.0;9.8;105.55;"J.C. Graf, 1993, "Lunar Soils Grain Size Catalog" NASA Reference Publication RP-1265"
Apollo 16;60009;"60009;456";48.4 - 49;150.0;8.78;105.55;"J.C. Graf, 1993, "Lunar Soils Grain Size Catalog" NASA Reference Publication RP-1265"
Apollo 16;60009;"60009;456";48.4 - 49;90.0;9.52;105.55;"J.C. Graf, 1993, "Lunar Soils Grain Size Catalog" NASA Reference Publication RP-1265"
Apollo 16;60009;"60009;456";48.4 - 49;75.0;3.71;105.55;"J.C. Graf, 1993, "Lunar Soils Grain Size Catalog" NASA Reference Publication RP-1265"
Apollo 16;60009;"60009;456";48.4 - 49;45.0;10.9;105.55;"J.C. Graf, 1993, "Lunar Soils Grain Size Catalog" NASA Reference Publication RP-1265"
Apollo 16;60009;"60009;456";48.4 - 49;20.0;16.76;105.55;"J.C. Graf, 1993, "Lunar Soils Grain Size Catalog" NASA Reference Publication RP-1265"
Apollo 16;60009;"60009;456";48.4 - 49;10.0;7.21;105.55;"J.C. Graf, 1993, "Lunar Soils Grain Size Catalog" NASA Reference Publication RP-1265"
Apollo 16;60009;"60009;456";48.4 - 49;1.0;7.44;105.55;"J.C. Graf, 1993, "Lunar Soils Grain Size Catalog" NASA Reference Publication RP-1265"
Apollo 16;60009;"60009;455";42.8 - 43.3;10000.0;0.0;200.57;"J.C. Graf, 1993, "Lunar Soils Grain Size Catalog" NASA Reference Publication RP-1265"
Apollo 16;60009;"60009;455";42.8 - 43.3;8000.0;0.0;200.57;"J.C. Graf, 1993, "Lunar Soils Grain Size Catalog" NASA Reference Publication RP-1265"
Apollo 16;60009;"60009;455";42.8 - 43.3;4000.0;6.07;200.57;"J.C. Graf, 1993, "Lunar Soils Grain Size Catalog" NASA Reference Publication RP-1265"
Apollo 16;60009;"60009;455";42.8 - 43.3;2000.0;6.18;200.57;"J.C. Graf, 1993, "Lunar Soils Grain Size Catalog" NASA Reference Publication RP-1265"
Apollo 16;60009;"60009;455";42.8 - 43.3;1000.0;6.04;200.57;"J.C. Graf, 1993, "Lunar Soils Grain Size Catalog" NASA Reference Publication RP-1265"
Apollo 16;60009;"60009;455";42.8 - 43.3;500.0;11.44;200.57;"J.C. Graf, 1993, "Lunar Soils Grain Size Catalog" NASA Reference Publication RP-1265"
Apollo 16;60009;"60009;455";42.8 - 43.3;250.0;15.31;200.57;"J.C. Graf, 1993, "Lunar Soils Grain Size Catalog" NASA Reference Publication RP-1265"
Apollo 16;60009;"60009;455";42.8 - 43.3;150.0;11.5;200.57;"J.C. Graf, 1993, "Lunar Soils Grain Size Catalog" NASA Reference Publication RP-1265"
Apollo 16;60009;"60009;455";42.8 - 43.3;90.0;11.25;200.57;"J.C. Graf, 1993, "Lunar Soils Grain Size Catalog" NASA Reference Publication RP-1265"
Apollo 16;60009;"60009;455";42.8 - 43.3;75.0;3.55;200.57;"J.C. Graf, 1993, "Lunar Soils Grain Size Catalog" NASA Reference Publication RP-1265"
Apollo 16;60009;"60009;455";42.8 - 43.3;45.0;11.32;200.57;"J.C. Graf, 1993, "Lunar Soils Grain Size Catalog" NASA Reference Publication RP-1265"
Apollo 16;60009;"60009;455";42.8 - 43.3;20.0;15.58;200.57;"J.C. Graf, 1993, "Lunar Soils Grain Size Catalog" NASA Reference Publication RP-1265"
Apollo 16;60009;"60009;455";42.8 - 43.3;10.0;0.29;200.57;"J.C. Graf, 1993, "Lunar Soils Grain Size Catalog" NASA Reference Publication RP-1265"
Apollo 16;60009;"60009;455";42.8 - 43.3;1.0;0.48;200.57;"J.C. Graf, 1993, "Lunar Soils Grain Size Catalog" NASA Reference Publication RP-1265"
Apollo 16;60009;"60009;454";28.8 - 29.3;10000.0;0.0;78.61;"J.C. Graf, 1993, "Lunar Soils Grain Size Catalog" NASA Reference Publication RP-1265"
Apollo 16;60009;"60009;454";28.8 - 29.3;4000.0;0.0;78.61;"J.C. Graf, 1993, "Lunar Soils Grain Size Catalog" NASA Reference Publication RP-1265"
Apollo 16;60009;"60009;454";28.8 - 29.3;2000.0;1.53;78.61;"J.C. Graf, 1993, "Lunar Soils Grain Size Catalog" NASA Reference Publication RP-1265"
Apollo 16;60009;"60009;454";28.8 - 29.3;1000.0;3.08;78.61;"J.C. Graf, 1993, "Lunar Soils Grain Size Catalog" NASA Reference Publication RP-1265"
Apollo 16;60009;"60009;454";28.8 - 29.3;500.0;8.0;78.61;"J.C. Graf, 1993, "Lunar Soils Grain Size Catalog" NASA Reference Publication RP-1265"
Apollo 16;60009;"60009;454";28.8 - 29.3;250.0;12.83;78.61;"J.C. Graf, 1993, "Lunar Soils Grain Size Catalog" NASA Reference Publication RP-1265"
Apollo 16;60009;"60009;454";28.8 - 29.3;150.0;10.35;78.61;"J.C. Graf, 1993, "Lunar Soils Grain Size Catalog" NASA Reference Publication RP-1265"
Apollo 16;60009;"60009;454";28.8 - 29.3;90.0;11.27;78.61;"J.C. Graf, 1993, "Lunar Soils Grain Size Catalog" NASA Reference Publication RP-1265"
Apollo 16;60009;"60009;454";28.8 - 29.3;75.0;3.96;78.61;"J.C. Graf, 1993, "Lunar Soils Grain Size Catalog" NASA Reference Publication RP-1265"
Apollo 16;60009;"60009;454";28.8 - 29.3;45.0;14.63;78.61;"J.C. Graf, 1993, "Lunar Soils Grain Size Catalog" NASA Reference Publication RP-1265"
Apollo 16;60009;"60009;454";28.8 - 29.3;20.0;28.79;78.61;"J.C. Graf, 1993, "Lunar Soils Grain Size Catalog" NASA Reference Publication RP-1265"
Apollo 16;60009;"60009;454";28.8 - 29.3;10.0;1.52;78.61;"J.C. Graf, 1993, "Lunar Soils Grain Size Catalog" NASA Reference Publication RP-1265"
Apollo 16;60009;"60009;454";28.8 - 29.3;1.0;3.03;78.61;"J.C. Graf, 1993, "Lunar Soils Grain Size Catalog" NASA Reference Publication RP-1265"
Apollo 16;60010;"60010;3107";20 - 20.5;10000.0;0.0;64.13;"J.C. Graf, 1993, "Lunar Soils Grain Size Catalog" NASA Reference Publication RP-1265"
Apollo 16;60010;"60010;3107";20 - 20.5;4000.0;6.67;64.13;"J.C. Graf, 1993, "Lunar Soils Grain Size Catalog" NASA Reference Publication RP-1265"
Apollo 16;60010;"60010;3107";20 - 20.5;2000.0;7.48;64.13;"J.C. Graf, 1993, "Lunar Soils Grain Size Catalog" NASA Reference Publication RP-1265"
Apollo 16;60010;"60010;3107";20 - 20.5;1000.0;4.96;64.13;"J.C. Graf, 1993, "Lunar Soils Grain Size Catalog" NASA Reference Publication RP-1265"
Apollo 16;60010;"60010;3107";20 - 20.5;500.0;5.04;64.13;"J.C. Graf, 1993, "Lunar Soils Grain Size Catalog" NASA Reference Publication RP-1265"
Apollo 16;60010;"60010;3107";20 - 20.5;250.0;6.69;64.13;"J.C. Graf, 1993, "Lunar Soils Grain Size Catalog" NASA Reference Publication RP-1265"
Apollo 16;60010;"60010;3107";20 - 20.5;150.0;6.27;64.13;"J.C. Graf, 1993, "Lunar Soils Grain Size Catalog" NASA Reference Publication RP-1265"
Apollo 16;60010;"60010;3107";20 - 20.5;90.0;7.32;64.13;"J.C. Graf, 1993, "Lunar Soils Grain Size Catalog" NASA Reference Publication RP-1265"
Apollo 16;60010;"60010;3107";20 - 20.5;75.0;2.78;64.13;"J.C. Graf, 1993, "Lunar Soils Grain Size Catalog" NASA Reference Publication RP-1265"
Apollo 16;60010;"60010;3107";20 - 20.5;45.0;9.1;64.13;"J.C. Graf, 1993, "Lunar Soils Grain Size Catalog" NASA Reference Publication RP-1265"
Apollo 16;60010;"60010;3107";20 - 20.5;20.0;16.57;64.13;"J.C. Graf, 1993, "Lunar Soils Grain Size Catalog" NASA Reference Publication RP-1265"
Apollo 16;60010;"60010;3107";20 - 20.5;10.0;11.59;64.13;"J.C. Graf, 1993, "Lunar Soils Grain Size Catalog" NASA Reference Publication RP-1265"
Apollo 16;60010;"60010;3107";20 - 20.5;1.0;14.52;64.13;"J.C. Graf, 1993, "Lunar Soils Grain Size Catalog" NASA Reference Publication RP-1265"
Apollo 16;60010;"60010;1073";24.5 - 25;10000.0;0.0;109.67;"J.C. Graf, 1993, "Lunar Soils Grain Size Catalog" NASA Reference Publication RP-1265"
Apollo 16;60010;"60010;1073";24.5 - 25;4000.0;4.35;109.67;"J.C. Graf, 1993, "Lunar Soils Grain Size Catalog" NASA Reference Publication RP-1265"
Apollo 16;60010;"60010;1073";24.5 - 25;2000.0;4.3;109.67;"J.C. Graf, 1993, "Lunar Soils Grain Size Catalog" NASA Reference Publication RP-1265"
Apollo 16;60010;"60010;1073";24.5 - 25;1000.0;5.17;109.67;"J.C. Graf, 1993, "Lunar Soils Grain Size Catalog" NASA Reference Publication RP-1265"
Apollo 16;60010;"60010;1073";24.5 - 25;500.0;10.68;109.67;"J.C. Graf, 1993, "Lunar Soils Grain Size Catalog" NASA Reference Publication RP-1265"
Apollo 16;60010;"60010;1073";24.5 - 25;250.0;10.97;109.67;"J.C. Graf, 1993, "Lunar Soils Grain Size Catalog" NASA Reference Publication RP-1265"
Apollo 16;60010;"60010;1073";24.5 - 25;150.0;8.46;109.67;"J.C. Graf, 1993, "Lunar Soils Grain Size Catalog" NASA Reference Publication RP-1265"
Apollo 16;60010;"60010;1073";24.5 - 25;90.0;9.9;109.67;"J.C. Graf, 1993, "Lunar Soils Grain Size Catalog" NASA Reference Publication RP-1265"
Apollo 16;60010;"60010;1073";24.5 - 25;75.0;3.44;109.67;"J.C. Graf, 1993, "Lunar Soils Grain Size Catalog" NASA Reference Publication RP-1265"
Apollo 16;60010;"60010;1073";24.5 - 25;45.0;10.15;109.67;"J.C. Graf, 1993, "Lunar Soils Grain Size Catalog" NASA Reference Publication RP-1265"
Apollo 16;60010;"60010;1073";24.5 - 25;20.0;12.74;109.67;"J.C. Graf, 1993, "Lunar Soils Grain Size Catalog" NASA Reference Publication RP-1265"
Apollo 16;60010;"60010;1073";24.5 - 25;10.0;10.4;109.67;"J.C. Graf, 1993, "Lunar Soils Grain Size Catalog" NASA Reference Publication RP-1265"
Apollo 16;60010;"60010;1073";24.5 - 25;1.0;8.44;109.67;"J.C. Graf, 1993, "Lunar Soils Grain Size Catalog" NASA Reference Publication RP-1265"
Apollo 16;60010;"60010;1074";14 - 14.5;10000.0;0.0;101.61;"J.C. Graf, 1993, "Lunar Soils Grain Size Catalog" NASA Reference Publication RP-1265"
Apollo 16;60010;"60010;1074";14 - 14.5;4000.0;3.31;101.61;"J.C. Graf, 1993, "Lunar Soils Grain Size Catalog" NASA Reference Publication RP-1265"
Apollo 16;60010;"60010;1074";14 - 14.5;2000.0;4.64;101.61;"J.C. Graf, 1993, "Lunar Soils Grain Size Catalog" NASA Reference Publication RP-1265"
Apollo 16;60010;"60010;1074";14 - 14.5;1000.0;7.37;101.61;"J.C. Graf, 1993, "Lunar Soils Grain Size Catalog" NASA Reference Publication RP-1265"
Apollo 16;60010;"60010;1074";14 - 14.5;500.0;10.6;101.61;"J.C. Graf, 1993, "Lunar Soils Grain Size Catalog" NASA Reference Publication RP-1265"
Apollo 16;60010;"60010;1074";14 - 14.5;250.0;9.69;101.61;"J.C. Graf, 1993, "Lunar Soils Grain Size Catalog" NASA Reference Publication RP-1265"
Apollo 16;60010;"60010;1074";14 - 14.5;150.0;7.87;101.61;"J.C. Graf, 1993, "Lunar Soils Grain Size Catalog" NASA Reference Publication RP-1265"
Apollo 16;60010;"60010;1074";14 - 14.5;90.0;8.55;101.61;"J.C. Graf, 1993, "Lunar Soils Grain Size Catalog" NASA Reference Publication RP-1265"
Apollo 16;60010;"60010;1074";14 - 14.5;75.0;2.94;101.61;"J.C. Graf, 1993, "Lunar Soils Grain Size Catalog" NASA Reference Publication RP-1265"
Apollo 16;60010;"60010;1074";14 - 14.5;45.0;9.46;101.61;"J.C. Graf, 1993, "Lunar Soils Grain Size Catalog" NASA Reference Publication RP-1265"
Apollo 16;60010;"60010;1074";14 - 14.5;20.0;15.27;101.61;"J.C. Graf, 1993, "Lunar Soils Grain Size Catalog" NASA Reference Publication RP-1265"
Apollo 16;60010;"60010;1074";14 - 14.5;10.0;10.45;101.61;"J.C. Graf, 1993, "Lunar Soils Grain Size Catalog" NASA Reference Publication RP-1265"
Apollo 16;60010;"60010;1074";14 - 14.5;1.0;8.83;101.61;"J.C. Graf, 1993, "Lunar Soils Grain Size Catalog" NASA Reference Publication RP-1265"
Apollo 16;60010;"60010;1075";11 - 11.5;10000.0;0.0;90.69;"J.C. Graf, 1993, "Lunar Soils Grain Size Catalog" NASA Reference Publication RP-1265"
Apollo 16;60010;"60010;1075";11 - 11.5;4000.0;2.03;90.69;"J.C. Graf, 1993, "Lunar Soils Grain Size Catalog" NASA Reference Publication RP-1265"
Apollo 16;60010;"60010;1075";11 - 11.5;2000.0;4.85;90.69;"J.C. Graf, 1993, "Lunar Soils Grain Size Catalog" NASA Reference Publication RP-1265"
Apollo 16;60010;"60010;1075";11 - 11.5;1000.0;5.79;90.69;"J.C. Graf, 1993, "Lunar Soils Grain Size Catalog" NASA Reference Publication RP-1265"
Apollo 16;60010;"60010;1075";11 - 11.5;500.0;9.17;90.69;"J.C. Graf, 1993, "Lunar Soils Grain Size Catalog" NASA Reference Publication RP-1265"
Apollo 16;60010;"60010;1075";11 - 11.5;250.0;9.7;90.69;"J.C. Graf, 1993, "Lunar Soils Grain Size Catalog" NASA Reference Publication RP-1265"
Apollo 16;60010;"60010;1075";11 - 11.5;150.0;8.6;90.69;"J.C. Graf, 1993, "Lunar Soils Grain Size Catalog" NASA Reference Publication RP-1265"
Apollo 16;60010;"60010;1075";11 - 11.5;90.0;10.01;90.69;"J.C. Graf, 1993, "Lunar Soils Grain Size Catalog" NASA Reference Publication RP-1265"
Apollo 16;60010;"60010;1075";11 - 11.5;75.0;3.46;90.69;"J.C. Graf, 1993, "Lunar Soils Grain Size Catalog" NASA Reference Publication RP-1265"
Apollo 16;60010;"60010;1075";11 - 11.5;45.0;10.81;90.69;"J.C. Graf, 1993, "Lunar Soils Grain Size Catalog" NASA Reference Publication RP-1265"
Apollo 16;60010;"60010;1075";11 - 11.5;20.0;14.06;90.69;"J.C. Graf, 1993, "Lunar Soils Grain Size Catalog" NASA Reference Publication RP-1265"
Apollo 16;60010;"60010;1075";11 - 11.5;10.0;9.31;90.69;"J.C. Graf, 1993, "Lunar Soils Grain Size Catalog" NASA Reference Publication RP-1265"
Apollo 16;60010;"60010;1075";11 - 11.5;1.0;11.21;90.69;"J.C. Graf, 1993, "Lunar Soils Grain Size Catalog" NASA Reference Publication RP-1265"
Apollo 16;60010;"60010;1076";3.5 - 4;10000.0;0.0;68.25;"J.C. Graf, 1993, "Lunar Soils Grain Size Catalog" NASA Reference Publication RP-1265"
Apollo 16;60010;"60010;1076";3.5 - 4;4000.0;0.0;68.25;"J.C. Graf, 1993, "Lunar Soils Grain Size Catalog" NASA Reference Publication RP-1265"
Apollo 16;60010;"60010;1076";3.5 - 4;2000.0;1.98;68.25;"J.C. Graf, 1993, "Lunar Soils Grain Size Catalog" NASA Reference Publication RP-1265"
Apollo 16;60010;"60010;1076";3.5 - 4;1000.0;4.3;68.25;"J.C. Graf, 1993, "Lunar Soils Grain Size Catalog" NASA Reference Publication RP-1265"
Apollo 16;60010;"60010;1076";3.5 - 4;500.0;8.15;68.25;"J.C. Graf, 1993, "Lunar Soils Grain Size Catalog" NASA Reference Publication RP-1265"
Apollo 16;60010;"60010;1076";3.5 - 4;250.0;10.02;68.25;"J.C. Graf, 1993, "Lunar Soils Grain Size Catalog" NASA Reference Publication RP-1265"
Apollo 16;60010;"60010;1076";3.5 - 4;150.0;9.4;68.25;"J.C. Graf, 1993, "Lunar Soils Grain Size Catalog" NASA Reference Publication RP-1265"
Apollo 16;60010;"60010;1076";3.5 - 4;90.0;9.94;68.25;"J.C. Graf, 1993, "Lunar Soils Grain Size Catalog" NASA Reference Publication RP-1265"
Apollo 16;60010;"60010;1076";3.5 - 4;75.0;4.01;68.25;"J.C. Graf, 1993, "Lunar Soils Grain Size Catalog" NASA Reference Publication RP-1265"
Apollo 16;60010;"60010;1076";3.5 - 4;45.0;11.91;68.25;"J.C. Graf, 1993, "Lunar Soils Grain Size Catalog" NASA Reference Publication RP-1265"
Apollo 16;60010;"60010;1076";3.5 - 4;20.0;17.23;68.25;"J.C. Graf, 1993, "Lunar Soils Grain Size Catalog" NASA Reference Publication RP-1265"
Apollo 16;60010;"60010;1076";3.5 - 4;10.0;14.1;68.25;"J.C. Graf, 1993, "Lunar Soils Grain Size Catalog" NASA Reference Publication RP-1265"
Apollo 16;60010;"60010;1076";3.5 - 4;1.0;7.97;68.25;"J.C. Graf, 1993, "Lunar Soils Grain Size Catalog" NASA Reference Publication RP-1265"
Apollo 16;60010;"60010;1077";0.5 - 1;10000.0;0.0;77.21;"J.C. Graf, 1993, "Lunar Soils Grain Size Catalog" NASA Reference Publication RP-1265"
Apollo 16;60010;"60010;1077";0.5 - 1;4000.0;0.0;77.21;"J.C. Graf, 1993, "Lunar Soils Grain Size Catalog" NASA Reference Publication RP-1265"
Apollo 16;60010;"60010;1077";0.5 - 1;2000.0;1.99;77.21;"J.C. Graf, 1993, "Lunar Soils Grain Size Catalog" NASA Reference Publication RP-1265"
Apollo 16;60010;"60010;1077";0.5 - 1;1000.0;4.25;77.21;"J.C. Graf, 1993, "Lunar Soils Grain Size Catalog" NASA Reference Publication RP-1265"
Apollo 16;60010;"60010;1077";0.5 - 1;500.0;10.1;77.21;"J.C. Graf, 1993, "Lunar Soils Grain Size Catalog" NASA Reference Publication RP-1265"
Apollo 16;60010;"60010;1077";0.5 - 1;250.0;10.32;77.21;"J.C. Graf, 1993, "Lunar Soils Grain Size Catalog" NASA Reference Publication RP-1265"
Apollo 16;60010;"60010;1077";0.5 - 1;150.0;9.5;77.21;"J.C. Graf, 1993, "Lunar Soils Grain Size Catalog" NASA Reference Publication RP-1265"
Apollo 16;60010;"60010;1077";0.5 - 1;90.0;10.3;77.21;"J.C. Graf, 1993, "Lunar Soils Grain Size Catalog" NASA Reference Publication RP-1265"
Apollo 16;60010;"60010;1077";0.5 - 1;75.0;4.21;77.21;"J.C. Graf, 1993, "Lunar Soils Grain Size Catalog" NASA Reference Publication RP-1265"
Apollo 16;60010;"60010;1077";0.5 - 1;45.0;10.72;77.21;"J.C. Graf, 1993, "Lunar Soils Grain Size Catalog" NASA Reference Publication RP-1265"
Apollo 16;60010;"60010;1077";0.5 - 1;20.0;16.83;77.21;"J.C. Graf, 1993, "Lunar Soils Grain Size Catalog" NASA Reference Publication RP-1265"
Apollo 16;60010;"60010;1077";0.5 - 1;10.0;13.73;77.21;"J.C. Graf, 1993, "Lunar Soils Grain Size Catalog" NASA Reference Publication RP-1265"
Apollo 16;60010;"60010;1077";0.5 - 1;1.0;7.06;77.21;"J.C. Graf, 1993, "Lunar Soils Grain Size Catalog" NASA Reference Publication RP-1265"
Apollo 16;60016;"60016;165";;10000.0;0.0;63.41;"J.C. Graf, 1993, "Lunar Soils Grain Size Catalog" NASA Reference Publication RP-1265"
Apollo 16;60016;"60016;165";;4000.0;0.0;63.41;"J.C. Graf, 1993, "Lunar Soils Grain Size Catalog" NASA Reference Publication RP-1265"
Apollo 16;60016;"60016;165";;1000.0;11.99;63.41;"J.C. Graf, 1993, "Lunar Soils Grain Size Catalog" NASA Reference Publication RP-1265"
Apollo 16;60016;"60016;165";;500.0;6.64;63.41;"J.C. Graf, 1993, "Lunar Soils Grain Size Catalog" NASA Reference Publication RP-1265"
Apollo 16;60016;"60016;165";;250.0;9.0;63.41;"J.C. Graf, 1993, "Lunar Soils Grain Size Catalog" NASA Reference Publication RP-1265"
Apollo 16;60016;"60016;165";;150.0;7.85;63.41;"J.C. Graf, 1993, "Lunar Soils Grain Size Catalog" NASA Reference Publication RP-1265"
Apollo 16;60016;"60016;165";;90.0;8.15;63.41;"J.C. Graf, 1993, "Lunar Soils Grain Size Catalog" NASA Reference Publication RP-1265"
Apollo 16;60016;"60016;165";;45.0;12.61;63.41;"J.C. Graf, 1993, "Lunar Soils Grain Size Catalog" NASA Reference Publication RP-1265"
Apollo 16;60016;"60016;165";;20.0;15.36;63.41;"J.C. Graf, 1993, "Lunar Soils Grain Size Catalog" NASA Reference Publication RP-1265"
Apollo 16;60016;"60016;165";;1.0;27.39;63.41;"J.C. Graf, 1993, "Lunar Soils Grain Size Catalog" NASA Reference Publication RP-1265"
Apollo 16;60050;"60050;2";;10000.0;0.0;106.68;"J.C. Graf, 1993, "Lunar Soils Grain Size Catalog" NASA Reference Publication RP-1265"
Apollo 16;60050;"60050;2";;4000.0;3.73;106.68;"J.C. Graf, 1993, "Lunar Soils Grain Size Catalog" NASA Reference Publication RP-1265"
Apollo 16;60050;"60050;2";;2000.0;3.3;106.68;"J.C. Graf, 1993, "Lunar Soils Grain Size Catalog" NASA Reference Publication RP-1265"
Apollo 16;60050;"60050;2";;1000.0;5.09;106.68;"J.C. Graf, 1993, "Lunar Soils Grain Size Catalog" NASA Reference Publication RP-1265"
Apollo 16;60050;"60050;2";;841.0;2.49;106.68;"J.C. Graf, 1993, "Lunar Soils Grain Size Catalog" NASA Reference Publication RP-1265"
Apollo 16;60050;"60050;2";;420.0;10.53;106.68;"J.C. Graf, 1993, "Lunar Soils Grain Size Catalog" NASA Reference Publication RP-1265"
Apollo 16;60050;"60050;2";;250.0;7.73;106.68;"J.C. Graf, 1993, "Lunar Soils Grain Size Catalog" NASA Reference Publication RP-1265"
Apollo 16;60050;"60050;2";;177.0;5.7;106.68;"J.C. Graf, 1993, "Lunar Soils Grain Size Catalog" NASA Reference Publication RP-1265"
Apollo 16;60050;"60050;2";;149.0;4.32;106.68;"J.C. Graf, 1993, "Lunar Soils Grain Size Catalog" NASA Reference Publication RP-1265"
Apollo 16;60050;"60050;2";;125.0;3.42;106.68;"J.C. Graf, 1993, "Lunar Soils Grain Size Catalog" NASA Reference Publication RP-1265"
Apollo 16;60050;"60050;2";;105.0;4.06;106.68;"J.C. Graf, 1993, "Lunar Soils Grain Size Catalog" NASA Reference Publication RP-1265"
Apollo 16;60050;"60050;2";;74.0;6.35;106.68;"J.C. Graf, 1993, "Lunar Soils Grain Size Catalog" NASA Reference Publication RP-1265"
Apollo 16;60050;"60050;2";;53.0;5.63;106.68;"J.C. Graf, 1993, "Lunar Soils Grain Size Catalog" NASA Reference Publication RP-1265"
Apollo 16;60050;"60050;2";;44.0;3.95;106.68;"J.C. Graf, 1993, "Lunar Soils Grain Size Catalog" NASA Reference Publication RP-1265"
Apollo 16;60050;"60050;2";;37.0;3.99;106.68;"J.C. Graf, 1993, "Lunar Soils Grain Size Catalog" NASA Reference Publication RP-1265"
Apollo 16;60050;"60050;2";;30.0;7.01;106.68;"J.C. Graf, 1993, "Lunar Soils Grain Size Catalog" NASA Reference Publication RP-1265"
Apollo 16;60050;"60050;2";;20.0;6.11;106.68;"J.C. Graf, 1993, "Lunar Soils Grain Size Catalog" NASA Reference Publication RP-1265"
Apollo 16;60050;"60050;2";;10.0;7.5;106.68;"J.C. Graf, 1993, "Lunar Soils Grain Size Catalog" NASA Reference Publication RP-1265"
Apollo 16;60050;"60050;2";;1.0;8.1;106.68;"J.C. Graf, 1993, "Lunar Soils Grain Size Catalog" NASA Reference Publication RP-1265"
Apollo 16;60500;"60501;1";;10000.0;0.0;78.25;"J.C. Graf, 1993, "Lunar Soils Grain Size Catalog" NASA Reference Publication RP-1265"
Apollo 16;60500;"60501;1";;4000.0;3.74;78.25;"J.C. Graf, 1993, "Lunar Soils Grain Size Catalog" NASA Reference Publication RP-1265"
Apollo 16;60500;"60501;1";;2000.0;3.3;78.25;"J.C. Graf, 1993, "Lunar Soils Grain Size Catalog" NASA Reference Publication RP-1265"
Apollo 16;60500;"60501;1";;1000.0;5.07;78.25;"J.C. Graf, 1993, "Lunar Soils Grain Size Catalog" NASA Reference Publication RP-1265"
Apollo 16;60500;"60501;1";;500.0;7.15;78.25;"J.C. Graf, 1993, "Lunar Soils Grain Size Catalog" NASA Reference Publication RP-1265"
Apollo 16;60500;"60501;1";;250.0;9.33;78.25;"J.C. Graf, 1993, "Lunar Soils Grain Size Catalog" NASA Reference Publication RP-1265"
Apollo 16;60500;"60501;1";;150.0;8.44;78.25;"J.C. Graf, 1993, "Lunar Soils Grain Size Catalog" NASA Reference Publication RP-1265"
Apollo 16;60500;"60501;1";;90.0;10.03;78.25;"J.C. Graf, 1993, "Lunar Soils Grain Size Catalog" NASA Reference Publication RP-1265"
Apollo 16;60500;"60501;1";;75.0;3.83;78.25;"J.C. Graf, 1993, "Lunar Soils Grain Size Catalog" NASA Reference Publication RP-1265"
Apollo 16;60500;"60501;1";;45.0;11.72;78.25;"J.C. Graf, 1993, "Lunar Soils Grain Size Catalog" NASA Reference Publication RP-1265"
Apollo 16;60500;"60501;1";;20.0;15.43;78.25;"J.C. Graf, 1993, "Lunar Soils Grain Size Catalog" NASA Reference Publication RP-1265"
Apollo 16;60500;"60501;1";;1.0;20.96;78.25;"J.C. Graf, 1993, "Lunar Soils Grain Size Catalog" NASA Reference Publication RP-1265"
Apollo 16;61140;"61141;3";;10000.0;0.0;108.53;"J.C. Graf, 1993, "Lunar Soils Grain Size Catalog" NASA Reference Publication RP-1265"
Apollo 16;61140;"61141;3";;4000.0;3.64;108.53;"J.C. Graf, 1993, "Lunar Soils Grain Size Catalog" NASA Reference Publication RP-1265"
Apollo 16;61140;"61141;3";;2000.0;3.44;108.53;"J.C. Graf, 1993, "Lunar Soils Grain Size Catalog" NASA Reference Publication RP-1265"
Apollo 16;61140;"61141;3";;1000.0;6.02;108.53;"J.C. Graf, 1993, "Lunar Soils Grain Size Catalog" NASA Reference Publication RP-1265"
Apollo 16;61140;"61141;3";;841.0;1.13;108.53;"J.C. Graf, 1993, "Lunar Soils Grain Size Catalog" NASA Reference Publication RP-1265"
Apollo 16;61140;"61141;3";;420.0;8.86;108.53;"J.C. Graf, 1993, "Lunar Soils Grain Size Catalog" NASA Reference Publication RP-1265"
Apollo 16;61140;"61141;3";;250.0;9.09;108.53;"J.C. Graf, 1993, "Lunar Soils Grain Size Catalog" NASA Reference Publication RP-1265"
Apollo 16;61140;"61141;3";;177.0;6.55;108.53;"J.C. Graf, 1993, "Lunar Soils Grain Size Catalog" NASA Reference Publication RP-1265"
Apollo 16;61140;"61141;3";;149.0;3.82;108.53;"J.C. Graf, 1993, "Lunar Soils Grain Size Catalog" NASA Reference Publication RP-1265"
Apollo 16;61140;"61141;3";;125.0;4.2;108.53;"J.C. Graf, 1993, "Lunar Soils Grain Size Catalog" NASA Reference Publication RP-1265"
Apollo 16;61140;"61141;3";;105.0;4.01;108.53;"J.C. Graf, 1993, "Lunar Soils Grain Size Catalog" NASA Reference Publication RP-1265"
Apollo 16;61140;"61141;3";;74.0;6.76;108.53;"J.C. Graf, 1993, "Lunar Soils Grain Size Catalog" NASA Reference Publication RP-1265"
Apollo 16;61140;"61141;3";;53.0;5.6;108.53;"J.C. Graf, 1993, "Lunar Soils Grain Size Catalog" NASA Reference Publication RP-1265"
Apollo 16;61140;"61141;3";;44.0;4.12;108.53;"J.C. Graf, 1993, "Lunar Soils Grain Size Catalog" NASA Reference Publication RP-1265"
Apollo 16;61140;"61141;3";;37.0;3.41;108.53;"J.C. Graf, 1993, "Lunar Soils Grain Size Catalog" NASA Reference Publication RP-1265"
Apollo 16;61140;"61141;3";;30.0;6.99;108.53;"J.C. Graf, 1993, "Lunar Soils Grain Size Catalog" NASA Reference Publication RP-1265"
Apollo 16;61140;"61141;3";;20.0;4.7;108.53;"J.C. Graf, 1993, "Lunar Soils Grain Size Catalog" NASA Reference Publication RP-1265"
Apollo 16;61140;"61141;3";;10.0;7.14;108.53;"J.C. Graf, 1993, "Lunar Soils Grain Size Catalog" NASA Reference Publication RP-1265"
Apollo 16;61140;"61141;3";;1.0;9.51;108.53;"J.C. Graf, 1993, "Lunar Soils Grain Size Catalog" NASA Reference Publication RP-1265"
Apollo 16;61160;"61160;2";;10000.0;0.0;76.03;"J.C. Graf, 1993, "Lunar Soils Grain Size Catalog" NASA Reference Publication RP-1265"
Apollo 16;61160;"61160;2";;4000.0;2.12;76.03;"J.C. Graf, 1993, "Lunar Soils Grain Size Catalog" NASA Reference Publication RP-1265"
Apollo 16;61160;"61160;2";;2000.0;3.53;76.03;"J.C. Graf, 1993, "Lunar Soils Grain Size Catalog" NASA Reference Publication RP-1265"
Apollo 16;61160;"61160;2";;1000.0;5.03;76.03;"J.C. Graf, 1993, "Lunar Soils Grain Size Catalog" NASA Reference Publication RP-1265"
Apollo 16;61160;"61160;2";;500.0;5.76;76.03;"J.C. Graf, 1993, "Lunar Soils Grain Size Catalog" NASA Reference Publication RP-1265"
Apollo 16;61160;"61160;2";;250.0;10.29;76.03;"J.C. Graf, 1993, "Lunar Soils Grain Size Catalog" NASA Reference Publication RP-1265"
Apollo 16;61160;"61160;2";;150.0;9.1;76.03;"J.C. Graf, 1993, "Lunar Soils Grain Size Catalog" NASA Reference Publication RP-1265"
Apollo 16;61160;"61160;2";;90.0;10.96;76.03;"J.C. Graf, 1993, "Lunar Soils Grain Size Catalog" NASA Reference Publication RP-1265"
Apollo 16;61160;"61160;2";;75.0;3.47;76.03;"J.C. Graf, 1993, "Lunar Soils Grain Size Catalog" NASA Reference Publication RP-1265"
Apollo 16;61160;"61160;2";;45.0;10.56;76.03;"J.C. Graf, 1993, "Lunar Soils Grain Size Catalog" NASA Reference Publication RP-1265"
Apollo 16;61160;"61160;2";;20.0;16.54;76.03;"J.C. Graf, 1993, "Lunar Soils Grain Size Catalog" NASA Reference Publication RP-1265"
Apollo 16;61160;"61160;2";;15.6;9.48;76.03;"J.C. Graf, 1993, "Lunar Soils Grain Size Catalog" NASA Reference Publication RP-1265"
Apollo 16;61160;"61160;2";;7.8;7.61;76.03;"J.C. Graf, 1993, "Lunar Soils Grain Size Catalog" NASA Reference Publication RP-1265"
Apollo 16;61160;"61160;2";;3.9;3.54;76.03;"J.C. Graf, 1993, "Lunar Soils Grain Size Catalog" NASA Reference Publication RP-1265"
Apollo 16;61160;"61160;2";;1.0;1.0;76.03;"J.C. Graf, 1993, "Lunar Soils Grain Size Catalog" NASA Reference Publication RP-1265"
Apollo 16;61175;"61175;207";;10000.0;0.0;44.78;"J.C. Graf, 1993, "Lunar Soils Grain Size Catalog" NASA Reference Publication RP-1265"
Apollo 16;61175;"61175;207";;4000.0;0.0;44.78;"J.C. Graf, 1993, "Lunar Soils Grain Size Catalog" NASA Reference Publication RP-1265"
Apollo 16;61175;"61175;207";;2000.0;0.0;44.78;"J.C. Graf, 1993, "Lunar Soils Grain Size Catalog" NASA Reference Publication RP-1265"
Apollo 16;61175;"61175;207";;1000.0;0.87;44.78;"J.C. Graf, 1993, "Lunar Soils Grain Size Catalog" NASA Reference Publication RP-1265"
Apollo 16;61175;"61175;207";;500.0;6.71;44.78;"J.C. Graf, 1993, "Lunar Soils Grain Size Catalog" NASA Reference Publication RP-1265"
Apollo 16;61175;"61175;207";;250.0;9.94;44.78;"J.C. Graf, 1993, "Lunar Soils Grain Size Catalog" NASA Reference Publication RP-1265"
Apollo 16;61175;"61175;207";;150.0;8.85;44.78;"J.C. Graf, 1993, "Lunar Soils Grain Size Catalog" NASA Reference Publication RP-1265"
Apollo 16;61175;"61175;207";;90.0;11.96;44.78;"J.C. Graf, 1993, "Lunar Soils Grain Size Catalog" NASA Reference Publication RP-1265"
Apollo 16;61175;"61175;207";;45.0;11.57;44.78;"J.C. Graf, 1993, "Lunar Soils Grain Size Catalog" NASA Reference Publication RP-1265"
Apollo 16;61175;"61175;207";;20.0;16.6;44.78;"J.C. Graf, 1993, "Lunar Soils Grain Size Catalog" NASA Reference Publication RP-1265"
Apollo 16;61175;"61175;207";;1.0;32.49;44.78;"J.C. Graf, 1993, "Lunar Soils Grain Size Catalog" NASA Reference Publication RP-1265"
Apollo 16;61180;"61181;2";;10000.0;0.0;81.43;"J.C. Graf, 1993, "Lunar Soils Grain Size Catalog" NASA Reference Publication RP-1265"
Apollo 16;61180;"61181;2";;4000.0;3.39;81.43;"J.C. Graf, 1993, "Lunar Soils Grain Size Catalog" NASA Reference Publication RP-1265"
Apollo 16;61180;"61181;2";;2000.0;3.46;81.43;"J.C. Graf, 1993, "Lunar Soils Grain Size Catalog" NASA Reference Publication RP-1265"
Apollo 16;61180;"61181;2";;1000.0;5.25;81.43;"J.C. Graf, 1993, "Lunar Soils Grain Size Catalog" NASA Reference Publication RP-1265"
Apollo 16;61180;"61181;2";;500.0;5.33;81.43;"J.C. Graf, 1993, "Lunar Soils Grain Size Catalog" NASA Reference Publication RP-1265"
Apollo 16;61180;"61181;2";;250.0;11.14;81.43;"J.C. Graf, 1993, "Lunar Soils Grain Size Catalog" NASA Reference Publication RP-1265"
Apollo 16;61180;"61181;2";;150.0;9.13;81.43;"J.C. Graf, 1993, "Lunar Soils Grain Size Catalog" NASA Reference Publication RP-1265"
Apollo 16;61180;"61181;2";;90.0;10.44;81.43;"J.C. Graf, 1993, "Lunar Soils Grain Size Catalog" NASA Reference Publication RP-1265"
Apollo 16;61180;"61181;2";;75.0;3.39;81.43;"J.C. Graf, 1993, "Lunar Soils Grain Size Catalog" NASA Reference Publication RP-1265"
Apollo 16;61180;"61181;2";;45.0;9.99;81.43;"J.C. Graf, 1993, "Lunar Soils Grain Size Catalog" NASA Reference Publication RP-1265"
Apollo 16;61180;"61181;2";;20.0;15.44;81.43;"J.C. Graf, 1993, "Lunar Soils Grain Size Catalog" NASA Reference Publication RP-1265"
Apollo 16;61180;"61181;2";;15.6;7.42;81.43;"J.C. Graf, 1993, "Lunar Soils Grain Size Catalog" NASA Reference Publication RP-1265"
Apollo 16;61180;"61181;2";;7.8;10.14;81.43;"J.C. Graf, 1993, "Lunar Soils Grain Size Catalog" NASA Reference Publication RP-1265"
Apollo 16;61180;"61181;2";;3.9;3.81;81.43;"J.C. Graf, 1993, "Lunar Soils Grain Size Catalog" NASA Reference Publication RP-1265"
Apollo 16;61180;"61181;2";;2.0;0.68;81.43;"J.C. Graf, 1993, "Lunar Soils Grain Size Catalog" NASA Reference Publication RP-1265"
Apollo 16;61180;"61181;2";;1.0;0.0;81.43;"J.C. Graf, 1993, "Lunar Soils Grain Size Catalog" NASA Reference Publication RP-1265"
Apollo 16;61220;"61221;15";;10000.0;0.0;173.34;"J.C. Graf, 1993, "Lunar Soils Grain Size Catalog" NASA Reference Publication RP-1265"
Apollo 16;61220;"61221;15";;4000.0;11.96;173.34;"J.C. Graf, 1993, "Lunar Soils Grain Size Catalog" NASA Reference Publication RP-1265"
Apollo 16;61220;"61221;15";;2000.0;10.87;173.34;"J.C. Graf, 1993, "Lunar Soils Grain Size Catalog" NASA Reference Publication RP-1265"
Apollo 16;61220;"61221;15";;1000.0;7.19;173.34;"J.C. Graf, 1993, "Lunar Soils Grain Size Catalog" NASA Reference Publication RP-1265"
Apollo 16;61220;"61221;15";;500.0;5.6;173.34;"J.C. Graf, 1993, "Lunar Soils Grain Size Catalog" NASA Reference Publication RP-1265"
Apollo 16;61220;"61221;15";;250.0;9.67;173.34;"J.C. Graf, 1993, "Lunar Soils Grain Size Catalog" NASA Reference Publication RP-1265"
Apollo 16;61220;"61221;15";;150.0;6.57;173.34;"J.C. Graf, 1993, "Lunar Soils Grain Size Catalog" NASA Reference Publication RP-1265"
Apollo 16;61220;"61221;15";;90.0;7.79;173.34;"J.C. Graf, 1993, "Lunar Soils Grain Size Catalog" NASA Reference Publication RP-1265"
Apollo 16;61220;"61221;15";;75.0;2.33;173.34;"J.C. Graf, 1993, "Lunar Soils Grain Size Catalog" NASA Reference Publication RP-1265"
Apollo 16;61220;"61221;15";;45.0;7.45;173.34;"J.C. Graf, 1993, "Lunar Soils Grain Size Catalog" NASA Reference Publication RP-1265"
Apollo 16;61220;"61221;15";;20.0;12.63;173.34;"J.C. Graf, 1993, "Lunar Soils Grain Size Catalog" NASA Reference Publication RP-1265"
Apollo 16;61220;"61221;15";;15.6;4.01;173.34;"J.C. Graf, 1993, "Lunar Soils Grain Size Catalog" NASA Reference Publication RP-1265"
Apollo 16;61220;"61221;15";;7.8;7.3;173.34;"J.C. Graf, 1993, "Lunar Soils Grain Size Catalog" NASA Reference Publication RP-1265"
Apollo 16;61220;"61221;15";;3.9;4.31;173.34;"J.C. Graf, 1993, "Lunar Soils Grain Size Catalog" NASA Reference Publication RP-1265"
Apollo 16;61220;"61221;15";;1.0;1.32;173.34;"J.C. Graf, 1993, "Lunar Soils Grain Size Catalog" NASA Reference Publication RP-1265"
Apollo 16;61240;"61241;18";;10000.0;0.0;99.13;"J.C. Graf, 1993, "Lunar Soils Grain Size Catalog" NASA Reference Publication RP-1265"
Apollo 16;61240;"61241;18";;4000.0;4.5;99.13;"J.C. Graf, 1993, "Lunar Soils Grain Size Catalog" NASA Reference Publication RP-1265"
Apollo 16;61240;"61241;18";;2000.0;4.69;99.13;"J.C. Graf, 1993, "Lunar Soils Grain Size Catalog" NASA Reference Publication RP-1265"
Apollo 16;61240;"61241;18";;1000.0;5.86;99.13;"J.C. Graf, 1993, "Lunar Soils Grain Size Catalog" NASA Reference Publication RP-1265"
Apollo 16;61240;"61241;18";;500.0;7.8;99.13;"J.C. Graf, 1993, "Lunar Soils Grain Size Catalog" NASA Reference Publication RP-1265"
Apollo 16;61240;"61241;18";;250.0;11.27;99.13;"J.C. Graf, 1993, "Lunar Soils Grain Size Catalog" NASA Reference Publication RP-1265"
Apollo 16;61240;"61241;18";;150.0;8.38;99.13;"J.C. Graf, 1993, "Lunar Soils Grain Size Catalog" NASA Reference Publication RP-1265"
Apollo 16;61240;"61241;18";;90.0;9.25;99.13;"J.C. Graf, 1993, "Lunar Soils Grain Size Catalog" NASA Reference Publication RP-1265"
Apollo 16;61240;"61241;18";;75.0;3.25;99.13;"J.C. Graf, 1993, "Lunar Soils Grain Size Catalog" NASA Reference Publication RP-1265"
Apollo 16;61240;"61241;18";;45.0;9.7;99.13;"J.C. Graf, 1993, "Lunar Soils Grain Size Catalog" NASA Reference Publication RP-1265"
Apollo 16;61240;"61241;18";;20.0;15.2;99.13;"J.C. Graf, 1993, "Lunar Soils Grain Size Catalog" NASA Reference Publication RP-1265"
Apollo 16;61240;"61241;18";;15.6;7.34;99.13;"J.C. Graf, 1993, "Lunar Soils Grain Size Catalog" NASA Reference Publication RP-1265"
Apollo 16;61240;"61241;18";;7.8;6.68;99.13;"J.C. Graf, 1993, "Lunar Soils Grain Size Catalog" NASA Reference Publication RP-1265"
Apollo 16;61240;"61241;18";;3.9;4.28;99.13;"J.C. Graf, 1993, "Lunar Soils Grain Size Catalog" NASA Reference Publication RP-1265"
Apollo 16;61240;"61241;18";;1.0;0.8;99.13;"J.C. Graf, 1993, "Lunar Soils Grain Size Catalog" NASA Reference Publication RP-1265"
Apollo 16;61500;"61501;18";;10000.0;0.0;107.85;"J.C. Graf, 1993, "Lunar Soils Grain Size Catalog" NASA Reference Publication RP-1265"
Apollo 16;61500;"61501;18";;4000.0;2.39;107.85;"J.C. Graf, 1993, "Lunar Soils Grain Size Catalog" NASA Reference Publication RP-1265"
Apollo 16;61500;"61501;18";;2000.0;3.77;107.85;"J.C. Graf, 1993, "Lunar Soils Grain Size Catalog" NASA Reference Publication RP-1265"
Apollo 16;61500;"61501;18";;1000.0;5.15;107.85;"J.C. Graf, 1993, "Lunar Soils Grain Size Catalog" NASA Reference Publication RP-1265"
Apollo 16;61500;"61501;18";;841.0;2.33;107.85;"J.C. Graf, 1993, "Lunar Soils Grain Size Catalog" NASA Reference Publication RP-1265"
Apollo 16;61500;"61501;18";;420.0;8.87;107.85;"J.C. Graf, 1993, "Lunar Soils Grain Size Catalog" NASA Reference Publication RP-1265"
Apollo 16;61500;"61501;18";;250.0;9.16;107.85;"J.C. Graf, 1993, "Lunar Soils Grain Size Catalog" NASA Reference Publication RP-1265"
Apollo 16;61500;"61501;18";;177.0;6.49;107.85;"J.C. Graf, 1993, "Lunar Soils Grain Size Catalog" NASA Reference Publication RP-1265"
Apollo 16;61500;"61501;18";;149.0;3.86;107.85;"J.C. Graf, 1993, "Lunar Soils Grain Size Catalog" NASA Reference Publication RP-1265"
Apollo 16;61500;"61501;18";;125.0;4.07;107.85;"J.C. Graf, 1993, "Lunar Soils Grain Size Catalog" NASA Reference Publication RP-1265"
Apollo 16;61500;"61501;18";;105.0;4.62;107.85;"J.C. Graf, 1993, "Lunar Soils Grain Size Catalog" NASA Reference Publication RP-1265"
Apollo 16;61500;"61501;18";;74.0;6.77;107.85;"J.C. Graf, 1993, "Lunar Soils Grain Size Catalog" NASA Reference Publication RP-1265"
Apollo 16;61500;"61501;18";;53.0;5.46;107.85;"J.C. Graf, 1993, "Lunar Soils Grain Size Catalog" NASA Reference Publication RP-1265"
Apollo 16;61500;"61501;18";;44.0;3.7;107.85;"J.C. Graf, 1993, "Lunar Soils Grain Size Catalog" NASA Reference Publication RP-1265"
Apollo 16;61500;"61501;18";;37.0;3.5;107.85;"J.C. Graf, 1993, "Lunar Soils Grain Size Catalog" NASA Reference Publication RP-1265"
Apollo 16;61500;"61501;18";;30.0;6.62;107.85;"J.C. Graf, 1993, "Lunar Soils Grain Size Catalog" NASA Reference Publication RP-1265"
Apollo 16;61500;"61501;18";;20.0;6.38;107.85;"J.C. Graf, 1993, "Lunar Soils Grain Size Catalog" NASA Reference Publication RP-1265"
Apollo 16;61500;"61501;18";;10.0;7.14;107.85;"J.C. Graf, 1993, "Lunar Soils Grain Size Catalog" NASA Reference Publication RP-1265"
Apollo 16;61500;"61501;18";;1.0;8.73;107.85;"J.C. Graf, 1993, "Lunar Soils Grain Size Catalog" NASA Reference Publication RP-1265"
Apollo 16;66040;"66041;23";;10000.0;0.0;250.0;"J.C. Graf, 1993, "Lunar Soils Grain Size Catalog" NASA Reference Publication RP-1265"
Apollo 16;66040;"66041;23";;4000.0;2.77;250.0;"J.C. Graf, 1993, "Lunar Soils Grain Size Catalog" NASA Reference Publication RP-1265"
Apollo 16;66040;"66041;23";;2000.0;3.8;250.0;"J.C. Graf, 1993, "Lunar Soils Grain Size Catalog" NASA Reference Publication RP-1265"
Apollo 16;66040;"66041;23";;1000.0;4.78;250.0;"J.C. Graf, 1993, "Lunar Soils Grain Size Catalog" NASA Reference Publication RP-1265"
Apollo 16;66040;"66041;23";;500.0;7.62;250.0;"J.C. Graf, 1993, "Lunar Soils Grain Size Catalog" NASA Reference Publication RP-1265"
Apollo 16;66040;"66041;23";;250.0;10.86;250.0;"J.C. Graf, 1993, "Lunar Soils Grain Size Catalog" NASA Reference Publication RP-1265"
Apollo 16;66040;"66041;23";;125.0;13.14;250.0;"J.C. Graf, 1993, "Lunar Soils Grain Size Catalog" NASA Reference Publication RP-1265"
Apollo 16;66040;"66041;23";;63.0;10.68;250.0;"J.C. Graf, 1993, "Lunar Soils Grain Size Catalog" NASA Reference Publication RP-1265"
Apollo 16;66040;"66041;23";;20.0;13.66;250.0;"J.C. Graf, 1993, "Lunar Soils Grain Size Catalog" NASA Reference Publication RP-1265"
Apollo 16;66040;"66041;23";;10.0;8.14;250.0;"J.C. Graf, 1993, "Lunar Soils Grain Size Catalog" NASA Reference Publication RP-1265"
Apollo 16;66040;"66041;23";;4.0;11.03;250.0;"J.C. Graf, 1993, "Lunar Soils Grain Size Catalog" NASA Reference Publication RP-1265"
Apollo 16;66040;"66041;23";;1.0;12.52;250.0;"J.C. Graf, 1993, "Lunar Soils Grain Size Catalog" NASA Reference Publication RP-1265"
Apollo 16;62280;"62281;9";;10000.0;0.0;110.46;"J.C. Graf, 1993, "Lunar Soils Grain Size Catalog" NASA Reference Publication RP-1265"
Apollo 16;62280;"62281;9";;4000.0;5.29;110.46;"J.C. Graf, 1993, "Lunar Soils Grain Size Catalog" NASA Reference Publication RP-1265"
Apollo 16;62280;"62281;9";;2000.0;4.85;110.46;"J.C. Graf, 1993, "Lunar Soils Grain Size Catalog" NASA Reference Publication RP-1265"
Apollo 16;62280;"62281;9";;1000.0;8.03;110.46;"J.C. Graf, 1993, "Lunar Soils Grain Size Catalog" NASA Reference Publication RP-1265"
Apollo 16;62280;"62281;9";;500.0;7.74;110.46;"J.C. Graf, 1993, "Lunar Soils Grain Size Catalog" NASA Reference Publication RP-1265"
Apollo 16;62280;"62281;9";;250.0;10.1;110.46;"J.C. Graf, 1993, "Lunar Soils Grain Size Catalog" NASA Reference Publication RP-1265"
Apollo 16;62280;"62281;9";;150.0;8.36;110.46;"J.C. Graf, 1993, "Lunar Soils Grain Size Catalog" NASA Reference Publication RP-1265"
Apollo 16;62280;"62281;9";;90.0;9.4;110.46;"J.C. Graf, 1993, "Lunar Soils Grain Size Catalog" NASA Reference Publication RP-1265"
Apollo 16;62280;"62281;9";;75.0;2.72;110.46;"J.C. Graf, 1993, "Lunar Soils Grain Size Catalog" NASA Reference Publication RP-1265"
Apollo 16;62280;"62281;9";;45.0;8.75;110.46;"J.C. Graf, 1993, "Lunar Soils Grain Size Catalog" NASA Reference Publication RP-1265"
Apollo 16;62280;"62281;9";;20.0;14.53;110.46;"J.C. Graf, 1993, "Lunar Soils Grain Size Catalog" NASA Reference Publication RP-1265"
Apollo 16;62280;"62281;9";;15.6;6.83;110.46;"J.C. Graf, 1993, "Lunar Soils Grain Size Catalog" NASA Reference Publication RP-1265"
Apollo 16;62280;"62281;9";;7.8;7.47;110.46;"J.C. Graf, 1993, "Lunar Soils Grain Size Catalog" NASA Reference Publication RP-1265"
Apollo 16;62280;"62281;9";;3.9;4.22;110.46;"J.C. Graf, 1993, "Lunar Soils Grain Size Catalog" NASA Reference Publication RP-1265"
Apollo 16;62280;"62281;9";;1.0;0.71;110.46;"J.C. Graf, 1993, "Lunar Soils Grain Size Catalog" NASA Reference Publication RP-1265"
Apollo 16;63320;"63321;14";;10000.0;0.0;147.02;"J.C. Graf, 1993, "Lunar Soils Grain Size Catalog" NASA Reference Publication RP-1265"
Apollo 16;63320;"63321;14";;4000.0;3.58;147.02;"J.C. Graf, 1993, "Lunar Soils Grain Size Catalog" NASA Reference Publication RP-1265"
Apollo 16;63320;"63321;14";;2000.0;6.36;147.02;"J.C. Graf, 1993, "Lunar Soils Grain Size Catalog" NASA Reference Publication RP-1265"
Apollo 16;63320;"63321;14";;1000.0;8.33;147.02;"J.C. Graf, 1993, "Lunar Soils Grain Size Catalog" NASA Reference Publication RP-1265"
Apollo 16;63320;"63321;14";;500.0;9.91;147.02;"J.C. Graf, 1993, "Lunar Soils Grain Size Catalog" NASA Reference Publication RP-1265"
Apollo 16;63320;"63321;14";;250.0;12.7;147.02;"J.C. Graf, 1993, "Lunar Soils Grain Size Catalog" NASA Reference Publication RP-1265"
Apollo 16;63320;"63321;14";;150.0;8.74;147.02;"J.C. Graf, 1993, "Lunar Soils Grain Size Catalog" NASA Reference Publication RP-1265"
Apollo 16;63320;"63321;14";;90.0;9.67;147.02;"J.C. Graf, 1993, "Lunar Soils Grain Size Catalog" NASA Reference Publication RP-1265"
Apollo 16;63320;"63321;14";;75.0;2.65;147.02;"J.C. Graf, 1993, "Lunar Soils Grain Size Catalog" NASA Reference Publication RP-1265"
Apollo 16;63320;"63321;14";;45.0;8.14;147.02;"J.C. Graf, 1993, "Lunar Soils Grain Size Catalog" NASA Reference Publication RP-1265"
Apollo 16;63320;"63321;14";;20.0;12.42;147.02;"J.C. Graf, 1993, "Lunar Soils Grain Size Catalog" NASA Reference Publication RP-1265"
Apollo 16;63320;"63321;14";;15.6;4.98;147.02;"J.C. Graf, 1993, "Lunar Soils Grain Size Catalog" NASA Reference Publication RP-1265"
Apollo 16;63320;"63321;14";;7.8;7.88;147.02;"J.C. Graf, 1993, "Lunar Soils Grain Size Catalog" NASA Reference Publication RP-1265"
Apollo 16;63320;"63321;14";;3.9;2.82;147.02;"J.C. Graf, 1993, "Lunar Soils Grain Size Catalog" NASA Reference Publication RP-1265"
Apollo 16;63320;"63321;14";;1.0;0.81;147.02;"J.C. Graf, 1993, "Lunar Soils Grain Size Catalog" NASA Reference Publication RP-1265"
Apollo 16;63340;"63321;9";;10000.0;0.0;132.83;"J.C. Graf, 1993, "Lunar Soils Grain Size Catalog" NASA Reference Publication RP-1265"
Apollo 16;63340;"63321;9";;4000.0;3.02;132.83;"J.C. Graf, 1993, "Lunar Soils Grain Size Catalog" NASA Reference Publication RP-1265"
Apollo 16;63340;"63321;9";;2000.0;6.69;132.83;"J.C. Graf, 1993, "Lunar Soils Grain Size Catalog" NASA Reference Publication RP-1265"
Apollo 16;63340;"63321;9";;1000.0;7.92;132.83;"J.C. Graf, 1993, "Lunar Soils Grain Size Catalog" NASA Reference Publication RP-1265"
Apollo 16;63340;"63321;9";;500.0;8.78;132.83;"J.C. Graf, 1993, "Lunar Soils Grain Size Catalog" NASA Reference Publication RP-1265"
Apollo 16;63340;"63321;9";;250.0;12.63;132.83;"J.C. Graf, 1993, "Lunar Soils Grain Size Catalog" NASA Reference Publication RP-1265"
Apollo 16;63340;"63321;9";;150.0;8.74;132.83;"J.C. Graf, 1993, "Lunar Soils Grain Size Catalog" NASA Reference Publication RP-1265"
Apollo 16;63340;"63321;9";;90.0;9.33;132.83;"J.C. Graf, 1993, "Lunar Soils Grain Size Catalog" NASA Reference Publication RP-1265"
Apollo 16;63340;"63321;9";;75.0;2.97;132.83;"J.C. Graf, 1993, "Lunar Soils Grain Size Catalog" NASA Reference Publication RP-1265"
Apollo 16;63340;"63321;9";;45.0;8.36;132.83;"J.C. Graf, 1993, "Lunar Soils Grain Size Catalog" NASA Reference Publication RP-1265"
Apollo 16;63340;"63321;9";;20.0;13.03;132.83;"J.C. Graf, 1993, "Lunar Soils Grain Size Catalog" NASA Reference Publication RP-1265"
Apollo 16;63340;"63321;9";;15.6;5.55;132.83;"J.C. Graf, 1993, "Lunar Soils Grain Size Catalog" NASA Reference Publication RP-1265"
Apollo 16;63340;"63321;9";;7.8;7.58;132.83;"J.C. Graf, 1993, "Lunar Soils Grain Size Catalog" NASA Reference Publication RP-1265"
Apollo 16;63340;"63321;9";;3.9;3.82;132.83;"J.C. Graf, 1993, "Lunar Soils Grain Size Catalog" NASA Reference Publication RP-1265"
Apollo 16;63340;"63321;9";;1.0;0.57;132.83;"J.C. Graf, 1993, "Lunar Soils Grain Size Catalog" NASA Reference Publication RP-1265"
Apollo 16;63500;"63501;30";;10000.0;0.0;151.15;"J.C. Graf, 1993, "Lunar Soils Grain Size Catalog" NASA Reference Publication RP-1265"
Apollo 16;63500;"63501;30";;4000.0;4.3;151.15;"J.C. Graf, 1993, "Lunar Soils Grain Size Catalog" NASA Reference Publication RP-1265"
Apollo 16;63500;"63501;30";;2000.0;3.6;151.15;"J.C. Graf, 1993, "Lunar Soils Grain Size Catalog" NASA Reference Publication RP-1265"
Apollo 16;63500;"63501;30";;1000.0;6.27;151.15;"J.C. Graf, 1993, "Lunar Soils Grain Size Catalog" NASA Reference Publication RP-1265"
Apollo 16;63500;"63501;30";;841.0;2.47;151.15;"J.C. Graf, 1993, "Lunar Soils Grain Size Catalog" NASA Reference Publication RP-1265"
Apollo 16;63500;"63501;30";;420.0;8.78;151.15;"J.C. Graf, 1993, "Lunar Soils Grain Size Catalog" NASA Reference Publication RP-1265"
Apollo 16;63500;"63501;30";;250.0;10.36;151.15;"J.C. Graf, 1993, "Lunar Soils Grain Size Catalog" NASA Reference Publication RP-1265"
Apollo 16;63500;"63501;30";;177.0;10.09;151.15;"J.C. Graf, 1993, "Lunar Soils Grain Size Catalog" NASA Reference Publication RP-1265"
Apollo 16;63500;"63501;30";;150.0;4.33;151.15;"J.C. Graf, 1993, "Lunar Soils Grain Size Catalog" NASA Reference Publication RP-1265"
Apollo 16;63500;"63501;30";;125.0;4.27;151.15;"J.C. Graf, 1993, "Lunar Soils Grain Size Catalog" NASA Reference Publication RP-1265"
Apollo 16;63500;"63501;30";;105.0;3.72;151.15;"J.C. Graf, 1993, "Lunar Soils Grain Size Catalog" NASA Reference Publication RP-1265"
Apollo 16;63500;"63501;30";;74.0;7.06;151.15;"J.C. Graf, 1993, "Lunar Soils Grain Size Catalog" NASA Reference Publication RP-1265"
Apollo 16;63500;"63501;30";;53.0;5.7;151.15;"J.C. Graf, 1993, "Lunar Soils Grain Size Catalog" NASA Reference Publication RP-1265"
Apollo 16;63500;"63501;30";;44.0;4.76;151.15;"J.C. Graf, 1993, "Lunar Soils Grain Size Catalog" NASA Reference Publication RP-1265"
Apollo 16;63500;"63501;30";;37.0;3.81;151.15;"J.C. Graf, 1993, "Lunar Soils Grain Size Catalog" NASA Reference Publication RP-1265"
Apollo 16;63500;"63501;30";;30.0;5.14;151.15;"J.C. Graf, 1993, "Lunar Soils Grain Size Catalog" NASA Reference Publication RP-1265"
Apollo 16;63500;"63501;30";;20.0;6.25;151.15;"J.C. Graf, 1993, "Lunar Soils Grain Size Catalog" NASA Reference Publication RP-1265"
Apollo 16;63500;"63501;30";;10.0;4.29;151.15;"J.C. Graf, 1993, "Lunar Soils Grain Size Catalog" NASA Reference Publication RP-1265"
Apollo 16;63500;"63501;30";;1.0;3.81;151.15;"J.C. Graf, 1993, "Lunar Soils Grain Size Catalog" NASA Reference Publication RP-1265"
Apollo 16;63500;"63501;34";;10000.0;0.0;100.99;"J.C. Graf, 1993, "Lunar Soils Grain Size Catalog" NASA Reference Publication RP-1265"
Apollo 16;63500;"63501;34";;4000.0;4.3;100.99;"J.C. Graf, 1993, "Lunar Soils Grain Size Catalog" NASA Reference Publication RP-1265"
Apollo 16;63500;"63501;34";;2000.0;3.6;100.99;"J.C. Graf, 1993, "Lunar Soils Grain Size Catalog" NASA Reference Publication RP-1265"
Apollo 16;63500;"63501;34";;1000.0;6.27;100.99;"J.C. Graf, 1993, "Lunar Soils Grain Size Catalog" NASA Reference Publication RP-1265"
Apollo 16;63500;"63501;34";;500.0;5.88;100.99;"J.C. Graf, 1993, "Lunar Soils Grain Size Catalog" NASA Reference Publication RP-1265"
Apollo 16;63500;"63501;34";;250.0;11.99;100.99;"J.C. Graf, 1993, "Lunar Soils Grain Size Catalog" NASA Reference Publication RP-1265"
Apollo 16;63500;"63501;34";;150.0;9.48;100.99;"J.C. Graf, 1993, "Lunar Soils Grain Size Catalog" NASA Reference Publication RP-1265"
Apollo 16;63500;"63501;34";;90.0;10.95;100.99;"J.C. Graf, 1993, "Lunar Soils Grain Size Catalog" NASA Reference Publication RP-1265"
Apollo 16;63500;"63501;34";;75.0;3.32;100.99;"J.C. Graf, 1993, "Lunar Soils Grain Size Catalog" NASA Reference Publication RP-1265"
Apollo 16;63500;"63501;34";;45.0;9.81;100.99;"J.C. Graf, 1993, "Lunar Soils Grain Size Catalog" NASA Reference Publication RP-1265"
Apollo 16;63500;"63501;34";;20.0;14.77;100.99;"J.C. Graf, 1993, "Lunar Soils Grain Size Catalog" NASA Reference Publication RP-1265"
Apollo 16;63500;"63501;34";;15.6;6.61;100.99;"J.C. Graf, 1993, "Lunar Soils Grain Size Catalog" NASA Reference Publication RP-1265"
Apollo 16;63500;"63501;34";;7.8;7.25;100.99;"J.C. Graf, 1993, "Lunar Soils Grain Size Catalog" NASA Reference Publication RP-1265"
Apollo 16;63500;"63501;34";;3.9;3.8;100.99;"J.C. Graf, 1993, "Lunar Soils Grain Size Catalog" NASA Reference Publication RP-1265"
Apollo 16;63500;"63501;34";;1.0;0.97;100.99;"J.C. Graf, 1993, "Lunar Soils Grain Size Catalog" NASA Reference Publication RP-1265"
Apollo 16;64001;"64001;375";59 - 59.5;10000.0;0.0;46.21;"J.C. Graf, 1993, "Lunar Soils Grain Size Catalog" NASA Reference Publication RP-1265"
Apollo 16;64001;"64001;375";59 - 59.5;4000.0;0.0;46.21;"J.C. Graf, 1993, "Lunar Soils Grain Size Catalog" NASA Reference Publication RP-1265"
Apollo 16;64001;"64001;375";59 - 59.5;2000.0;0.89;46.21;"J.C. Graf, 1993, "Lunar Soils Grain Size Catalog" NASA Reference Publication RP-1265"
Apollo 16;64001;"64001;375";59 - 59.5;1000.0;2.38;46.21;"J.C. Graf, 1993, "Lunar Soils Grain Size Catalog" NASA Reference Publication RP-1265"
Apollo 16;64001;"64001;375";59 - 59.5;500.0;2.97;46.21;"J.C. Graf, 1993, "Lunar Soils Grain Size Catalog" NASA Reference Publication RP-1265"
Apollo 16;64001;"64001;375";59 - 59.5;250.0;7.31;46.21;"J.C. Graf, 1993, "Lunar Soils Grain Size Catalog" NASA Reference Publication RP-1265"
Apollo 16;64001;"64001;375";59 - 59.5;150.0;8.47;46.21;"J.C. Graf, 1993, "Lunar Soils Grain Size Catalog" NASA Reference Publication RP-1265"
Apollo 16;64001;"64001;375";59 - 59.5;90.0;11.2;46.21;"J.C. Graf, 1993, "Lunar Soils Grain Size Catalog" NASA Reference Publication RP-1265"
Apollo 16;64001;"64001;375";59 - 59.5;75.0;4.21;46.21;"J.C. Graf, 1993, "Lunar Soils Grain Size Catalog" NASA Reference Publication RP-1265"
Apollo 16;64001;"64001;375";59 - 59.5;45.0;13.26;46.21;"J.C. Graf, 1993, "Lunar Soils Grain Size Catalog" NASA Reference Publication RP-1265"
Apollo 16;64001;"64001;375";59 - 59.5;20.0;16.17;46.21;"J.C. Graf, 1993, "Lunar Soils Grain Size Catalog" NASA Reference Publication RP-1265"
Apollo 16;64001;"64001;375";59 - 59.5;1.0;32.15;46.21;"J.C. Graf, 1993, "Lunar Soils Grain Size Catalog" NASA Reference Publication RP-1265"
Apollo 16;64001;"64001;374";52 - 52.5;10000.0;0.0;52.33;"J.C. Graf, 1993, "Lunar Soils Grain Size Catalog" NASA Reference Publication RP-1265"
Apollo 16;64001;"64001;374";52 - 52.5;4000.0;0.0;52.33;"J.C. Graf, 1993, "Lunar Soils Grain Size Catalog" NASA Reference Publication RP-1265"
Apollo 16;64001;"64001;374";52 - 52.5;2000.0;1.72;52.33;"J.C. Graf, 1993, "Lunar Soils Grain Size Catalog" NASA Reference Publication RP-1265"
Apollo 16;64001;"64001;374";52 - 52.5;1000.0;3.56;52.33;"J.C. Graf, 1993, "Lunar Soils Grain Size Catalog" NASA Reference Publication RP-1265"
Apollo 16;64001;"64001;374";52 - 52.5;500.0;5.09;52.33;"J.C. Graf, 1993, "Lunar Soils Grain Size Catalog" NASA Reference Publication RP-1265"
Apollo 16;64001;"64001;374";52 - 52.5;250.0;8.73;52.33;"J.C. Graf, 1993, "Lunar Soils Grain Size Catalog" NASA Reference Publication RP-1265"
Apollo 16;64001;"64001;374";52 - 52.5;150.0;8.02;52.33;"J.C. Graf, 1993, "Lunar Soils Grain Size Catalog" NASA Reference Publication RP-1265"
Apollo 16;64001;"64001;374";52 - 52.5;90.0;10.32;52.33;"J.C. Graf, 1993, "Lunar Soils Grain Size Catalog" NASA Reference Publication RP-1265"
Apollo 16;64001;"64001;374";52 - 52.5;75.0;4.02;52.33;"J.C. Graf, 1993, "Lunar Soils Grain Size Catalog" NASA Reference Publication RP-1265"
Apollo 16;64001;"64001;374";52 - 52.5;45.0;12.12;52.33;"J.C. Graf, 1993, "Lunar Soils Grain Size Catalog" NASA Reference Publication RP-1265"
Apollo 16;64001;"64001;374";52 - 52.5;20.0;16.35;52.33;"J.C. Graf, 1993, "Lunar Soils Grain Size Catalog" NASA Reference Publication RP-1265"
Apollo 16;64001;"64001;374";52 - 52.5;1.0;29.07;52.33;"J.C. Graf, 1993, "Lunar Soils Grain Size Catalog" NASA Reference Publication RP-1265"
Apollo 16;64001;"64001;373";46.5 - 47;10000.0;0.0;61.6;"J.C. Graf, 1993, "Lunar Soils Grain Size Catalog" NASA Reference Publication RP-1265"
Apollo 16;64001;"64001;373";46.5 - 47;4000.0;5.64;61.6;"J.C. Graf, 1993, "Lunar Soils Grain Size Catalog" NASA Reference Publication RP-1265"
Apollo 16;64001;"64001;373";46.5 - 47;2000.0;3.86;61.6;"J.C. Graf, 1993, "Lunar Soils Grain Size Catalog" NASA Reference Publication RP-1265"
Apollo 16;64001;"64001;373";46.5 - 47;1000.0;4.09;61.6;"J.C. Graf, 1993, "Lunar Soils Grain Size Catalog" NASA Reference Publication RP-1265"
Apollo 16;64001;"64001;373";46.5 - 47;500.0;4.91;61.6;"J.C. Graf, 1993, "Lunar Soils Grain Size Catalog" NASA Reference Publication RP-1265"
Apollo 16;64001;"64001;373";46.5 - 47;250.0;6.26;61.6;"J.C. Graf, 1993, "Lunar Soils Grain Size Catalog" NASA Reference Publication RP-1265"
Apollo 16;64001;"64001;373";46.5 - 47;150.0;7.04;61.6;"J.C. Graf, 1993, "Lunar Soils Grain Size Catalog" NASA Reference Publication RP-1265"
Apollo 16;64001;"64001;373";46.5 - 47;90.0;10.0;61.6;"J.C. Graf, 1993, "Lunar Soils Grain Size Catalog" NASA Reference Publication RP-1265"
Apollo 16;64001;"64001;373";46.5 - 47;75.0;3.7;61.6;"J.C. Graf, 1993, "Lunar Soils Grain Size Catalog" NASA Reference Publication RP-1265"
Apollo 16;64001;"64001;373";46.5 - 47;45.0;11.68;61.6;"J.C. Graf, 1993, "Lunar Soils Grain Size Catalog" NASA Reference Publication RP-1265"
Apollo 16;64001;"64001;373";46.5 - 47;20.0;15.91;61.6;"J.C. Graf, 1993, "Lunar Soils Grain Size Catalog" NASA Reference Publication RP-1265"
Apollo 16;64001;"64001;373";46.5 - 47;1.0;25.92;61.6;"J.C. Graf, 1993, "Lunar Soils Grain Size Catalog" NASA Reference Publication RP-1265"
Apollo 16;64001;"64001;372";42 - 42.5;10000.0;0.0;57.01;"J.C. Graf, 1993, "Lunar Soils Grain Size Catalog" NASA Reference Publication RP-1265"
Apollo 16;64001;"64001;372";42 - 42.5;4000.0;5.18;57.01;"J.C. Graf, 1993, "Lunar Soils Grain Size Catalog" NASA Reference Publication RP-1265"
Apollo 16;64001;"64001;372";42 - 42.5;2000.0;0.74;57.01;"J.C. Graf, 1993, "Lunar Soils Grain Size Catalog" NASA Reference Publication RP-1265"
Apollo 16;64001;"64001;372";42 - 42.5;1000.0;3.88;57.01;"J.C. Graf, 1993, "Lunar Soils Grain Size Catalog" NASA Reference Publication RP-1265"
Apollo 16;64001;"64001;372";42 - 42.5;500.0;7.33;57.01;"J.C. Graf, 1993, "Lunar Soils Grain Size Catalog" NASA Reference Publication RP-1265"
Apollo 16;64001;"64001;372";42 - 42.5;250.0;6.67;57.01;"J.C. Graf, 1993, "Lunar Soils Grain Size Catalog" NASA Reference Publication RP-1265"
Apollo 16;64001;"64001;372";42 - 42.5;150.0;7.0;57.01;"J.C. Graf, 1993, "Lunar Soils Grain Size Catalog" NASA Reference Publication RP-1265"
Apollo 16;64001;"64001;372";42 - 42.5;90.0;9.21;57.01;"J.C. Graf, 1993, "Lunar Soils Grain Size Catalog" NASA Reference Publication RP-1265"
Apollo 16;64001;"64001;372";42 - 42.5;75.0;3.59;57.01;"J.C. Graf, 1993, "Lunar Soils Grain Size Catalog" NASA Reference Publication RP-1265"
Apollo 16;64001;"64001;372";42 - 42.5;45.0;11.92;57.01;"J.C. Graf, 1993, "Lunar Soils Grain Size Catalog" NASA Reference Publication RP-1265"
Apollo 16;64001;"64001;372";42 - 42.5;20.0;13.66;57.01;"J.C. Graf, 1993, "Lunar Soils Grain Size Catalog" NASA Reference Publication RP-1265"
Apollo 16;64001;"64001;372";42 - 42.5;1.0;29.81;57.01;"J.C. Graf, 1993, "Lunar Soils Grain Size Catalog" NASA Reference Publication RP-1265"
Apollo 16;64001;"64001;371";35 - 35.5;10000.0;0.0;50.72;"J.C. Graf, 1993, "Lunar Soils Grain Size Catalog" NASA Reference Publication RP-1265"
Apollo 16;64001;"64001;371";35 - 35.5;4000.0;0.0;50.72;"J.C. Graf, 1993, "Lunar Soils Grain Size Catalog" NASA Reference Publication RP-1265"
Apollo 16;64001;"64001;371";35 - 35.5;2000.0;0.14;50.72;"J.C. Graf, 1993, "Lunar Soils Grain Size Catalog" NASA Reference Publication RP-1265"
Apollo 16;64001;"64001;371";35 - 35.5;1000.0;3.43;50.72;"J.C. Graf, 1993, "Lunar Soils Grain Size Catalog" NASA Reference Publication RP-1265"
Apollo 16;64001;"64001;371";35 - 35.5;500.0;5.02;50.72;"J.C. Graf, 1993, "Lunar Soils Grain Size Catalog" NASA Reference Publication RP-1265"
Apollo 16;64001;"64001;371";35 - 35.5;250.0;8.66;50.72;"J.C. Graf, 1993, "Lunar Soils Grain Size Catalog" NASA Reference Publication RP-1265"
Apollo 16;64001;"64001;371";35 - 35.5;150.0;8.41;50.72;"J.C. Graf, 1993, "Lunar Soils Grain Size Catalog" NASA Reference Publication RP-1265"
Apollo 16;64001;"64001;371";35 - 35.5;90.0;10.71;50.72;"J.C. Graf, 1993, "Lunar Soils Grain Size Catalog" NASA Reference Publication RP-1265"
Apollo 16;64001;"64001;371";35 - 35.5;75.0;4.02;50.72;"J.C. Graf, 1993, "Lunar Soils Grain Size Catalog" NASA Reference Publication RP-1265"
Apollo 16;64001;"64001;371";35 - 35.5;45.0;12.55;50.72;"J.C. Graf, 1993, "Lunar Soils Grain Size Catalog" NASA Reference Publication RP-1265"
Apollo 16;64001;"64001;371";35 - 35.5;20.0;16.47;50.72;"J.C. Graf, 1993, "Lunar Soils Grain Size Catalog" NASA Reference Publication RP-1265"
Apollo 16;64001;"64001;371";35 - 35.5;1.0;29.59;50.72;"J.C. Graf, 1993, "Lunar Soils Grain Size Catalog" NASA Reference Publication RP-1265"
Apollo 16;64001;"64001;370";27.5 - 28;10000.0;0.0;59.48;"J.C. Graf, 1993, "Lunar Soils Grain Size Catalog" NASA Reference Publication RP-1265"
Apollo 16;64001;"64001;370";27.5 - 28;4000.0;2.7;59.48;"J.C. Graf, 1993, "Lunar Soils Grain Size Catalog" NASA Reference Publication RP-1265"
Apollo 16;64001;"64001;370";27.5 - 28;2000.0;4.27;59.48;"J.C. Graf, 1993, "Lunar Soils Grain Size Catalog" NASA Reference Publication RP-1265"
Apollo 16;64001;"64001;370";27.5 - 28;1000.0;4.04;59.48;"J.C. Graf, 1993, "Lunar Soils Grain Size Catalog" NASA Reference Publication RP-1265"
Apollo 16;64001;"64001;370";27.5 - 28;500.0;5.39;59.48;"J.C. Graf, 1993, "Lunar Soils Grain Size Catalog" NASA Reference Publication RP-1265"
Apollo 16;64001;"64001;370";27.5 - 28;250.0;7.81;59.48;"J.C. Graf, 1993, "Lunar Soils Grain Size Catalog" NASA Reference Publication RP-1265"
Apollo 16;64001;"64001;370";27.5 - 28;150.0;7.35;59.48;"J.C. Graf, 1993, "Lunar Soils Grain Size Catalog" NASA Reference Publication RP-1265"
Apollo 16;64001;"64001;370";27.5 - 28;90.0;9.55;59.48;"J.C. Graf, 1993, "Lunar Soils Grain Size Catalog" NASA Reference Publication RP-1265"
Apollo 16;64001;"64001;370";27.5 - 28;75.0;3.63;59.48;"J.C. Graf, 1993, "Lunar Soils Grain Size Catalog" NASA Reference Publication RP-1265"
Apollo 16;64001;"64001;370";27.5 - 28;45.0;11.59;59.48;"J.C. Graf, 1993, "Lunar Soils Grain Size Catalog" NASA Reference Publication RP-1265"
Apollo 16;64001;"64001;370";27.5 - 28;20.0;17.16;59.48;"J.C. Graf, 1993, "Lunar Soils Grain Size Catalog" NASA Reference Publication RP-1265"
Apollo 16;64001;"64001;370";27.5 - 28;1.0;25.5;59.48;"J.C. Graf, 1993, "Lunar Soils Grain Size Catalog" NASA Reference Publication RP-1265"
Apollo 16;64002;"64002;266";24 - 24.5;10000.0;0.0;58.66;"J.C. Graf, 1993, "Lunar Soils Grain Size Catalog" NASA Reference Publication RP-1265"
Apollo 16;64002;"64002;266";24 - 24.5;4000.0;0.0;58.66;"J.C. Graf, 1993, "Lunar Soils Grain Size Catalog" NASA Reference Publication RP-1265"
Apollo 16;64002;"64002;266";24 - 24.5;2000.0;2.99;58.66;"J.C. Graf, 1993, "Lunar Soils Grain Size Catalog" NASA Reference Publication RP-1265"
Apollo 16;64002;"64002;266";24 - 24.5;1000.0;3.43;58.66;"J.C. Graf, 1993, "Lunar Soils Grain Size Catalog" NASA Reference Publication RP-1265"
Apollo 16;64002;"64002;266";24 - 24.5;500.0;6.07;58.66;"J.C. Graf, 1993, "Lunar Soils Grain Size Catalog" NASA Reference Publication RP-1265"
Apollo 16;64002;"64002;266";24 - 24.5;250.0;9.18;58.66;"J.C. Graf, 1993, "Lunar Soils Grain Size Catalog" NASA Reference Publication RP-1265"
Apollo 16;64002;"64002;266";24 - 24.5;150.0;8.54;58.66;"J.C. Graf, 1993, "Lunar Soils Grain Size Catalog" NASA Reference Publication RP-1265"
Apollo 16;64002;"64002;266";24 - 24.5;90.0;10.6;58.66;"J.C. Graf, 1993, "Lunar Soils Grain Size Catalog" NASA Reference Publication RP-1265"
Apollo 16;64002;"64002;266";24 - 24.5;75.0;3.82;58.66;"J.C. Graf, 1993, "Lunar Soils Grain Size Catalog" NASA Reference Publication RP-1265"
Apollo 16;64002;"64002;266";24 - 24.5;45.0;11.16;58.66;"J.C. Graf, 1993, "Lunar Soils Grain Size Catalog" NASA Reference Publication RP-1265"
Apollo 16;64002;"64002;266";24 - 24.5;20.0;16.91;58.66;"J.C. Graf, 1993, "Lunar Soils Grain Size Catalog" NASA Reference Publication RP-1265"
Apollo 16;64002;"64002;266";24 - 24.5;1.0;26.3;58.66;"J.C. Graf, 1993, "Lunar Soils Grain Size Catalog" NASA Reference Publication RP-1265"
Apollo 16;64002;"64002;265";18 - 18.5;10000.0;0.0;67.73;"J.C. Graf, 1993, "Lunar Soils Grain Size Catalog" NASA Reference Publication RP-1265"
Apollo 16;64002;"64002;265";18 - 18.5;4000.0;5.03;67.73;"J.C. Graf, 1993, "Lunar Soils Grain Size Catalog" NASA Reference Publication RP-1265"
Apollo 16;64002;"64002;265";18 - 18.5;2000.0;2.84;67.73;"J.C. Graf, 1993, "Lunar Soils Grain Size Catalog" NASA Reference Publication RP-1265"
Apollo 16;64002;"64002;265";18 - 18.5;1000.0;2.55;67.73;"J.C. Graf, 1993, "Lunar Soils Grain Size Catalog" NASA Reference Publication RP-1265"
Apollo 16;64002;"64002;265";18 - 18.5;500.0;7.06;67.73;"J.C. Graf, 1993, "Lunar Soils Grain Size Catalog" NASA Reference Publication RP-1265"
Apollo 16;64002;"64002;265";18 - 18.5;250.0;7.83;67.73;"J.C. Graf, 1993, "Lunar Soils Grain Size Catalog" NASA Reference Publication RP-1265"
Apollo 16;64002;"64002;265";18 - 18.5;150.0;7.79;67.73;"J.C. Graf, 1993, "Lunar Soils Grain Size Catalog" NASA Reference Publication RP-1265"
Apollo 16;64002;"64002;265";18 - 18.5;90.0;10.65;67.73;"J.C. Graf, 1993, "Lunar Soils Grain Size Catalog" NASA Reference Publication RP-1265"
Apollo 16;64002;"64002;265";18 - 18.5;75.0;3.83;67.73;"J.C. Graf, 1993, "Lunar Soils Grain Size Catalog" NASA Reference Publication RP-1265"
Apollo 16;64002;"64002;265";18 - 18.5;45.0;12.12;67.73;"J.C. Graf, 1993, "Lunar Soils Grain Size Catalog" NASA Reference Publication RP-1265"
Apollo 16;64002;"64002;265";18 - 18.5;20.0;15.66;67.73;"J.C. Graf, 1993, "Lunar Soils Grain Size Catalog" NASA Reference Publication RP-1265"
Apollo 16;64002;"64002;265";18 - 18.5;1.0;23.64;67.73;"J.C. Graf, 1993, "Lunar Soils Grain Size Catalog" NASA Reference Publication RP-1265"
Apollo 16;64002;"64002;264";14.5 - 15;10000.0;0.0;77.02;"J.C. Graf, 1993, "Lunar Soils Grain Size Catalog" NASA Reference Publication RP-1265"
Apollo 16;64002;"64002;264";14.5 - 15;4000.0;6.25;77.02;"J.C. Graf, 1993, "Lunar Soils Grain Size Catalog" NASA Reference Publication RP-1265"
Apollo 16;64002;"64002;264";14.5 - 15;2000.0;7.59;77.02;"J.C. Graf, 1993, "Lunar Soils Grain Size Catalog" NASA Reference Publication RP-1265"
Apollo 16;64002;"64002;264";14.5 - 15;1000.0;2.21;77.02;"J.C. Graf, 1993, "Lunar Soils Grain Size Catalog" NASA Reference Publication RP-1265"
Apollo 16;64002;"64002;264";14.5 - 15;500.0;6.5;77.02;"J.C. Graf, 1993, "Lunar Soils Grain Size Catalog" NASA Reference Publication RP-1265"
Apollo 16;64002;"64002;264";14.5 - 15;250.0;7.88;77.02;"J.C. Graf, 1993, "Lunar Soils Grain Size Catalog" NASA Reference Publication RP-1265"
Apollo 16;64002;"64002;264";14.5 - 15;150.0;7.13;77.02;"J.C. Graf, 1993, "Lunar Soils Grain Size Catalog" NASA Reference Publication RP-1265"
Apollo 16;64002;"64002;264";14.5 - 15;90.0;9.21;77.02;"J.C. Graf, 1993, "Lunar Soils Grain Size Catalog" NASA Reference Publication RP-1265"
Apollo 16;64002;"64002;264";14.5 - 15;75.0;3.78;77.02;"J.C. Graf, 1993, "Lunar Soils Grain Size Catalog" NASA Reference Publication RP-1265"
Apollo 16;64002;"64002;264";14.5 - 15;45.0;10.16;77.02;"J.C. Graf, 1993, "Lunar Soils Grain Size Catalog" NASA Reference Publication RP-1265"
Apollo 16;64002;"64002;264";14.5 - 15;20.0;14.02;77.02;"J.C. Graf, 1993, "Lunar Soils Grain Size Catalog" NASA Reference Publication RP-1265"
Apollo 16;64002;"64002;264";14.5 - 15;1.0;24.27;77.02;"J.C. Graf, 1993, "Lunar Soils Grain Size Catalog" NASA Reference Publication RP-1265"
Apollo 16;64002;"64002;263";10 - 10.5;10000.0;0.0;69.54;"J.C. Graf, 1993, "Lunar Soils Grain Size Catalog" NASA Reference Publication RP-1265"
Apollo 16;64002;"64002;263";10 - 10.5;4000.0;2.95;69.54;"J.C. Graf, 1993, "Lunar Soils Grain Size Catalog" NASA Reference Publication RP-1265"
Apollo 16;64002;"64002;263";10 - 10.5;2000.0;3.4;69.54;"J.C. Graf, 1993, "Lunar Soils Grain Size Catalog" NASA Reference Publication RP-1265"
Apollo 16;64002;"64002;263";10 - 10.5;1000.0;1.76;69.54;"J.C. Graf, 1993, "Lunar Soils Grain Size Catalog" NASA Reference Publication RP-1265"
Apollo 16;64002;"64002;263";10 - 10.5;500.0;5.41;69.54;"J.C. Graf, 1993, "Lunar Soils Grain Size Catalog" NASA Reference Publication RP-1265"
Apollo 16;64002;"64002;263";10 - 10.5;250.0;9.38;69.54;"J.C. Graf, 1993, "Lunar Soils Grain Size Catalog" NASA Reference Publication RP-1265"
Apollo 16;64002;"64002;263";10 - 10.5;150.0;9.29;69.54;"J.C. Graf, 1993, "Lunar Soils Grain Size Catalog" NASA Reference Publication RP-1265"
Apollo 16;64002;"64002;263";10 - 10.5;90.0;12.06;69.54;"J.C. Graf, 1993, "Lunar Soils Grain Size Catalog" NASA Reference Publication RP-1265"
Apollo 16;64002;"64002;263";10 - 10.5;75.0;4.09;69.54;"J.C. Graf, 1993, "Lunar Soils Grain Size Catalog" NASA Reference Publication RP-1265"
Apollo 16;64002;"64002;263";10 - 10.5;45.0;11.21;69.54;"J.C. Graf, 1993, "Lunar Soils Grain Size Catalog" NASA Reference Publication RP-1265"
Apollo 16;64002;"64002;263";10 - 10.5;20.0;16.13;69.54;"J.C. Graf, 1993, "Lunar Soils Grain Size Catalog" NASA Reference Publication RP-1265"
Apollo 16;64002;"64002;263";10 - 10.5;1.0;23.33;69.54;"J.C. Graf, 1993, "Lunar Soils Grain Size Catalog" NASA Reference Publication RP-1265"
Apollo 16;64002;"64002;262";5 - 5.5;10000.0;0.0;86.94;"J.C. Graf, 1993, "Lunar Soils Grain Size Catalog" NASA Reference Publication RP-1265"
Apollo 16;64002;"64002;262";5 - 5.5;4000.0;7.51;86.94;"J.C. Graf, 1993, "Lunar Soils Grain Size Catalog" NASA Reference Publication RP-1265"
Apollo 16;64002;"64002;262";5 - 5.5;2000.0;8.21;86.94;"J.C. Graf, 1993, "Lunar Soils Grain Size Catalog" NASA Reference Publication RP-1265"
Apollo 16;64002;"64002;262";5 - 5.5;1000.0;2.97;86.94;"J.C. Graf, 1993, "Lunar Soils Grain Size Catalog" NASA Reference Publication RP-1265"
Apollo 16;64002;"64002;262";5 - 5.5;500.0;5.53;86.94;"J.C. Graf, 1993, "Lunar Soils Grain Size Catalog" NASA Reference Publication RP-1265"
Apollo 16;64002;"64002;262";5 - 5.5;250.0;7.77;86.94;"J.C. Graf, 1993, "Lunar Soils Grain Size Catalog" NASA Reference Publication RP-1265"
Apollo 16;64002;"64002;262";5 - 5.5;150.0;7.52;86.94;"J.C. Graf, 1993, "Lunar Soils Grain Size Catalog" NASA Reference Publication RP-1265"
Apollo 16;64002;"64002;262";5 - 5.5;90.0;9.77;86.94;"J.C. Graf, 1993, "Lunar Soils Grain Size Catalog" NASA Reference Publication RP-1265"
Apollo 16;64002;"64002;262";5 - 5.5;75.0;3.8;86.94;"J.C. Graf, 1993, "Lunar Soils Grain Size Catalog" NASA Reference Publication RP-1265"
Apollo 16;64002;"64002;262";5 - 5.5;45.0;11.2;86.94;"J.C. Graf, 1993, "Lunar Soils Grain Size Catalog" NASA Reference Publication RP-1265"
Apollo 16;64002;"64002;262";5 - 5.5;20.0;16.17;86.94;"J.C. Graf, 1993, "Lunar Soils Grain Size Catalog" NASA Reference Publication RP-1265"
Apollo 16;64002;"64002;262";5 - 5.5;1.0;18.54;86.94;"J.C. Graf, 1993, "Lunar Soils Grain Size Catalog" NASA Reference Publication RP-1265"
Apollo 16;64002;"64002;261";0 - 0.1;10000.0;0.0;74.36;"J.C. Graf, 1993, "Lunar Soils Grain Size Catalog" NASA Reference Publication RP-1265"
Apollo 16;64002;"64002;261";0 - 0.1;4000.0;0.0;74.36;"J.C. Graf, 1993, "Lunar Soils Grain Size Catalog" NASA Reference Publication RP-1265"
Apollo 16;64002;"64002;261";0 - 0.1;2000.0;0.0;74.36;"J.C. Graf, 1993, "Lunar Soils Grain Size Catalog" NASA Reference Publication RP-1265"
Apollo 16;64002;"64002;261";0 - 0.1;1000.0;7.91;74.36;"J.C. Graf, 1993, "Lunar Soils Grain Size Catalog" NASA Reference Publication RP-1265"
Apollo 16;64002;"64002;261";0 - 0.1;500.0;7.1;74.36;"J.C. Graf, 1993, "Lunar Soils Grain Size Catalog" NASA Reference Publication RP-1265"
Apollo 16;64002;"64002;261";0 - 0.1;250.0;9.4;74.36;"J.C. Graf, 1993, "Lunar Soils Grain Size Catalog" NASA Reference Publication RP-1265"
Apollo 16;64002;"64002;261";0 - 0.1;150.0;9.14;74.36;"J.C. Graf, 1993, "Lunar Soils Grain Size Catalog" NASA Reference Publication RP-1265"
Apollo 16;64002;"64002;261";0 - 0.1;90.0;11.51;74.36;"J.C. Graf, 1993, "Lunar Soils Grain Size Catalog" NASA Reference Publication RP-1265"
Apollo 16;64002;"64002;261";0 - 0.1;75.0;4.75;74.36;"J.C. Graf, 1993, "Lunar Soils Grain Size Catalog" NASA Reference Publication RP-1265"
Apollo 16;64002;"64002;261";0 - 0.1;45.0;11.32;74.36;"J.C. Graf, 1993, "Lunar Soils Grain Size Catalog" NASA Reference Publication RP-1265"
Apollo 16;64002;"64002;261";0 - 0.1;20.0;14.92;74.36;"J.C. Graf, 1993, "Lunar Soils Grain Size Catalog" NASA Reference Publication RP-1265"
Apollo 16;64002;"64002;261";0 - 0.1;1.0;22.95;74.36;"J.C. Graf, 1993, "Lunar Soils Grain Size Catalog" NASA Reference Publication RP-1265"
Apollo 16;64420;"64421;23";;10000.0;0.0;81.07;"J.C. Graf, 1993, "Lunar Soils Grain Size Catalog" NASA Reference Publication RP-1265"
Apollo 16;64420;"64421;23";;4000.0;0.93;81.07;"J.C. Graf, 1993, "Lunar Soils Grain Size Catalog" NASA Reference Publication RP-1265"
Apollo 16;64420;"64421;23";;2000.0;1.7;81.07;"J.C. Graf, 1993, "Lunar Soils Grain Size Catalog" NASA Reference Publication RP-1265"
Apollo 16;64420;"64421;23";;1000.0;2.79;81.07;"J.C. Graf, 1993, "Lunar Soils Grain Size Catalog" NASA Reference Publication RP-1265"
Apollo 16;64420;"64421;23";;841.0;1.89;81.07;"J.C. Graf, 1993, "Lunar Soils Grain Size Catalog" NASA Reference Publication RP-1265"
Apollo 16;64420;"64421;23";;420.0;6.25;81.07;"J.C. Graf, 1993, "Lunar Soils Grain Size Catalog" NASA Reference Publication RP-1265"
Apollo 16;64420;"64421;23";;250.0;8.59;81.07;"J.C. Graf, 1993, "Lunar Soils Grain Size Catalog" NASA Reference Publication RP-1265"
Apollo 16;64420;"64421;23";;177.0;7.99;81.07;"J.C. Graf, 1993, "Lunar Soils Grain Size Catalog" NASA Reference Publication RP-1265"
Apollo 16;64420;"64421;23";;150.0;4.63;81.07;"J.C. Graf, 1993, "Lunar Soils Grain Size Catalog" NASA Reference Publication RP-1265"
Apollo 16;64420;"64421;23";;125.0;4.18;81.07;"J.C. Graf, 1993, "Lunar Soils Grain Size Catalog" NASA Reference Publication RP-1265"
Apollo 16;64420;"64421;23";;105.0;4.61;81.07;"J.C. Graf, 1993, "Lunar Soils Grain Size Catalog" NASA Reference Publication RP-1265"
Apollo 16;64420;"64421;23";;74.0;8.71;81.07;"J.C. Graf, 1993, "Lunar Soils Grain Size Catalog" NASA Reference Publication RP-1265"
Apollo 16;64420;"64421;23";;53.0;5.85;81.07;"J.C. Graf, 1993, "Lunar Soils Grain Size Catalog" NASA Reference Publication RP-1265"
Apollo 16;64420;"64421;23";;44.0;5.39;81.07;"J.C. Graf, 1993, "Lunar Soils Grain Size Catalog" NASA Reference Publication RP-1265"
Apollo 16;64420;"64421;23";;37.0;5.95;81.07;"J.C. Graf, 1993, "Lunar Soils Grain Size Catalog" NASA Reference Publication RP-1265"
Apollo 16;64420;"64421;23";;30.0;8.11;81.07;"J.C. Graf, 1993, "Lunar Soils Grain Size Catalog" NASA Reference Publication RP-1265"
Apollo 16;64420;"64421;23";;20.0;8.55;81.07;"J.C. Graf, 1993, "Lunar Soils Grain Size Catalog" NASA Reference Publication RP-1265"
Apollo 16;64420;"64421;23";;10.0;7.34;81.07;"J.C. Graf, 1993, "Lunar Soils Grain Size Catalog" NASA Reference Publication RP-1265"
Apollo 16;64420;"64421;23";;1.0;5.54;81.07;"J.C. Graf, 1993, "Lunar Soils Grain Size Catalog" NASA Reference Publication RP-1265"
Apollo 16;64500;"64501;4";;10000.0;0.0;94.44;"J.C. Graf, 1993, "Lunar Soils Grain Size Catalog" NASA Reference Publication RP-1265"
Apollo 16;64500;"64501;4";;4000.0;4.18;94.44;"J.C. Graf, 1993, "Lunar Soils Grain Size Catalog" NASA Reference Publication RP-1265"
Apollo 16;64500;"64501;4";;2000.0;4.17;94.44;"J.C. Graf, 1993, "Lunar Soils Grain Size Catalog" NASA Reference Publication RP-1265"
Apollo 16;64500;"64501;4";;1000.0;4.91;94.44;"J.C. Graf, 1993, "Lunar Soils Grain Size Catalog" NASA Reference Publication RP-1265"
Apollo 16;64500;"64501;4";;841.0;2.01;94.44;"J.C. Graf, 1993, "Lunar Soils Grain Size Catalog" NASA Reference Publication RP-1265"
Apollo 16;64500;"64501;4";;420.0;6.91;94.44;"J.C. Graf, 1993, "Lunar Soils Grain Size Catalog" NASA Reference Publication RP-1265"
Apollo 16;64500;"64501;4";;250.0;8.07;94.44;"J.C. Graf, 1993, "Lunar Soils Grain Size Catalog" NASA Reference Publication RP-1265"
Apollo 16;64500;"64501;4";;177.0;6.37;94.44;"J.C. Graf, 1993, "Lunar Soils Grain Size Catalog" NASA Reference Publication RP-1265"
Apollo 16;64500;"64501;4";;150.0;3.34;94.44;"J.C. Graf, 1993, "Lunar Soils Grain Size Catalog" NASA Reference Publication RP-1265"
Apollo 16;64500;"64501;4";;125.0;3.97;94.44;"J.C. Graf, 1993, "Lunar Soils Grain Size Catalog" NASA Reference Publication RP-1265"
Apollo 16;64500;"64501;4";;105.0;4.04;94.44;"J.C. Graf, 1993, "Lunar Soils Grain Size Catalog" NASA Reference Publication RP-1265"
Apollo 16;64500;"64501;4";;74.0;6.7;94.44;"J.C. Graf, 1993, "Lunar Soils Grain Size Catalog" NASA Reference Publication RP-1265"
Apollo 16;64500;"64501;4";;53.0;5.33;94.44;"J.C. Graf, 1993, "Lunar Soils Grain Size Catalog" NASA Reference Publication RP-1265"
Apollo 16;64500;"64501;4";;44.0;4.45;94.44;"J.C. Graf, 1993, "Lunar Soils Grain Size Catalog" NASA Reference Publication RP-1265"
Apollo 16;64500;"64501;4";;37.0;3.26;94.44;"J.C. Graf, 1993, "Lunar Soils Grain Size Catalog" NASA Reference Publication RP-1265"
Apollo 16;64500;"64501;4";;30.0;7.12;94.44;"J.C. Graf, 1993, "Lunar Soils Grain Size Catalog" NASA Reference Publication RP-1265"
Apollo 16;64500;"64501;4";;20.0;7.56;94.44;"J.C. Graf, 1993, "Lunar Soils Grain Size Catalog" NASA Reference Publication RP-1265"
Apollo 16;64500;"64501;4";;10.0;7.3;94.44;"J.C. Graf, 1993, "Lunar Soils Grain Size Catalog" NASA Reference Publication RP-1265"
Apollo 16;64500;"64501;4";;1.0;9.33;94.44;"J.C. Graf, 1993, "Lunar Soils Grain Size Catalog" NASA Reference Publication RP-1265"
Apollo 16;64500;"64501;6";;10000.0;0.0;83.61;"J.C. Graf, 1993, "Lunar Soils Grain Size Catalog" NASA Reference Publication RP-1265"
Apollo 16;64500;"64501;6";;4000.0;4.18;83.61;"J.C. Graf, 1993, "Lunar Soils Grain Size Catalog" NASA Reference Publication RP-1265"
Apollo 16;64500;"64501;6";;2000.0;4.17;83.61;"J.C. Graf, 1993, "Lunar Soils Grain Size Catalog" NASA Reference Publication RP-1265"
Apollo 16;64500;"64501;6";;1000.0;4.91;83.61;"J.C. Graf, 1993, "Lunar Soils Grain Size Catalog" NASA Reference Publication RP-1265"
Apollo 16;64500;"64501;6";;500.0;8.56;83.61;"J.C. Graf, 1993, "Lunar Soils Grain Size Catalog" NASA Reference Publication RP-1265"
Apollo 16;64500;"64501;6";;250.0;8.77;83.61;"J.C. Graf, 1993, "Lunar Soils Grain Size Catalog" NASA Reference Publication RP-1265"
Apollo 16;64500;"64501;6";;150.0;8.09;83.61;"J.C. Graf, 1993, "Lunar Soils Grain Size Catalog" NASA Reference Publication RP-1265"
Apollo 16;64500;"64501;6";;90.0;9.93;83.61;"J.C. Graf, 1993, "Lunar Soils Grain Size Catalog" NASA Reference Publication RP-1265"
Apollo 16;64500;"64501;6";;75.0;3.44;83.61;"J.C. Graf, 1993, "Lunar Soils Grain Size Catalog" NASA Reference Publication RP-1265"
Apollo 16;64500;"64501;6";;45.0;9.92;83.61;"J.C. Graf, 1993, "Lunar Soils Grain Size Catalog" NASA Reference Publication RP-1265"
Apollo 16;64500;"64501;6";;20.0;15.47;83.61;"J.C. Graf, 1993, "Lunar Soils Grain Size Catalog" NASA Reference Publication RP-1265"
Apollo 16;64500;"64501;6";;15.6;6.7;83.61;"J.C. Graf, 1993, "Lunar Soils Grain Size Catalog" NASA Reference Publication RP-1265"
Apollo 16;64500;"64501;6";;7.8;9.79;83.61;"J.C. Graf, 1993, "Lunar Soils Grain Size Catalog" NASA Reference Publication RP-1265"
Apollo 16;64500;"64501;6";;3.9;3.86;83.61;"J.C. Graf, 1993, "Lunar Soils Grain Size Catalog" NASA Reference Publication RP-1265"
Apollo 16;64500;"64501;6";;1.0;1.21;83.61;"J.C. Graf, 1993, "Lunar Soils Grain Size Catalog" NASA Reference Publication RP-1265"
Apollo 16;64800;"64801;14";;10000.0;0.0;69.74;"J.C. Graf, 1993, "Lunar Soils Grain Size Catalog" NASA Reference Publication RP-1265"
Apollo 16;64800;"64801;14";;4000.0;2.48;69.74;"J.C. Graf, 1993, "Lunar Soils Grain Size Catalog" NASA Reference Publication RP-1265"
Apollo 16;64800;"64801;14";;2000.0;2.55;69.74;"J.C. Graf, 1993, "Lunar Soils Grain Size Catalog" NASA Reference Publication RP-1265"
Apollo 16;64800;"64801;14";;1000.0;3.45;69.74;"J.C. Graf, 1993, "Lunar Soils Grain Size Catalog" NASA Reference Publication RP-1265"
Apollo 16;64800;"64801;14";;841.0;2.08;69.74;"J.C. Graf, 1993, "Lunar Soils Grain Size Catalog" NASA Reference Publication RP-1265"
Apollo 16;64800;"64801;14";;420.0;7.67;69.74;"J.C. Graf, 1993, "Lunar Soils Grain Size Catalog" NASA Reference Publication RP-1265"
Apollo 16;64800;"64801;14";;250.0;7.15;69.74;"J.C. Graf, 1993, "Lunar Soils Grain Size Catalog" NASA Reference Publication RP-1265"
Apollo 16;64800;"64801;14";;177.0;5.74;69.74;"J.C. Graf, 1993, "Lunar Soils Grain Size Catalog" NASA Reference Publication RP-1265"
Apollo 16;64800;"64801;14";;150.0;2.92;69.74;"J.C. Graf, 1993, "Lunar Soils Grain Size Catalog" NASA Reference Publication RP-1265"
Apollo 16;64800;"64801;14";;125.0;3.75;69.74;"J.C. Graf, 1993, "Lunar Soils Grain Size Catalog" NASA Reference Publication RP-1265"
Apollo 16;64800;"64801;14";;105.0;4.17;69.74;"J.C. Graf, 1993, "Lunar Soils Grain Size Catalog" NASA Reference Publication RP-1265"
Apollo 16;64800;"64801;14";;74.0;6.98;69.74;"J.C. Graf, 1993, "Lunar Soils Grain Size Catalog" NASA Reference Publication RP-1265"
Apollo 16;64800;"64801;14";;53.0;5.96;69.74;"J.C. Graf, 1993, "Lunar Soils Grain Size Catalog" NASA Reference Publication RP-1265"
Apollo 16;64800;"64801;14";;44.0;4.69;69.74;"J.C. Graf, 1993, "Lunar Soils Grain Size Catalog" NASA Reference Publication RP-1265"
Apollo 16;64800;"64801;14";;37.0;2.49;69.74;"J.C. Graf, 1993, "Lunar Soils Grain Size Catalog" NASA Reference Publication RP-1265"
Apollo 16;64800;"64801;14";;30.0;9.27;69.74;"J.C. Graf, 1993, "Lunar Soils Grain Size Catalog" NASA Reference Publication RP-1265"
Apollo 16;64800;"64801;14";;20.0;8.53;69.74;"J.C. Graf, 1993, "Lunar Soils Grain Size Catalog" NASA Reference Publication RP-1265"
Apollo 16;64800;"64801;14";;10.0;7.55;69.74;"J.C. Graf, 1993, "Lunar Soils Grain Size Catalog" NASA Reference Publication RP-1265"
Apollo 16;64800;"64801;14";;1.0;11.55;69.74;"J.C. Graf, 1993, "Lunar Soils Grain Size Catalog" NASA Reference Publication RP-1265"
Apollo 16;65500;"65501;2";;10000.0;0.0;97.46;"J.C. Graf, 1993, "Lunar Soils Grain Size Catalog" NASA Reference Publication RP-1265"
Apollo 16;65500;"65501;2";;4000.0;10.84;97.46;"J.C. Graf, 1993, "Lunar Soils Grain Size Catalog" NASA Reference Publication RP-1265"
Apollo 16;65500;"65501;2";;2000.0;11.21;97.46;"J.C. Graf, 1993, "Lunar Soils Grain Size Catalog" NASA Reference Publication RP-1265"
Apollo 16;65500;"65501;2";;1000.0;4.58;97.46;"J.C. Graf, 1993, "Lunar Soils Grain Size Catalog" NASA Reference Publication RP-1265"
Apollo 16;65500;"65501;2";;841.0;1.41;97.46;"J.C. Graf, 1993, "Lunar Soils Grain Size Catalog" NASA Reference Publication RP-1265"
Apollo 16;65500;"65501;2";;420.0;4.44;97.46;"J.C. Graf, 1993, "Lunar Soils Grain Size Catalog" NASA Reference Publication RP-1265"
Apollo 16;65500;"65501;2";;250.0;4.83;97.46;"J.C. Graf, 1993, "Lunar Soils Grain Size Catalog" NASA Reference Publication RP-1265"
Apollo 16;65500;"65501;2";;177.0;4.01;97.46;"J.C. Graf, 1993, "Lunar Soils Grain Size Catalog" NASA Reference Publication RP-1265"
Apollo 16;65500;"65501;2";;150.0;2.15;97.46;"J.C. Graf, 1993, "Lunar Soils Grain Size Catalog" NASA Reference Publication RP-1265"
Apollo 16;65500;"65501;2";;125.0;2.71;97.46;"J.C. Graf, 1993, "Lunar Soils Grain Size Catalog" NASA Reference Publication RP-1265"
Apollo 16;65500;"65501;2";;105.0;2.68;97.46;"J.C. Graf, 1993, "Lunar Soils Grain Size Catalog" NASA Reference Publication RP-1265"
Apollo 16;65500;"65501;2";;74.0;5.35;97.46;"J.C. Graf, 1993, "Lunar Soils Grain Size Catalog" NASA Reference Publication RP-1265"
Apollo 16;65500;"65501;2";;53.0;4.02;97.46;"J.C. Graf, 1993, "Lunar Soils Grain Size Catalog" NASA Reference Publication RP-1265"
Apollo 16;65500;"65501;2";;44.0;3.5;97.46;"J.C. Graf, 1993, "Lunar Soils Grain Size Catalog" NASA Reference Publication RP-1265"
Apollo 16;65500;"65501;2";;37.0;2.47;97.46;"J.C. Graf, 1993, "Lunar Soils Grain Size Catalog" NASA Reference Publication RP-1265"
Apollo 16;65500;"65501;2";;30.0;6.44;97.46;"J.C. Graf, 1993, "Lunar Soils Grain Size Catalog" NASA Reference Publication RP-1265"
Apollo 16;65500;"65501;2";;20.0;7.03;97.46;"J.C. Graf, 1993, "Lunar Soils Grain Size Catalog" NASA Reference Publication RP-1265"
Apollo 16;65500;"65501;2";;10.0;7.66;97.46;"J.C. Graf, 1993, "Lunar Soils Grain Size Catalog" NASA Reference Publication RP-1265"
Apollo 16;65500;"65501;2";;1.0;13.67;97.46;"J.C. Graf, 1993, "Lunar Soils Grain Size Catalog" NASA Reference Publication RP-1265"
Apollo 16;65700;"65701;5";;10000.0;0.0;56.0;"J.C. Graf, 1993, "Lunar Soils Grain Size Catalog" NASA Reference Publication RP-1265"
Apollo 16;65700;"65701;5";;4000.0;0.77;56.0;"J.C. Graf, 1993, "Lunar Soils Grain Size Catalog" NASA Reference Publication RP-1265"
Apollo 16;65700;"65701;5";;2000.0;0.87;56.0;"J.C. Graf, 1993, "Lunar Soils Grain Size Catalog" NASA Reference Publication RP-1265"
Apollo 16;65700;"65701;5";;1000.0;2.7;56.0;"J.C. Graf, 1993, "Lunar Soils Grain Size Catalog" NASA Reference Publication RP-1265"
Apollo 16;65700;"65701;5";;841.0;0.26;56.0;"J.C. Graf, 1993, "Lunar Soils Grain Size Catalog" NASA Reference Publication RP-1265"
Apollo 16;65700;"65701;5";;420.0;5.54;56.0;"J.C. Graf, 1993, "Lunar Soils Grain Size Catalog" NASA Reference Publication RP-1265"
Apollo 16;65700;"65701;5";;250.0;6.93;56.0;"J.C. Graf, 1993, "Lunar Soils Grain Size Catalog" NASA Reference Publication RP-1265"
Apollo 16;65700;"65701;5";;177.0;6.85;56.0;"J.C. Graf, 1993, "Lunar Soils Grain Size Catalog" NASA Reference Publication RP-1265"
Apollo 16;65700;"65701;5";;150.0;3.45;56.0;"J.C. Graf, 1993, "Lunar Soils Grain Size Catalog" NASA Reference Publication RP-1265"
Apollo 16;65700;"65701;5";;125.0;3.94;56.0;"J.C. Graf, 1993, "Lunar Soils Grain Size Catalog" NASA Reference Publication RP-1265"
Apollo 16;65700;"65701;5";;105.0;4.67;56.0;"J.C. Graf, 1993, "Lunar Soils Grain Size Catalog" NASA Reference Publication RP-1265"
Apollo 16;65700;"65701;5";;74.0;8.71;56.0;"J.C. Graf, 1993, "Lunar Soils Grain Size Catalog" NASA Reference Publication RP-1265"
Apollo 16;65700;"65701;5";;53.0;6.36;56.0;"J.C. Graf, 1993, "Lunar Soils Grain Size Catalog" NASA Reference Publication RP-1265"
Apollo 16;65700;"65701;5";;44.0;5.29;56.0;"J.C. Graf, 1993, "Lunar Soils Grain Size Catalog" NASA Reference Publication RP-1265"
Apollo 16;65700;"65701;5";;37.0;3.35;56.0;"J.C. Graf, 1993, "Lunar Soils Grain Size Catalog" NASA Reference Publication RP-1265"
Apollo 16;65700;"65701;5";;30.0;9.13;56.0;"J.C. Graf, 1993, "Lunar Soils Grain Size Catalog" NASA Reference Publication RP-1265"
Apollo 16;65700;"65701;5";;20.0;8.95;56.0;"J.C. Graf, 1993, "Lunar Soils Grain Size Catalog" NASA Reference Publication RP-1265"
Apollo 16;65700;"65701;5";;10.0;8.99;56.0;"J.C. Graf, 1993, "Lunar Soils Grain Size Catalog" NASA Reference Publication RP-1265"
Apollo 16;65700;"65701;5";;1.0;12.24;56.0;"J.C. Graf, 1993, "Lunar Soils Grain Size Catalog" NASA Reference Publication RP-1265"
Apollo 16;65900;"65901;6";;10000.0;0.0;68.36;"J.C. Graf, 1993, "Lunar Soils Grain Size Catalog" NASA Reference Publication RP-1265"
Apollo 16;65900;"65901;6";;4000.0;2.2;68.36;"J.C. Graf, 1993, "Lunar Soils Grain Size Catalog" NASA Reference Publication RP-1265"
Apollo 16;65900;"65901;6";;2000.0;2.63;68.36;"J.C. Graf, 1993, "Lunar Soils Grain Size Catalog" NASA Reference Publication RP-1265"
Apollo 16;65900;"65901;6";;1000.0;3.43;68.36;"J.C. Graf, 1993, "Lunar Soils Grain Size Catalog" NASA Reference Publication RP-1265"
Apollo 16;65900;"65901;6";;841.0;1.06;68.36;"J.C. Graf, 1993, "Lunar Soils Grain Size Catalog" NASA Reference Publication RP-1265"
Apollo 16;65900;"65901;6";;420.0;6.24;68.36;"J.C. Graf, 1993, "Lunar Soils Grain Size Catalog" NASA Reference Publication RP-1265"
Apollo 16;65900;"65901;6";;250.0;8.04;68.36;"J.C. Graf, 1993, "Lunar Soils Grain Size Catalog" NASA Reference Publication RP-1265"
Apollo 16;65900;"65901;6";;177.0;6.07;68.36;"J.C. Graf, 1993, "Lunar Soils Grain Size Catalog" NASA Reference Publication RP-1265"
Apollo 16;65900;"65901;6";;150.0;3.23;68.36;"J.C. Graf, 1993, "Lunar Soils Grain Size Catalog" NASA Reference Publication RP-1265"
Apollo 16;65900;"65901;6";;125.0;3.43;68.36;"J.C. Graf, 1993, "Lunar Soils Grain Size Catalog" NASA Reference Publication RP-1265"
Apollo 16;65900;"65901;6";;105.0;4.29;68.36;"J.C. Graf, 1993, "Lunar Soils Grain Size Catalog" NASA Reference Publication RP-1265"
Apollo 16;65900;"65901;6";;74.0;7.98;68.36;"J.C. Graf, 1993, "Lunar Soils Grain Size Catalog" NASA Reference Publication RP-1265"
Apollo 16;65900;"65901;6";;53.0;5.89;68.36;"J.C. Graf, 1993, "Lunar Soils Grain Size Catalog" NASA Reference Publication RP-1265"
Apollo 16;65900;"65901;6";;44.0;7.11;68.36;"J.C. Graf, 1993, "Lunar Soils Grain Size Catalog" NASA Reference Publication RP-1265"
Apollo 16;65900;"65901;6";;37.0;3.47;68.36;"J.C. Graf, 1993, "Lunar Soils Grain Size Catalog" NASA Reference Publication RP-1265"
Apollo 16;65900;"65901;6";;30.0;14.42;68.36;"J.C. Graf, 1993, "Lunar Soils Grain Size Catalog" NASA Reference Publication RP-1265"
Apollo 16;65900;"65901;6";;20.0;5.73;68.36;"J.C. Graf, 1993, "Lunar Soils Grain Size Catalog" NASA Reference Publication RP-1265"
Apollo 16;65900;"65901;6";;10.0;6.62;68.36;"J.C. Graf, 1993, "Lunar Soils Grain Size Catalog" NASA Reference Publication RP-1265"
Apollo 16;65900;"65901;6";;1.0;7.17;68.36;"J.C. Graf, 1993, "Lunar Soils Grain Size Catalog" NASA Reference Publication RP-1265"
Apollo 16;66030;"66031;2";;10000.0;0.0;105.61;"J.C. Graf, 1993, "Lunar Soils Grain Size Catalog" NASA Reference Publication RP-1265"
Apollo 16;66030;"66031;2";;4000.0;3.95;105.61;"J.C. Graf, 1993, "Lunar Soils Grain Size Catalog" NASA Reference Publication RP-1265"
Apollo 16;66030;"66031;2";;2000.0;2.54;105.61;"J.C. Graf, 1993, "Lunar Soils Grain Size Catalog" NASA Reference Publication RP-1265"
Apollo 16;66030;"66031;2";;1000.0;3.51;105.61;"J.C. Graf, 1993, "Lunar Soils Grain Size Catalog" NASA Reference Publication RP-1265"
Apollo 16;66030;"66031;2";;841.0;2.43;105.61;"J.C. Graf, 1993, "Lunar Soils Grain Size Catalog" NASA Reference Publication RP-1265"
Apollo 16;66030;"66031;2";;420.0;8.08;105.61;"J.C. Graf, 1993, "Lunar Soils Grain Size Catalog" NASA Reference Publication RP-1265"
Apollo 16;66030;"66031;2";;250.0;8.86;105.61;"J.C. Graf, 1993, "Lunar Soils Grain Size Catalog" NASA Reference Publication RP-1265"
Apollo 16;66030;"66031;2";;177.0;7.12;105.61;"J.C. Graf, 1993, "Lunar Soils Grain Size Catalog" NASA Reference Publication RP-1265"
Apollo 16;66030;"66031;2";;150.0;4.1;105.61;"J.C. Graf, 1993, "Lunar Soils Grain Size Catalog" NASA Reference Publication RP-1265"
Apollo 16;66030;"66031;2";;125.0;4.49;105.61;"J.C. Graf, 1993, "Lunar Soils Grain Size Catalog" NASA Reference Publication RP-1265"
Apollo 16;66030;"66031;2";;105.0;5.09;105.61;"J.C. Graf, 1993, "Lunar Soils Grain Size Catalog" NASA Reference Publication RP-1265"
Apollo 16;66030;"66031;2";;74.0;8.1;105.61;"J.C. Graf, 1993, "Lunar Soils Grain Size Catalog" NASA Reference Publication RP-1265"
Apollo 16;66030;"66031;2";;53.0;5.97;105.61;"J.C. Graf, 1993, "Lunar Soils Grain Size Catalog" NASA Reference Publication RP-1265"
Apollo 16;66030;"66031;2";;44.0;4.38;105.61;"J.C. Graf, 1993, "Lunar Soils Grain Size Catalog" NASA Reference Publication RP-1265"
Apollo 16;66030;"66031;2";;37.0;4.96;105.61;"J.C. Graf, 1993, "Lunar Soils Grain Size Catalog" NASA Reference Publication RP-1265"
Apollo 16;66030;"66031;2";;30.0;7.57;105.61;"J.C. Graf, 1993, "Lunar Soils Grain Size Catalog" NASA Reference Publication RP-1265"
Apollo 16;66030;"66031;2";;20.0;7.82;105.61;"J.C. Graf, 1993, "Lunar Soils Grain Size Catalog" NASA Reference Publication RP-1265"
Apollo 16;66030;"66031;2";;10.0;5.57;105.61;"J.C. Graf, 1993, "Lunar Soils Grain Size Catalog" NASA Reference Publication RP-1265"
Apollo 16;66030;"66031;2";;1.0;4.46;105.61;"J.C. Graf, 1993, "Lunar Soils Grain Size Catalog" NASA Reference Publication RP-1265"
Apollo 16;66040;"66041;23";;10000.0;0.0;250.0;"J.C. Graf, 1993, "Lunar Soils Grain Size Catalog" NASA Reference Publication RP-1265"
Apollo 16;66040;"66041;23";;4000.0;2.77;250.0;"J.C. Graf, 1993, "Lunar Soils Grain Size Catalog" NASA Reference Publication RP-1265"
Apollo 16;66040;"66041;23";;2000.0;3.8;250.0;"J.C. Graf, 1993, "Lunar Soils Grain Size Catalog" NASA Reference Publication RP-1265"
Apollo 16;66040;"66041;23";;1000.0;4.78;250.0;"J.C. Graf, 1993, "Lunar Soils Grain Size Catalog" NASA Reference Publication RP-1265"
Apollo 16;66040;"66041;23";;500.0;7.62;250.0;"J.C. Graf, 1993, "Lunar Soils Grain Size Catalog" NASA Reference Publication RP-1265"
Apollo 16;66040;"66041;23";;250.0;10.86;250.0;"J.C. Graf, 1993, "Lunar Soils Grain Size Catalog" NASA Reference Publication RP-1265"
Apollo 16;66040;"66041;23";;125.0;13.14;250.0;"J.C. Graf, 1993, "Lunar Soils Grain Size Catalog" NASA Reference Publication RP-1265"
Apollo 16;66040;"66041;23";;63.0;10.68;250.0;"J.C. Graf, 1993, "Lunar Soils Grain Size Catalog" NASA Reference Publication RP-1265"
Apollo 16;66040;"66041;23";;20.0;13.66;250.0;"J.C. Graf, 1993, "Lunar Soils Grain Size Catalog" NASA Reference Publication RP-1265"
Apollo 16;66040;"66041;23";;10.0;8.14;250.0;"J.C. Graf, 1993, "Lunar Soils Grain Size Catalog" NASA Reference Publication RP-1265"
Apollo 16;66040;"66041;23";;4.0;11.03;250.0;"J.C. Graf, 1993, "Lunar Soils Grain Size Catalog" NASA Reference Publication RP-1265"
Apollo 16;66040;"66041;23";;1.0;12.52;250.0;"J.C. Graf, 1993, "Lunar Soils Grain Size Catalog" NASA Reference Publication RP-1265"
Apollo 16;66040;"66041;15";;10000.0;0.0;66.78;"J.C. Graf, 1993, "Lunar Soils Grain Size Catalog" NASA Reference Publication RP-1265"
Apollo 16;66040;"66041;15";;4000.0;2.77;66.78;"J.C. Graf, 1993, "Lunar Soils Grain Size Catalog" NASA Reference Publication RP-1265"
Apollo 16;66040;"66041;15";;2000.0;3.8;66.78;"J.C. Graf, 1993, "Lunar Soils Grain Size Catalog" NASA Reference Publication RP-1265"
Apollo 16;66040;"66041;15";;1000.0;4.78;66.78;"J.C. Graf, 1993, "Lunar Soils Grain Size Catalog" NASA Reference Publication RP-1265"
Apollo 16;66040;"66041;15";;841.0;0.59;66.78;"J.C. Graf, 1993, "Lunar Soils Grain Size Catalog" NASA Reference Publication RP-1265"
Apollo 16;66040;"66041;15";;420.0;6.37;66.78;"J.C. Graf, 1993, "Lunar Soils Grain Size Catalog" NASA Reference Publication RP-1265"
Apollo 16;66040;"66041;15";;250.0;6.7;66.78;"J.C. Graf, 1993, "Lunar Soils Grain Size Catalog" NASA Reference Publication RP-1265"
Apollo 16;66040;"66041;15";;177.0;5.63;66.78;"J.C. Graf, 1993, "Lunar Soils Grain Size Catalog" NASA Reference Publication RP-1265"
Apollo 16;66040;"66041;15";;150.0;3.7;66.78;"J.C. Graf, 1993, "Lunar Soils Grain Size Catalog" NASA Reference Publication RP-1265"
Apollo 16;66040;"66041;15";;125.0;3.43;66.78;"J.C. Graf, 1993, "Lunar Soils Grain Size Catalog" NASA Reference Publication RP-1265"
Apollo 16;66040;"66041;15";;105.0;4.03;66.78;"J.C. Graf, 1993, "Lunar Soils Grain Size Catalog" NASA Reference Publication RP-1265"
Apollo 16;66040;"66041;15";;74.0;6.68;66.78;"J.C. Graf, 1993, "Lunar Soils Grain Size Catalog" NASA Reference Publication RP-1265"
Apollo 16;66040;"66041;15";;53.0;4.94;66.78;"J.C. Graf, 1993, "Lunar Soils Grain Size Catalog" NASA Reference Publication RP-1265"
Apollo 16;66040;"66041;15";;44.0;4.93;66.78;"J.C. Graf, 1993, "Lunar Soils Grain Size Catalog" NASA Reference Publication RP-1265"
Apollo 16;66040;"66041;15";;37.0;2.9;66.78;"J.C. Graf, 1993, "Lunar Soils Grain Size Catalog" NASA Reference Publication RP-1265"
Apollo 16;66040;"66041;15";;30.0;8.33;66.78;"J.C. Graf, 1993, "Lunar Soils Grain Size Catalog" NASA Reference Publication RP-1265"
Apollo 16;66040;"66041;15";;20.0;9.19;66.78;"J.C. Graf, 1993, "Lunar Soils Grain Size Catalog" NASA Reference Publication RP-1265"
Apollo 16;66040;"66041;15";;10.0;8.53;66.78;"J.C. Graf, 1993, "Lunar Soils Grain Size Catalog" NASA Reference Publication RP-1265"
Apollo 16;66040;"66041;15";;1.0;11.68;66.78;"J.C. Graf, 1993, "Lunar Soils Grain Size Catalog" NASA Reference Publication RP-1265"
Apollo 16;66075;"66075;16";;10000.0;0.0;27.93;"J.C. Graf, 1993, "Lunar Soils Grain Size Catalog" NASA Reference Publication RP-1265"
Apollo 16;66075;"66075;16";;2000.0;0.0;27.93;"J.C. Graf, 1993, "Lunar Soils Grain Size Catalog" NASA Reference Publication RP-1265"
Apollo 16;66075;"66075;16";;1000.0;1.11;27.93;"J.C. Graf, 1993, "Lunar Soils Grain Size Catalog" NASA Reference Publication RP-1265"
Apollo 16;66075;"66075;16";;500.0;1.96;27.93;"J.C. Graf, 1993, "Lunar Soils Grain Size Catalog" NASA Reference Publication RP-1265"
Apollo 16;66075;"66075;16";;250.0;5.11;27.93;"J.C. Graf, 1993, "Lunar Soils Grain Size Catalog" NASA Reference Publication RP-1265"
Apollo 16;66075;"66075;16";;150.0;5.64;27.93;"J.C. Graf, 1993, "Lunar Soils Grain Size Catalog" NASA Reference Publication RP-1265"
Apollo 16;66075;"66075;16";;90.0;7.85;27.93;"J.C. Graf, 1993, "Lunar Soils Grain Size Catalog" NASA Reference Publication RP-1265"
Apollo 16;66075;"66075;16";;45.0;16.14;27.93;"J.C. Graf, 1993, "Lunar Soils Grain Size Catalog" NASA Reference Publication RP-1265"
Apollo 16;66075;"66075;16";;20.0;20.72;27.93;"J.C. Graf, 1993, "Lunar Soils Grain Size Catalog" NASA Reference Publication RP-1265"
Apollo 16;66075;"66075;16";;1.0;40.47;27.93;"J.C. Graf, 1993, "Lunar Soils Grain Size Catalog" NASA Reference Publication RP-1265"
Apollo 16;66080;"66081;13";;10000.0;0.0;58.53;"J.C. Graf, 1993, "Lunar Soils Grain Size Catalog" NASA Reference Publication RP-1265"
Apollo 16;66080;"66081;13";;4000.0;1.59;58.53;"J.C. Graf, 1993, "Lunar Soils Grain Size Catalog" NASA Reference Publication RP-1265"
Apollo 16;66080;"66081;13";;2000.0;2.31;58.53;"J.C. Graf, 1993, "Lunar Soils Grain Size Catalog" NASA Reference Publication RP-1265"
Apollo 16;66080;"66081;13";;1000.0;5.01;58.53;"J.C. Graf, 1993, "Lunar Soils Grain Size Catalog" NASA Reference Publication RP-1265"
Apollo 16;66080;"66081;13";;841.0;0.48;58.53;"J.C. Graf, 1993, "Lunar Soils Grain Size Catalog" NASA Reference Publication RP-1265"
Apollo 16;66080;"66081;13";;420.0;5.9;58.53;"J.C. Graf, 1993, "Lunar Soils Grain Size Catalog" NASA Reference Publication RP-1265"
Apollo 16;66080;"66081;13";;250.0;7.72;58.53;"J.C. Graf, 1993, "Lunar Soils Grain Size Catalog" NASA Reference Publication RP-1265"
Apollo 16;66080;"66081;13";;177.0;5.59;58.53;"J.C. Graf, 1993, "Lunar Soils Grain Size Catalog" NASA Reference Publication RP-1265"
Apollo 16;66080;"66081;13";;150.0;2.78;58.53;"J.C. Graf, 1993, "Lunar Soils Grain Size Catalog" NASA Reference Publication RP-1265"
Apollo 16;66080;"66081;13";;125.0;3.93;58.53;"J.C. Graf, 1993, "Lunar Soils Grain Size Catalog" NASA Reference Publication RP-1265"
Apollo 16;66080;"66081;13";;105.0;3.87;58.53;"J.C. Graf, 1993, "Lunar Soils Grain Size Catalog" NASA Reference Publication RP-1265"
Apollo 16;66080;"66081;13";;74.0;6.71;58.53;"J.C. Graf, 1993, "Lunar Soils Grain Size Catalog" NASA Reference Publication RP-1265"
Apollo 16;66080;"66081;13";;53.0;5.85;58.53;"J.C. Graf, 1993, "Lunar Soils Grain Size Catalog" NASA Reference Publication RP-1265"
Apollo 16;66080;"66081;13";;44.0;4.48;58.53;"J.C. Graf, 1993, "Lunar Soils Grain Size Catalog" NASA Reference Publication RP-1265"
Apollo 16;66080;"66081;13";;37.0;3.76;58.53;"J.C. Graf, 1993, "Lunar Soils Grain Size Catalog" NASA Reference Publication RP-1265"
Apollo 16;66080;"66081;13";;30.0;8.01;58.53;"J.C. Graf, 1993, "Lunar Soils Grain Size Catalog" NASA Reference Publication RP-1265"
Apollo 16;66080;"66081;13";;20.0;9.99;58.53;"J.C. Graf, 1993, "Lunar Soils Grain Size Catalog" NASA Reference Publication RP-1265"
Apollo 16;66080;"66081;13";;10.0;8.78;58.53;"J.C. Graf, 1993, "Lunar Soils Grain Size Catalog" NASA Reference Publication RP-1265"
Apollo 16;66080;"66081;13";;1.0;12.23;58.53;"J.C. Graf, 1993, "Lunar Soils Grain Size Catalog" NASA Reference Publication RP-1265"
Apollo 16;67480;"67481;23";;10000.0;0.0;194.11;"J.C. Graf, 1993, "Lunar Soils Grain Size Catalog" NASA Reference Publication RP-1265"
Apollo 16;67480;"67481;23";;4000.0;3.68;194.11;"J.C. Graf, 1993, "Lunar Soils Grain Size Catalog" NASA Reference Publication RP-1265"
Apollo 16;67480;"67481;23";;2000.0;5.12;194.11;"J.C. Graf, 1993, "Lunar Soils Grain Size Catalog" NASA Reference Publication RP-1265"
Apollo 16;67480;"67481;23";;1000.0;8.97;194.11;"J.C. Graf, 1993, "Lunar Soils Grain Size Catalog" NASA Reference Publication RP-1265"
Apollo 16;67480;"67481;23";;500.0;14.53;194.11;"J.C. Graf, 1993, "Lunar Soils Grain Size Catalog" NASA Reference Publication RP-1265"
Apollo 16;67480;"67481;23";;250.0;13.41;194.11;"J.C. Graf, 1993, "Lunar Soils Grain Size Catalog" NASA Reference Publication RP-1265"
Apollo 16;67480;"67481;23";;150.0;8.66;194.11;"J.C. Graf, 1993, "Lunar Soils Grain Size Catalog" NASA Reference Publication RP-1265"
Apollo 16;67480;"67481;23";;90.0;8.91;194.11;"J.C. Graf, 1993, "Lunar Soils Grain Size Catalog" NASA Reference Publication RP-1265"
Apollo 16;67480;"67481;23";;75.0;2.75;194.11;"J.C. Graf, 1993, "Lunar Soils Grain Size Catalog" NASA Reference Publication RP-1265"
Apollo 16;67480;"67481;23";;45.0;7.83;194.11;"J.C. Graf, 1993, "Lunar Soils Grain Size Catalog" NASA Reference Publication RP-1265"
Apollo 16;67480;"67481;23";;20.0;12.35;194.11;"J.C. Graf, 1993, "Lunar Soils Grain Size Catalog" NASA Reference Publication RP-1265"
Apollo 16;67480;"67481;23";;15.6;2.58;194.11;"J.C. Graf, 1993, "Lunar Soils Grain Size Catalog" NASA Reference Publication RP-1265"
Apollo 16;67480;"67481;23";;7.8;6.59;194.11;"J.C. Graf, 1993, "Lunar Soils Grain Size Catalog" NASA Reference Publication RP-1265"
Apollo 16;67480;"67481;23";;3.9;3.02;194.11;"J.C. Graf, 1993, "Lunar Soils Grain Size Catalog" NASA Reference Publication RP-1265"
Apollo 16;67480;"67481;23";;1.0;0.58;194.11;"J.C. Graf, 1993, "Lunar Soils Grain Size Catalog" NASA Reference Publication RP-1265"
Apollo 16;67600;"67601;14";;10000.0;0.0;112.82;"J.C. Graf, 1993, "Lunar Soils Grain Size Catalog" NASA Reference Publication RP-1265"
Apollo 16;67600;"67601;14";;4000.0;1.41;112.82;"J.C. Graf, 1993, "Lunar Soils Grain Size Catalog" NASA Reference Publication RP-1265"
Apollo 16;67600;"67601;14";;2000.0;3.32;112.82;"J.C. Graf, 1993, "Lunar Soils Grain Size Catalog" NASA Reference Publication RP-1265"
Apollo 16;67600;"67601;14";;1000.0;7.24;112.82;"J.C. Graf, 1993, "Lunar Soils Grain Size Catalog" NASA Reference Publication RP-1265"
Apollo 16;67600;"67601;14";;500.0;9.17;112.82;"J.C. Graf, 1993, "Lunar Soils Grain Size Catalog" NASA Reference Publication RP-1265"
Apollo 16;67600;"67601;14";;250.0;12.93;112.82;"J.C. Graf, 1993, "Lunar Soils Grain Size Catalog" NASA Reference Publication RP-1265"
Apollo 16;67600;"67601;14";;150.0;9.98;112.82;"J.C. Graf, 1993, "Lunar Soils Grain Size Catalog" NASA Reference Publication RP-1265"
Apollo 16;67600;"67601;14";;90.0;10.67;112.82;"J.C. Graf, 1993, "Lunar Soils Grain Size Catalog" NASA Reference Publication RP-1265"
Apollo 16;67600;"67601;14";;75.0;3.48;112.82;"J.C. Graf, 1993, "Lunar Soils Grain Size Catalog" NASA Reference Publication RP-1265"
Apollo 16;67600;"67601;14";;45.0;9.35;112.82;"J.C. Graf, 1993, "Lunar Soils Grain Size Catalog" NASA Reference Publication RP-1265"
Apollo 16;67600;"67601;14";;20.0;13.88;112.82;"J.C. Graf, 1993, "Lunar Soils Grain Size Catalog" NASA Reference Publication RP-1265"
Apollo 16;67600;"67601;14";;15.6;5.71;112.82;"J.C. Graf, 1993, "Lunar Soils Grain Size Catalog" NASA Reference Publication RP-1265"
Apollo 16;67600;"67601;14";;7.8;8.2;112.82;"J.C. Graf, 1993, "Lunar Soils Grain Size Catalog" NASA Reference Publication RP-1265"
Apollo 16;67600;"67601;14";;3.9;3.11;112.82;"J.C. Graf, 1993, "Lunar Soils Grain Size Catalog" NASA Reference Publication RP-1265"
Apollo 16;67600;"67601;14";;1.0;0.56;112.82;"J.C. Graf, 1993, "Lunar Soils Grain Size Catalog" NASA Reference Publication RP-1265"
Apollo 16;67700;"67701;16";;10000.0;0.0;153.23;"J.C. Graf, 1993, "Lunar Soils Grain Size Catalog" NASA Reference Publication RP-1265"
Apollo 16;67700;"67701;16";;4000.0;2.66;153.23;"J.C. Graf, 1993, "Lunar Soils Grain Size Catalog" NASA Reference Publication RP-1265"
Apollo 16;67700;"67701;16";;2000.0;4.88;153.23;"J.C. Graf, 1993, "Lunar Soils Grain Size Catalog" NASA Reference Publication RP-1265"
Apollo 16;67700;"67701;16";;1000.0;7.73;153.23;"J.C. Graf, 1993, "Lunar Soils Grain Size Catalog" NASA Reference Publication RP-1265"
Apollo 16;67700;"67701;16";;841.0;2.96;153.23;"J.C. Graf, 1993, "Lunar Soils Grain Size Catalog" NASA Reference Publication RP-1265"
Apollo 16;67700;"67701;16";;420.0;11.49;153.23;"J.C. Graf, 1993, "Lunar Soils Grain Size Catalog" NASA Reference Publication RP-1265"
Apollo 16;67700;"67701;16";;250.0;10.3;153.23;"J.C. Graf, 1993, "Lunar Soils Grain Size Catalog" NASA Reference Publication RP-1265"
Apollo 16;67700;"67701;16";;177.0;7.07;153.23;"J.C. Graf, 1993, "Lunar Soils Grain Size Catalog" NASA Reference Publication RP-1265"
Apollo 16;67700;"67701;16";;150.0;3.34;153.23;"J.C. Graf, 1993, "Lunar Soils Grain Size Catalog" NASA Reference Publication RP-1265"
Apollo 16;67700;"67701;16";;125.0;3.62;153.23;"J.C. Graf, 1993, "Lunar Soils Grain Size Catalog" NASA Reference Publication RP-1265"
Apollo 16;67700;"67701;16";;105.0;5.07;153.23;"J.C. Graf, 1993, "Lunar Soils Grain Size Catalog" NASA Reference Publication RP-1265"
Apollo 16;67700;"67701;16";;74.0;5.88;153.23;"J.C. Graf, 1993, "Lunar Soils Grain Size Catalog" NASA Reference Publication RP-1265"
Apollo 16;67700;"67701;16";;53.0;4.4;153.23;"J.C. Graf, 1993, "Lunar Soils Grain Size Catalog" NASA Reference Publication RP-1265"
Apollo 16;67700;"67701;16";;44.0;3.76;153.23;"J.C. Graf, 1993, "Lunar Soils Grain Size Catalog" NASA Reference Publication RP-1265"
Apollo 16;67700;"67701;16";;37.0;3.6;153.23;"J.C. Graf, 1993, "Lunar Soils Grain Size Catalog" NASA Reference Publication RP-1265"
Apollo 16;67700;"67701;16";;30.0;6.55;153.23;"J.C. Graf, 1993, "Lunar Soils Grain Size Catalog" NASA Reference Publication RP-1265"
Apollo 16;67700;"67701;16";;20.0;5.67;153.23;"J.C. Graf, 1993, "Lunar Soils Grain Size Catalog" NASA Reference Publication RP-1265"
Apollo 16;67700;"67701;16";;10.0;4.64;153.23;"J.C. Graf, 1993, "Lunar Soils Grain Size Catalog" NASA Reference Publication RP-1265"
Apollo 16;67700;"67701;16";;1.0;5.37;153.23;"J.C. Graf, 1993, "Lunar Soils Grain Size Catalog" NASA Reference Publication RP-1265"
Apollo 16;67700;"67701;17";;10000.0;0.0;139.27;"J.C. Graf, 1993, "Lunar Soils Grain Size Catalog" NASA Reference Publication RP-1265"
Apollo 16;67700;"67701;17";;4000.0;2.66;139.27;"J.C. Graf, 1993, "Lunar Soils Grain Size Catalog" NASA Reference Publication RP-1265"
Apollo 16;67700;"67701;17";;2000.0;4.88;139.27;"J.C. Graf, 1993, "Lunar Soils Grain Size Catalog" NASA Reference Publication RP-1265"
Apollo 16;67700;"67701;17";;1000.0;7.73;139.27;"J.C. Graf, 1993, "Lunar Soils Grain Size Catalog" NASA Reference Publication RP-1265"
Apollo 16;67700;"67701;17";;500.0;12.55;139.27;"J.C. Graf, 1993, "Lunar Soils Grain Size Catalog" NASA Reference Publication RP-1265"
Apollo 16;67700;"67701;17";;250.0;11.94;139.27;"J.C. Graf, 1993, "Lunar Soils Grain Size Catalog" NASA Reference Publication RP-1265"
Apollo 16;67700;"67701;17";;150.0;8.79;139.27;"J.C. Graf, 1993, "Lunar Soils Grain Size Catalog" NASA Reference Publication RP-1265"
Apollo 16;67700;"67701;17";;90.0;9.98;139.27;"J.C. Graf, 1993, "Lunar Soils Grain Size Catalog" NASA Reference Publication RP-1265"
Apollo 16;67700;"67701;17";;75.0;3.07;139.27;"J.C. Graf, 1993, "Lunar Soils Grain Size Catalog" NASA Reference Publication RP-1265"
Apollo 16;67700;"67701;17";;45.0;8.66;139.27;"J.C. Graf, 1993, "Lunar Soils Grain Size Catalog" NASA Reference Publication RP-1265"
Apollo 16;67700;"67701;17";;20.0;12.86;139.27;"J.C. Graf, 1993, "Lunar Soils Grain Size Catalog" NASA Reference Publication RP-1265"
Apollo 16;67700;"67701;17";;15.6;4.68;139.27;"J.C. Graf, 1993, "Lunar Soils Grain Size Catalog" NASA Reference Publication RP-1265"
Apollo 16;67700;"67701;17";;7.8;6.82;139.27;"J.C. Graf, 1993, "Lunar Soils Grain Size Catalog" NASA Reference Publication RP-1265"
Apollo 16;67700;"67701;17";;3.9;3.77;139.27;"J.C. Graf, 1993, "Lunar Soils Grain Size Catalog" NASA Reference Publication RP-1265"
Apollo 16;67700;"67701;17";;1.0;0.58;139.27;"J.C. Graf, 1993, "Lunar Soils Grain Size Catalog" NASA Reference Publication RP-1265"
Apollo 16;67710;"67710;16";;10000.0;0.0;143.69;"J.C. Graf, 1993, "Lunar Soils Grain Size Catalog" NASA Reference Publication RP-1265"
Apollo 16;67710;"67710;16";;4000.0;4.55;143.69;"J.C. Graf, 1993, "Lunar Soils Grain Size Catalog" NASA Reference Publication RP-1265"
Apollo 16;67710;"67710;16";;2000.0;8.08;143.69;"J.C. Graf, 1993, "Lunar Soils Grain Size Catalog" NASA Reference Publication RP-1265"
Apollo 16;67710;"67710;16";;1000.0;12.53;143.69;"J.C. Graf, 1993, "Lunar Soils Grain Size Catalog" NASA Reference Publication RP-1265"
Apollo 16;67710;"67710;16";;500.0;8.28;143.69;"J.C. Graf, 1993, "Lunar Soils Grain Size Catalog" NASA Reference Publication RP-1265"
Apollo 16;67710;"67710;16";;250.0;9.06;143.69;"J.C. Graf, 1993, "Lunar Soils Grain Size Catalog" NASA Reference Publication RP-1265"
Apollo 16;67710;"67710;16";;150.0;6.83;143.69;"J.C. Graf, 1993, "Lunar Soils Grain Size Catalog" NASA Reference Publication RP-1265"
Apollo 16;67710;"67710;16";;90.0;7.96;143.69;"J.C. Graf, 1993, "Lunar Soils Grain Size Catalog" NASA Reference Publication RP-1265"
Apollo 16;67710;"67710;16";;75.0;2.66;143.69;"J.C. Graf, 1993, "Lunar Soils Grain Size Catalog" NASA Reference Publication RP-1265"
Apollo 16;67710;"67710;16";;45.0;8.33;143.69;"J.C. Graf, 1993, "Lunar Soils Grain Size Catalog" NASA Reference Publication RP-1265"
Apollo 16;67710;"67710;16";;20.0;13.3;143.69;"J.C. Graf, 1993, "Lunar Soils Grain Size Catalog" NASA Reference Publication RP-1265"
Apollo 16;67710;"67710;16";;15.6;4.95;143.69;"J.C. Graf, 1993, "Lunar Soils Grain Size Catalog" NASA Reference Publication RP-1265"
Apollo 16;67710;"67710;16";;7.8;7.67;143.69;"J.C. Graf, 1993, "Lunar Soils Grain Size Catalog" NASA Reference Publication RP-1265"
Apollo 16;67710;"67710;16";;3.9;3.09;143.69;"J.C. Graf, 1993, "Lunar Soils Grain Size Catalog" NASA Reference Publication RP-1265"
Apollo 16;67710;"67710;16";;1.0;1.7;143.69;"J.C. Graf, 1993, "Lunar Soils Grain Size Catalog" NASA Reference Publication RP-1265"
Apollo 16;67940;"67941;13";;10000.0;0.0;180.12;"J.C. Graf, 1993, "Lunar Soils Grain Size Catalog" NASA Reference Publication RP-1265"
Apollo 16;67940;"67941;13";;4000.0;6.25;180.12;"J.C. Graf, 1993, "Lunar Soils Grain Size Catalog" NASA Reference Publication RP-1265"
Apollo 16;67940;"67941;13";;2000.0;6.81;180.12;"J.C. Graf, 1993, "Lunar Soils Grain Size Catalog" NASA Reference Publication RP-1265"
Apollo 16;67940;"67941;13";;1000.0;8.9;180.12;"J.C. Graf, 1993, "Lunar Soils Grain Size Catalog" NASA Reference Publication RP-1265"
Apollo 16;67940;"67941;13";;500.0;9.26;180.12;"J.C. Graf, 1993, "Lunar Soils Grain Size Catalog" NASA Reference Publication RP-1265"
Apollo 16;67940;"67941;13";;250.0;12.94;180.12;"J.C. Graf, 1993, "Lunar Soils Grain Size Catalog" NASA Reference Publication RP-1265"
Apollo 16;67940;"67941;13";;150.0;9.1;180.12;"J.C. Graf, 1993, "Lunar Soils Grain Size Catalog" NASA Reference Publication RP-1265"
Apollo 16;67940;"67941;13";;90.0;9.73;180.12;"J.C. Graf, 1993, "Lunar Soils Grain Size Catalog" NASA Reference Publication RP-1265"
Apollo 16;67940;"67941;13";;75.0;3.09;180.12;"J.C. Graf, 1993, "Lunar Soils Grain Size Catalog" NASA Reference Publication RP-1265"
Apollo 16;67940;"67941;13";;45.0;8.73;180.12;"J.C. Graf, 1993, "Lunar Soils Grain Size Catalog" NASA Reference Publication RP-1265"
Apollo 16;67940;"67941;13";;20.0;12.85;180.12;"J.C. Graf, 1993, "Lunar Soils Grain Size Catalog" NASA Reference Publication RP-1265"
Apollo 16;67940;"67941;13";;15.6;3.84;180.12;"J.C. Graf, 1993, "Lunar Soils Grain Size Catalog" NASA Reference Publication RP-1265"
Apollo 16;67940;"67941;13";;7.8;4.91;180.12;"J.C. Graf, 1993, "Lunar Soils Grain Size Catalog" NASA Reference Publication RP-1265"
Apollo 16;67940;"67941;13";;3.9;1.88;180.12;"J.C. Graf, 1993, "Lunar Soils Grain Size Catalog" NASA Reference Publication RP-1265"
Apollo 16;67940;"67941;13";;1.0;0.7;180.12;"J.C. Graf, 1993, "Lunar Soils Grain Size Catalog" NASA Reference Publication RP-1265"
Apollo 16;68500;"68501;33";;10000.0;0.0;99.74;"J.C. Graf, 1993, "Lunar Soils Grain Size Catalog" NASA Reference Publication RP-1265"
Apollo 16;68500;"68501;33";;4000.0;2.84;99.74;"J.C. Graf, 1993, "Lunar Soils Grain Size Catalog" NASA Reference Publication RP-1265"
Apollo 16;68500;"68501;33";;2000.0;4.14;99.74;"J.C. Graf, 1993, "Lunar Soils Grain Size Catalog" NASA Reference Publication RP-1265"
Apollo 16;68500;"68501;33";;1000.0;6.22;99.74;"J.C. Graf, 1993, "Lunar Soils Grain Size Catalog" NASA Reference Publication RP-1265"
Apollo 16;68500;"68501;33";;841.0;0.48;99.74;"J.C. Graf, 1993, "Lunar Soils Grain Size Catalog" NASA Reference Publication RP-1265"
Apollo 16;68500;"68501;33";;420.0;7.23;99.74;"J.C. Graf, 1993, "Lunar Soils Grain Size Catalog" NASA Reference Publication RP-1265"
Apollo 16;68500;"68501;33";;250.0;8.51;99.74;"J.C. Graf, 1993, "Lunar Soils Grain Size Catalog" NASA Reference Publication RP-1265"
Apollo 16;68500;"68501;33";;177.0;8.16;99.74;"J.C. Graf, 1993, "Lunar Soils Grain Size Catalog" NASA Reference Publication RP-1265"
Apollo 16;68500;"68501;33";;150.0;3.36;99.74;"J.C. Graf, 1993, "Lunar Soils Grain Size Catalog" NASA Reference Publication RP-1265"
Apollo 16;68500;"68501;33";;125.0;3.77;99.74;"J.C. Graf, 1993, "Lunar Soils Grain Size Catalog" NASA Reference Publication RP-1265"
Apollo 16;68500;"68501;33";;105.0;4.18;99.74;"J.C. Graf, 1993, "Lunar Soils Grain Size Catalog" NASA Reference Publication RP-1265"
Apollo 16;68500;"68501;33";;74.0;7.56;99.74;"J.C. Graf, 1993, "Lunar Soils Grain Size Catalog" NASA Reference Publication RP-1265"
Apollo 16;68500;"68501;33";;53.0;5.0;99.74;"J.C. Graf, 1993, "Lunar Soils Grain Size Catalog" NASA Reference Publication RP-1265"
Apollo 16;68500;"68501;33";;44.0;4.74;99.74;"J.C. Graf, 1993, "Lunar Soils Grain Size Catalog" NASA Reference Publication RP-1265"
Apollo 16;68500;"68501;33";;37.0;4.79;99.74;"J.C. Graf, 1993, "Lunar Soils Grain Size Catalog" NASA Reference Publication RP-1265"
Apollo 16;68500;"68501;33";;30.0;5.83;99.74;"J.C. Graf, 1993, "Lunar Soils Grain Size Catalog" NASA Reference Publication RP-1265"
Apollo 16;68500;"68501;33";;20.0;9.59;99.74;"J.C. Graf, 1993, "Lunar Soils Grain Size Catalog" NASA Reference Publication RP-1265"
Apollo 16;68500;"68501;33";;10.0;6.69;99.74;"J.C. Graf, 1993, "Lunar Soils Grain Size Catalog" NASA Reference Publication RP-1265"
Apollo 16;68500;"68501;33";;1.0;5.91;99.74;"J.C. Graf, 1993, "Lunar Soils Grain Size Catalog" NASA Reference Publication RP-1265"
Apollo 16;68500;"68501;36";;10000.0;0.0;90.43;"J.C. Graf, 1993, "Lunar Soils Grain Size Catalog" NASA Reference Publication RP-1265"
Apollo 16;68500;"68501;36";;4000.0;2.84;90.43;"J.C. Graf, 1993, "Lunar Soils Grain Size Catalog" NASA Reference Publication RP-1265"
Apollo 16;68500;"68501;36";;2000.0;4.13;90.43;"J.C. Graf, 1993, "Lunar Soils Grain Size Catalog" NASA Reference Publication RP-1265"
Apollo 16;68500;"68501;36";;1000.0;6.23;90.43;"J.C. Graf, 1993, "Lunar Soils Grain Size Catalog" NASA Reference Publication RP-1265"
Apollo 16;68500;"68501;36";;500.0;5.94;90.43;"J.C. Graf, 1993, "Lunar Soils Grain Size Catalog" NASA Reference Publication RP-1265"
Apollo 16;68500;"68501;36";;250.0;11.03;90.43;"J.C. Graf, 1993, "Lunar Soils Grain Size Catalog" NASA Reference Publication RP-1265"
Apollo 16;68500;"68501;36";;150.0;9.26;90.43;"J.C. Graf, 1993, "Lunar Soils Grain Size Catalog" NASA Reference Publication RP-1265"
Apollo 16;68500;"68501;36";;90.0;10.67;90.43;"J.C. Graf, 1993, "Lunar Soils Grain Size Catalog" NASA Reference Publication RP-1265"
Apollo 16;68500;"68501;36";;75.0;3.33;90.43;"J.C. Graf, 1993, "Lunar Soils Grain Size Catalog" NASA Reference Publication RP-1265"
Apollo 16;68500;"68501;36";;45.0;9.49;90.43;"J.C. Graf, 1993, "Lunar Soils Grain Size Catalog" NASA Reference Publication RP-1265"
Apollo 16;68500;"68501;36";;20.0;16.2;90.43;"J.C. Graf, 1993, "Lunar Soils Grain Size Catalog" NASA Reference Publication RP-1265"
Apollo 16;68500;"68501;36";;15.6;8.69;90.43;"J.C. Graf, 1993, "Lunar Soils Grain Size Catalog" NASA Reference Publication RP-1265"
Apollo 16;68500;"68501;36";;7.8;6.33;90.43;"J.C. Graf, 1993, "Lunar Soils Grain Size Catalog" NASA Reference Publication RP-1265"
Apollo 16;68500;"68501;36";;3.9;3.94;90.43;"J.C. Graf, 1993, "Lunar Soils Grain Size Catalog" NASA Reference Publication RP-1265"
Apollo 16;68500;"68501;36";;1.0;0.93;90.43;"J.C. Graf, 1993, "Lunar Soils Grain Size Catalog" NASA Reference Publication RP-1265"
Apollo 16;68500;"68501;50";;10000.0;0.0;97.55;"J.C. Graf, 1993, "Lunar Soils Grain Size Catalog" NASA Reference Publication RP-1265"
Apollo 16;68500;"68501;50";;4000.0;2.85;97.55;"J.C. Graf, 1993, "Lunar Soils Grain Size Catalog" NASA Reference Publication RP-1265"
Apollo 16;68500;"68501;50";;2000.0;4.14;97.55;"J.C. Graf, 1993, "Lunar Soils Grain Size Catalog" NASA Reference Publication RP-1265"
Apollo 16;68500;"68501;50";;1000.0;6.23;97.55;"J.C. Graf, 1993, "Lunar Soils Grain Size Catalog" NASA Reference Publication RP-1265"
Apollo 16;68500;"68501;50";;500.0;7.99;97.55;"J.C. Graf, 1993, "Lunar Soils Grain Size Catalog" NASA Reference Publication RP-1265"
Apollo 16;68500;"68501;50";;250.0;10.99;97.55;"J.C. Graf, 1993, "Lunar Soils Grain Size Catalog" NASA Reference Publication RP-1265"
Apollo 16;68500;"68501;50";;125.0;12.02;97.55;"J.C. Graf, 1993, "Lunar Soils Grain Size Catalog" NASA Reference Publication RP-1265"
Apollo 16;68500;"68501;50";;63.0;15.97;97.55;"J.C. Graf, 1993, "Lunar Soils Grain Size Catalog" NASA Reference Publication RP-1265"
Apollo 16;68500;"68501;50";;20.0;15.11;97.55;"J.C. Graf, 1993, "Lunar Soils Grain Size Catalog" NASA Reference Publication RP-1265"
Apollo 16;68500;"68501;50";;10.0;6.7;97.55;"J.C. Graf, 1993, "Lunar Soils Grain Size Catalog" NASA Reference Publication RP-1265"
Apollo 16;68500;"68501;50";;4.0;7.73;97.55;"J.C. Graf, 1993, "Lunar Soils Grain Size Catalog" NASA Reference Publication RP-1265"
Apollo 16;68500;"68501;50";;1.0;9.27;97.55;"J.C. Graf, 1993, "Lunar Soils Grain Size Catalog" NASA Reference Publication RP-1265"
Apollo 16;68840;"68841;13";;10000.0;0.0;88.37;"J.C. Graf, 1993, "Lunar Soils Grain Size Catalog" NASA Reference Publication RP-1265"
Apollo 16;68840;"68841;13";;4000.0;1.68;88.37;"J.C. Graf, 1993, "Lunar Soils Grain Size Catalog" NASA Reference Publication RP-1265"
Apollo 16;68840;"68841;13";;2000.0;2.98;88.37;"J.C. Graf, 1993, "Lunar Soils Grain Size Catalog" NASA Reference Publication RP-1265"
Apollo 16;68840;"68841;13";;1000.0;4.82;88.37;"J.C. Graf, 1993, "Lunar Soils Grain Size Catalog" NASA Reference Publication RP-1265"
Apollo 16;68840;"68841;13";;841.0;2.91;88.37;"J.C. Graf, 1993, "Lunar Soils Grain Size Catalog" NASA Reference Publication RP-1265"
Apollo 16;68840;"68841;13";;420.0;8.27;88.37;"J.C. Graf, 1993, "Lunar Soils Grain Size Catalog" NASA Reference Publication RP-1265"
Apollo 16;68840;"68841;13";;250.0;8.46;88.37;"J.C. Graf, 1993, "Lunar Soils Grain Size Catalog" NASA Reference Publication RP-1265"
Apollo 16;68840;"68841;13";;177.0;6.09;88.37;"J.C. Graf, 1993, "Lunar Soils Grain Size Catalog" NASA Reference Publication RP-1265"
Apollo 16;68840;"68841;13";;150.0;3.41;88.37;"J.C. Graf, 1993, "Lunar Soils Grain Size Catalog" NASA Reference Publication RP-1265"
Apollo 16;68840;"68841;13";;125.0;3.84;88.37;"J.C. Graf, 1993, "Lunar Soils Grain Size Catalog" NASA Reference Publication RP-1265"
Apollo 16;68840;"68841;13";;105.0;4.12;88.37;"J.C. Graf, 1993, "Lunar Soils Grain Size Catalog" NASA Reference Publication RP-1265"
Apollo 16;68840;"68841;13";;74.0;6.94;88.37;"J.C. Graf, 1993, "Lunar Soils Grain Size Catalog" NASA Reference Publication RP-1265"
Apollo 16;68840;"68841;13";;53.0;5.56;88.37;"J.C. Graf, 1993, "Lunar Soils Grain Size Catalog" NASA Reference Publication RP-1265"
Apollo 16;68840;"68841;13";;44.0;4.74;88.37;"J.C. Graf, 1993, "Lunar Soils Grain Size Catalog" NASA Reference Publication RP-1265"
Apollo 16;68840;"68841;13";;37.0;3.69;88.37;"J.C. Graf, 1993, "Lunar Soils Grain Size Catalog" NASA Reference Publication RP-1265"
Apollo 16;68840;"68841;13";;30.0;7.6;88.37;"J.C. Graf, 1993, "Lunar Soils Grain Size Catalog" NASA Reference Publication RP-1265"
Apollo 16;68840;"68841;13";;20.0;7.32;88.37;"J.C. Graf, 1993, "Lunar Soils Grain Size Catalog" NASA Reference Publication RP-1265"
Apollo 16;68840;"68841;13";;10.0;8.0;88.37;"J.C. Graf, 1993, "Lunar Soils Grain Size Catalog" NASA Reference Publication RP-1265"
Apollo 16;68840;"68841;13";;1.0;8.56;88.37;"J.C. Graf, 1993, "Lunar Soils Grain Size Catalog" NASA Reference Publication RP-1265"
Apollo 16;69940;"69941;15";;10000.0;0.0;78.24;"J.C. Graf, 1993, "Lunar Soils Grain Size Catalog" NASA Reference Publication RP-1265"
Apollo 16;69940;"69941;15";;4000.0;1.58;78.24;"J.C. Graf, 1993, "Lunar Soils Grain Size Catalog" NASA Reference Publication RP-1265"
Apollo 16;69940;"69941;15";;2000.0;2.86;78.24;"J.C. Graf, 1993, "Lunar Soils Grain Size Catalog" NASA Reference Publication RP-1265"
Apollo 16;69940;"69941;15";;841.0;4.21;78.24;"J.C. Graf, 1993, "Lunar Soils Grain Size Catalog" NASA Reference Publication RP-1265"
Apollo 16;69940;"69941;15";;420.0;8.14;78.24;"J.C. Graf, 1993, "Lunar Soils Grain Size Catalog" NASA Reference Publication RP-1265"
Apollo 16;69940;"69941;15";;250.0;8.24;78.24;"J.C. Graf, 1993, "Lunar Soils Grain Size Catalog" NASA Reference Publication RP-1265"
Apollo 16;69940;"69941;15";;177.0;6.64;78.24;"J.C. Graf, 1993, "Lunar Soils Grain Size Catalog" NASA Reference Publication RP-1265"
Apollo 16;69940;"69941;15";;150.0;3.46;78.24;"J.C. Graf, 1993, "Lunar Soils Grain Size Catalog" NASA Reference Publication RP-1265"
Apollo 16;69940;"69941;15";;125.0;4.21;78.24;"J.C. Graf, 1993, "Lunar Soils Grain Size Catalog" NASA Reference Publication RP-1265"
Apollo 16;69940;"69941;15";;105.0;4.54;78.24;"J.C. Graf, 1993, "Lunar Soils Grain Size Catalog" NASA Reference Publication RP-1265"
Apollo 16;69940;"69941;15";;74.0;7.28;78.24;"J.C. Graf, 1993, "Lunar Soils Grain Size Catalog" NASA Reference Publication RP-1265"
Apollo 16;69940;"69941;15";;53.0;5.72;78.24;"J.C. Graf, 1993, "Lunar Soils Grain Size Catalog" NASA Reference Publication RP-1265"
Apollo 16;69940;"69941;15";;44.0;4.72;78.24;"J.C. Graf, 1993, "Lunar Soils Grain Size Catalog" NASA Reference Publication RP-1265"
Apollo 16;69940;"69941;15";;37.0;2.28;78.24;"J.C. Graf, 1993, "Lunar Soils Grain Size Catalog" NASA Reference Publication RP-1265"
Apollo 16;69940;"69941;15";;30.0;9.73;78.24;"J.C. Graf, 1993, "Lunar Soils Grain Size Catalog" NASA Reference Publication RP-1265"
Apollo 16;69940;"69941;15";;20.0;6.29;78.24;"J.C. Graf, 1993, "Lunar Soils Grain Size Catalog" NASA Reference Publication RP-1265"
Apollo 16;69940;"69941;15";;10.0;8.63;78.24;"J.C. Graf, 1993, "Lunar Soils Grain Size Catalog" NASA Reference Publication RP-1265"
Apollo 16;69940;"69941;15";;1.0;10.47;78.24;"J.C. Graf, 1993, "Lunar Soils Grain Size Catalog" NASA Reference Publication RP-1265"
Apollo 16;69960;"69961;14";;10000.0;0.0;80.5;"J.C. Graf, 1993, "Lunar Soils Grain Size Catalog" NASA Reference Publication RP-1265"
Apollo 16;69960;"69961;14";;4000.0;1.42;80.5;"J.C. Graf, 1993, "Lunar Soils Grain Size Catalog" NASA Reference Publication RP-1265"
Apollo 16;69960;"69961;14";;2000.0;2.92;80.5;"J.C. Graf, 1993, "Lunar Soils Grain Size Catalog" NASA Reference Publication RP-1265"
Apollo 16;69960;"69961;14";;1000.0;4.1;80.5;"J.C. Graf, 1993, "Lunar Soils Grain Size Catalog" NASA Reference Publication RP-1265"
Apollo 16;69960;"69961;14";;841.0;2.43;80.5;"J.C. Graf, 1993, "Lunar Soils Grain Size Catalog" NASA Reference Publication RP-1265"
Apollo 16;69960;"69961;14";;420.0;7.34;80.5;"J.C. Graf, 1993, "Lunar Soils Grain Size Catalog" NASA Reference Publication RP-1265"
Apollo 16;69960;"69961;14";;250.0;7.8;80.5;"J.C. Graf, 1993, "Lunar Soils Grain Size Catalog" NASA Reference Publication RP-1265"
Apollo 16;69960;"69961;14";;177.0;6.16;80.5;"J.C. Graf, 1993, "Lunar Soils Grain Size Catalog" NASA Reference Publication RP-1265"
Apollo 16;69960;"69961;14";;150.0;3.93;80.5;"J.C. Graf, 1993, "Lunar Soils Grain Size Catalog" NASA Reference Publication RP-1265"
Apollo 16;69960;"69961;14";;125.0;4.11;80.5;"J.C. Graf, 1993, "Lunar Soils Grain Size Catalog" NASA Reference Publication RP-1265"
Apollo 16;69960;"69961;14";;105.0;4.33;80.5;"J.C. Graf, 1993, "Lunar Soils Grain Size Catalog" NASA Reference Publication RP-1265"
Apollo 16;69960;"69961;14";;74.0;7.19;80.5;"J.C. Graf, 1993, "Lunar Soils Grain Size Catalog" NASA Reference Publication RP-1265"
Apollo 16;69960;"69961;14";;53.0;6.39;80.5;"J.C. Graf, 1993, "Lunar Soils Grain Size Catalog" NASA Reference Publication RP-1265"
Apollo 16;69960;"69961;14";;44.0;4.5;80.5;"J.C. Graf, 1993, "Lunar Soils Grain Size Catalog" NASA Reference Publication RP-1265"
Apollo 16;69960;"69961;14";;37.0;3.81;80.5;"J.C. Graf, 1993, "Lunar Soils Grain Size Catalog" NASA Reference Publication RP-1265"
Apollo 16;69960;"69961;14";;30.0;8.27;80.5;"J.C. Graf, 1993, "Lunar Soils Grain Size Catalog" NASA Reference Publication RP-1265"
Apollo 16;69960;"69961;14";;20.0;7.66;80.5;"J.C. Graf, 1993, "Lunar Soils Grain Size Catalog" NASA Reference Publication RP-1265"
Apollo 16;69960;"69961;14";;10.0;8.02;80.5;"J.C. Graf, 1993, "Lunar Soils Grain Size Catalog" NASA Reference Publication RP-1265"
Apollo 16;69960;"69961;14";;1.0;8.63;80.5;"J.C. Graf, 1993, "Lunar Soils Grain Size Catalog" NASA Reference Publication RP-1265"
Apollo 17;70008;"70008;245";59.8 - 60.3;10000.0;0.0;56.35;"J.C. Graf, 1993, "Lunar Soils Grain Size Catalog" NASA Reference Publication RP-1265"
Apollo 17;70008;"70008;245";59.8 - 60.3;2000.0;0.0;56.35;"J.C. Graf, 1993, "Lunar Soils Grain Size Catalog" NASA Reference Publication RP-1265"
Apollo 17;70008;"70008;245";59.8 - 60.3;1000.0;12.02;56.35;"J.C. Graf, 1993, "Lunar Soils Grain Size Catalog" NASA Reference Publication RP-1265"
Apollo 17;70008;"70008;245";59.8 - 60.3;500.0;2.85;56.35;"J.C. Graf, 1993, "Lunar Soils Grain Size Catalog" NASA Reference Publication RP-1265"
Apollo 17;70008;"70008;245";59.8 - 60.3;250.0;7.87;56.35;"J.C. Graf, 1993, "Lunar Soils Grain Size Catalog" NASA Reference Publication RP-1265"
Apollo 17;70008;"70008;245";59.8 - 60.3;150.0;7.72;56.35;"J.C. Graf, 1993, "Lunar Soils Grain Size Catalog" NASA Reference Publication RP-1265"
Apollo 17;70008;"70008;245";59.8 - 60.3;90.0;9.45;56.35;"J.C. Graf, 1993, "Lunar Soils Grain Size Catalog" NASA Reference Publication RP-1265"
Apollo 17;70008;"70008;245";59.8 - 60.3;75.0;3.95;56.35;"J.C. Graf, 1993, "Lunar Soils Grain Size Catalog" NASA Reference Publication RP-1265"
Apollo 17;70008;"70008;245";59.8 - 60.3;45.0;10.97;56.35;"J.C. Graf, 1993, "Lunar Soils Grain Size Catalog" NASA Reference Publication RP-1265"
Apollo 17;70008;"70008;245";59.8 - 60.3;20.0;17.64;56.35;"J.C. Graf, 1993, "Lunar Soils Grain Size Catalog" NASA Reference Publication RP-1265"
Apollo 17;70008;"70008;245";59.8 - 60.3;15.6;2.32;56.35;"J.C. Graf, 1993, "Lunar Soils Grain Size Catalog" NASA Reference Publication RP-1265"
Apollo 17;70008;"70008;245";59.8 - 60.3;7.8;16.05;56.35;"J.C. Graf, 1993, "Lunar Soils Grain Size Catalog" NASA Reference Publication RP-1265"
Apollo 17;70008;"70008;245";59.8 - 60.3;3.9;7.13;56.35;"J.C. Graf, 1993, "Lunar Soils Grain Size Catalog" NASA Reference Publication RP-1265"
Apollo 17;70008;"70008;245";59.8 - 60.3;1.0;1.03;56.35;"J.C. Graf, 1993, "Lunar Soils Grain Size Catalog" NASA Reference Publication RP-1265"
Apollo 17;70008;"70008;239";54.8 - 56.8;10000.0;0.0;56.28;"J.C. Graf, 1993, "Lunar Soils Grain Size Catalog" NASA Reference Publication RP-1265"
Apollo 17;70008;"70008;239";54.8 - 56.8;1000.0;0.0;56.28;"J.C. Graf, 1993, "Lunar Soils Grain Size Catalog" NASA Reference Publication RP-1265"
Apollo 17;70008;"70008;239";54.8 - 56.8;500.0;8.31;56.28;"J.C. Graf, 1993, "Lunar Soils Grain Size Catalog" NASA Reference Publication RP-1265"
Apollo 17;70008;"70008;239";54.8 - 56.8;250.0;10.46;56.28;"J.C. Graf, 1993, "Lunar Soils Grain Size Catalog" NASA Reference Publication RP-1265"
Apollo 17;70008;"70008;239";54.8 - 56.8;150.0;9.59;56.28;"J.C. Graf, 1993, "Lunar Soils Grain Size Catalog" NASA Reference Publication RP-1265"
Apollo 17;70008;"70008;239";54.8 - 56.8;90.0;11.22;56.28;"J.C. Graf, 1993, "Lunar Soils Grain Size Catalog" NASA Reference Publication RP-1265"
Apollo 17;70008;"70008;239";54.8 - 56.8;75.0;4.03;56.28;"J.C. Graf, 1993, "Lunar Soils Grain Size Catalog" NASA Reference Publication RP-1265"
Apollo 17;70008;"70008;239";54.8 - 56.8;45.0;11.37;56.28;"J.C. Graf, 1993, "Lunar Soils Grain Size Catalog" NASA Reference Publication RP-1265"
Apollo 17;70008;"70008;239";54.8 - 56.8;20.0;17.2;56.28;"J.C. Graf, 1993, "Lunar Soils Grain Size Catalog" NASA Reference Publication RP-1265"
Apollo 17;70008;"70008;239";54.8 - 56.8;15.6;3.63;56.28;"J.C. Graf, 1993, "Lunar Soils Grain Size Catalog" NASA Reference Publication RP-1265"
Apollo 17;70008;"70008;239";54.8 - 56.8;7.8;13.26;56.28;"J.C. Graf, 1993, "Lunar Soils Grain Size Catalog" NASA Reference Publication RP-1265"
Apollo 17;70008;"70008;239";54.8 - 56.8;3.9;7.8;56.28;"J.C. Graf, 1993, "Lunar Soils Grain Size Catalog" NASA Reference Publication RP-1265"
Apollo 17;70008;"70008;239";54.8 - 56.8;1.0;2.14;56.28;"J.C. Graf, 1993, "Lunar Soils Grain Size Catalog" NASA Reference Publication RP-1265"
Apollo 17;70008;"70008;235";53.8 - 54.3;10000.0;0.0;64.73;"J.C. Graf, 1993, "Lunar Soils Grain Size Catalog" NASA Reference Publication RP-1265"
Apollo 17;70008;"70008;235";53.8 - 54.3;4000.0;0.0;64.73;"J.C. Graf, 1993, "Lunar Soils Grain Size Catalog" NASA Reference Publication RP-1265"
Apollo 17;70008;"70008;235";53.8 - 54.3;1000.0;3.79;64.73;"J.C. Graf, 1993, "Lunar Soils Grain Size Catalog" NASA Reference Publication RP-1265"
Apollo 17;70008;"70008;235";53.8 - 54.3;500.0;6.94;64.73;"J.C. Graf, 1993, "Lunar Soils Grain Size Catalog" NASA Reference Publication RP-1265"
Apollo 17;70008;"70008;235";53.8 - 54.3;250.0;10.82;64.73;"J.C. Graf, 1993, "Lunar Soils Grain Size Catalog" NASA Reference Publication RP-1265"
Apollo 17;70008;"70008;235";53.8 - 54.3;150.0;9.41;64.73;"J.C. Graf, 1993, "Lunar Soils Grain Size Catalog" NASA Reference Publication RP-1265"
Apollo 17;70008;"70008;235";53.8 - 54.3;90.0;11.43;64.73;"J.C. Graf, 1993, "Lunar Soils Grain Size Catalog" NASA Reference Publication RP-1265"
Apollo 17;70008;"70008;235";53.8 - 54.3;75.0;4.33;64.73;"J.C. Graf, 1993, "Lunar Soils Grain Size Catalog" NASA Reference Publication RP-1265"
Apollo 17;70008;"70008;235";53.8 - 54.3;45.0;11.38;64.73;"J.C. Graf, 1993, "Lunar Soils Grain Size Catalog" NASA Reference Publication RP-1265"
Apollo 17;70008;"70008;235";53.8 - 54.3;20.0;16.56;64.73;"J.C. Graf, 1993, "Lunar Soils Grain Size Catalog" NASA Reference Publication RP-1265"
Apollo 17;70008;"70008;235";53.8 - 54.3;15.6;4.34;64.73;"J.C. Graf, 1993, "Lunar Soils Grain Size Catalog" NASA Reference Publication RP-1265"
Apollo 17;70008;"70008;235";53.8 - 54.3;7.8;12.64;64.73;"J.C. Graf, 1993, "Lunar Soils Grain Size Catalog" NASA Reference Publication RP-1265"
Apollo 17;70008;"70008;235";53.8 - 54.3;3.9;6.27;64.73;"J.C. Graf, 1993, "Lunar Soils Grain Size Catalog" NASA Reference Publication RP-1265"
Apollo 17;70008;"70008;235";53.8 - 54.3;1.0;1.1;64.73;"J.C. Graf, 1993, "Lunar Soils Grain Size Catalog" NASA Reference Publication RP-1265"
Apollo 17;70008;"70008;231";44.8 - 46.8;10000.0;0.0;75.72;"J.C. Graf, 1993, "Lunar Soils Grain Size Catalog" NASA Reference Publication RP-1265"
Apollo 17;70008;"70008;231";44.8 - 46.8;4000.0;0.0;75.72;"J.C. Graf, 1993, "Lunar Soils Grain Size Catalog" NASA Reference Publication RP-1265"
Apollo 17;70008;"70008;231";44.8 - 46.8;1000.0;10.88;75.72;"J.C. Graf, 1993, "Lunar Soils Grain Size Catalog" NASA Reference Publication RP-1265"
Apollo 17;70008;"70008;231";44.8 - 46.8;500.0;3.96;75.72;"J.C. Graf, 1993, "Lunar Soils Grain Size Catalog" NASA Reference Publication RP-1265"
Apollo 17;70008;"70008;231";44.8 - 46.8;250.0;10.52;75.72;"J.C. Graf, 1993, "Lunar Soils Grain Size Catalog" NASA Reference Publication RP-1265"
Apollo 17;70008;"70008;231";44.8 - 46.8;150.0;9.63;75.72;"J.C. Graf, 1993, "Lunar Soils Grain Size Catalog" NASA Reference Publication RP-1265"
Apollo 17;70008;"70008;231";44.8 - 46.8;90.0;11.19;75.72;"J.C. Graf, 1993, "Lunar Soils Grain Size Catalog" NASA Reference Publication RP-1265"
Apollo 17;70008;"70008;231";44.8 - 46.8;75.0;4.03;75.72;"J.C. Graf, 1993, "Lunar Soils Grain Size Catalog" NASA Reference Publication RP-1265"
Apollo 17;70008;"70008;231";44.8 - 46.8;45.0;10.62;75.72;"J.C. Graf, 1993, "Lunar Soils Grain Size Catalog" NASA Reference Publication RP-1265"
Apollo 17;70008;"70008;231";44.8 - 46.8;20.0;15.25;75.72;"J.C. Graf, 1993, "Lunar Soils Grain Size Catalog" NASA Reference Publication RP-1265"
Apollo 17;70008;"70008;231";44.8 - 46.8;15.6;4.83;75.72;"J.C. Graf, 1993, "Lunar Soils Grain Size Catalog" NASA Reference Publication RP-1265"
Apollo 17;70008;"70008;231";44.8 - 46.8;7.8;10.55;75.72;"J.C. Graf, 1993, "Lunar Soils Grain Size Catalog" NASA Reference Publication RP-1265"
Apollo 17;70008;"70008;231";44.8 - 46.8;3.9;6.31;75.72;"J.C. Graf, 1993, "Lunar Soils Grain Size Catalog" NASA Reference Publication RP-1265"
Apollo 17;70008;"70008;231";44.8 - 46.8;1.0;1.23;75.72;"J.C. Graf, 1993, "Lunar Soils Grain Size Catalog" NASA Reference Publication RP-1265"
Apollo 17;70008;"70008;228";40.8 - 42.3;10000.0;0.0;64.8;"J.C. Graf, 1993, "Lunar Soils Grain Size Catalog" NASA Reference Publication RP-1265"
Apollo 17;70008;"70008;228";40.8 - 42.3;1000.0;0.0;64.8;"J.C. Graf, 1993, "Lunar Soils Grain Size Catalog" NASA Reference Publication RP-1265"
Apollo 17;70008;"70008;228";40.8 - 42.3;500.0;5.65;64.8;"J.C. Graf, 1993, "Lunar Soils Grain Size Catalog" NASA Reference Publication RP-1265"
Apollo 17;70008;"70008;228";40.8 - 42.3;250.0;13.98;64.8;"J.C. Graf, 1993, "Lunar Soils Grain Size Catalog" NASA Reference Publication RP-1265"
Apollo 17;70008;"70008;228";40.8 - 42.3;150.0;9.82;64.8;"J.C. Graf, 1993, "Lunar Soils Grain Size Catalog" NASA Reference Publication RP-1265"
Apollo 17;70008;"70008;228";40.8 - 42.3;90.0;11.93;64.8;"J.C. Graf, 1993, "Lunar Soils Grain Size Catalog" NASA Reference Publication RP-1265"
Apollo 17;70008;"70008;228";40.8 - 42.3;75.0;5.21;64.8;"J.C. Graf, 1993, "Lunar Soils Grain Size Catalog" NASA Reference Publication RP-1265"
Apollo 17;70008;"70008;228";40.8 - 42.3;45.0;11.91;64.8;"J.C. Graf, 1993, "Lunar Soils Grain Size Catalog" NASA Reference Publication RP-1265"
Apollo 17;70008;"70008;228";40.8 - 42.3;20.0;16.72;64.8;"J.C. Graf, 1993, "Lunar Soils Grain Size Catalog" NASA Reference Publication RP-1265"
Apollo 17;70008;"70008;228";40.8 - 42.3;15.6;4.8;64.8;"J.C. Graf, 1993, "Lunar Soils Grain Size Catalog" NASA Reference Publication RP-1265"
Apollo 17;70008;"70008;228";40.8 - 42.3;7.8;12.24;64.8;"J.C. Graf, 1993, "Lunar Soils Grain Size Catalog" NASA Reference Publication RP-1265"
Apollo 17;70008;"70008;228";40.8 - 42.3;3.9;5.59;64.8;"J.C. Graf, 1993, "Lunar Soils Grain Size Catalog" NASA Reference Publication RP-1265"
Apollo 17;70008;"70008;228";40.8 - 42.3;1.0;1.16;64.8;"J.C. Graf, 1993, "Lunar Soils Grain Size Catalog" NASA Reference Publication RP-1265"
Apollo 17;70008;"70008;220";30.8 - 31.3;10000.0;0.0;94.46;"J.C. Graf, 1993, "Lunar Soils Grain Size Catalog" NASA Reference Publication RP-1265"
Apollo 17;70008;"70008;220";30.8 - 31.3;1000.0;0.0;94.46;"J.C. Graf, 1993, "Lunar Soils Grain Size Catalog" NASA Reference Publication RP-1265"
Apollo 17;70008;"70008;220";30.8 - 31.3;500.0;12.6;94.46;"J.C. Graf, 1993, "Lunar Soils Grain Size Catalog" NASA Reference Publication RP-1265"
Apollo 17;70008;"70008;220";30.8 - 31.3;250.0;14.62;94.46;"J.C. Graf, 1993, "Lunar Soils Grain Size Catalog" NASA Reference Publication RP-1265"
Apollo 17;70008;"70008;220";30.8 - 31.3;150.0;11.12;94.46;"J.C. Graf, 1993, "Lunar Soils Grain Size Catalog" NASA Reference Publication RP-1265"
Apollo 17;70008;"70008;220";30.8 - 31.3;90.0;12.88;94.46;"J.C. Graf, 1993, "Lunar Soils Grain Size Catalog" NASA Reference Publication RP-1265"
Apollo 17;70008;"70008;220";30.8 - 31.3;75.0;4.82;94.46;"J.C. Graf, 1993, "Lunar Soils Grain Size Catalog" NASA Reference Publication RP-1265"
Apollo 17;70008;"70008;220";30.8 - 31.3;45.0;11.99;94.46;"J.C. Graf, 1993, "Lunar Soils Grain Size Catalog" NASA Reference Publication RP-1265"
Apollo 17;70008;"70008;220";30.8 - 31.3;20.0;16.3;94.46;"J.C. Graf, 1993, "Lunar Soils Grain Size Catalog" NASA Reference Publication RP-1265"
Apollo 17;70008;"70008;220";30.8 - 31.3;15.6;3.36;94.46;"J.C. Graf, 1993, "Lunar Soils Grain Size Catalog" NASA Reference Publication RP-1265"
Apollo 17;70008;"70008;220";30.8 - 31.3;7.8;7.95;94.46;"J.C. Graf, 1993, "Lunar Soils Grain Size Catalog" NASA Reference Publication RP-1265"
Apollo 17;70008;"70008;220";30.8 - 31.3;3.9;2.58;94.46;"J.C. Graf, 1993, "Lunar Soils Grain Size Catalog" NASA Reference Publication RP-1265"
Apollo 17;70008;"70008;220";30.8 - 31.3;1.0;0.78;94.46;"J.C. Graf, 1993, "Lunar Soils Grain Size Catalog" NASA Reference Publication RP-1265"
Apollo 17;70008;"70008;215";24.8 - 26.8;10000.0;0.0;82.42;"J.C. Graf, 1993, "Lunar Soils Grain Size Catalog" NASA Reference Publication RP-1265"
Apollo 17;70008;"70008;215";24.8 - 26.8;2000.0;0.0;82.42;"J.C. Graf, 1993, "Lunar Soils Grain Size Catalog" NASA Reference Publication RP-1265"
Apollo 17;70008;"70008;215";24.8 - 26.8;1000.0;4.49;82.42;"J.C. Graf, 1993, "Lunar Soils Grain Size Catalog" NASA Reference Publication RP-1265"
Apollo 17;70008;"70008;215";24.8 - 26.8;500.0;11.03;82.42;"J.C. Graf, 1993, "Lunar Soils Grain Size Catalog" NASA Reference Publication RP-1265"
Apollo 17;70008;"70008;215";24.8 - 26.8;250.0;12.21;82.42;"J.C. Graf, 1993, "Lunar Soils Grain Size Catalog" NASA Reference Publication RP-1265"
Apollo 17;70008;"70008;215";24.8 - 26.8;150.0;9.46;82.42;"J.C. Graf, 1993, "Lunar Soils Grain Size Catalog" NASA Reference Publication RP-1265"
Apollo 17;70008;"70008;215";24.8 - 26.8;90.0;10.61;82.42;"J.C. Graf, 1993, "Lunar Soils Grain Size Catalog" NASA Reference Publication RP-1265"
Apollo 17;70008;"70008;215";24.8 - 26.8;75.0;4.56;82.42;"J.C. Graf, 1993, "Lunar Soils Grain Size Catalog" NASA Reference Publication RP-1265"
Apollo 17;70008;"70008;215";24.8 - 26.8;45.0;10.44;82.42;"J.C. Graf, 1993, "Lunar Soils Grain Size Catalog" NASA Reference Publication RP-1265"
Apollo 17;70008;"70008;215";24.8 - 26.8;20.0;15.2;82.42;"J.C. Graf, 1993, "Lunar Soils Grain Size Catalog" NASA Reference Publication RP-1265"
Apollo 17;70008;"70008;215";24.8 - 26.8;15.6;2.97;82.42;"J.C. Graf, 1993, "Lunar Soils Grain Size Catalog" NASA Reference Publication RP-1265"
Apollo 17;70008;"70008;215";24.8 - 26.8;7.8;11.91;82.42;"J.C. Graf, 1993, "Lunar Soils Grain Size Catalog" NASA Reference Publication RP-1265"
Apollo 17;70008;"70008;215";24.8 - 26.8;3.9;5.54;82.42;"J.C. Graf, 1993, "Lunar Soils Grain Size Catalog" NASA Reference Publication RP-1265"
Apollo 17;70008;"70008;215";24.8 - 26.8;1.0;0.59;82.42;"J.C. Graf, 1993, "Lunar Soils Grain Size Catalog" NASA Reference Publication RP-1265"
Apollo 17;70160;"70161;1";;10000.0;0.0;66.56;"J.C. Graf, 1993, "Lunar Soils Grain Size Catalog" NASA Reference Publication RP-1265"
Apollo 17;70160;"70161;1";;4000.0;0.79;66.56;"J.C. Graf, 1993, "Lunar Soils Grain Size Catalog" NASA Reference Publication RP-1265"
Apollo 17;70160;"70161;1";;2000.0;1.63;66.56;"J.C. Graf, 1993, "Lunar Soils Grain Size Catalog" NASA Reference Publication RP-1265"
Apollo 17;70160;"70161;1";;1000.0;2.45;66.56;"J.C. Graf, 1993, "Lunar Soils Grain Size Catalog" NASA Reference Publication RP-1265"
Apollo 17;70160;"70161;1";;500.0;2.84;66.56;"J.C. Graf, 1993, "Lunar Soils Grain Size Catalog" NASA Reference Publication RP-1265"
Apollo 17;70160;"70161;1";;250.0;8.94;66.56;"J.C. Graf, 1993, "Lunar Soils Grain Size Catalog" NASA Reference Publication RP-1265"
Apollo 17;70160;"70161;1";;150.0;10.49;66.56;"J.C. Graf, 1993, "Lunar Soils Grain Size Catalog" NASA Reference Publication RP-1265"
Apollo 17;70160;"70161;1";;90.0;14.37;66.56;"J.C. Graf, 1993, "Lunar Soils Grain Size Catalog" NASA Reference Publication RP-1265"
Apollo 17;70160;"70161;1";;75.0;5.2;66.56;"J.C. Graf, 1993, "Lunar Soils Grain Size Catalog" NASA Reference Publication RP-1265"
Apollo 17;70160;"70161;1";;45.0;14.07;66.56;"J.C. Graf, 1993, "Lunar Soils Grain Size Catalog" NASA Reference Publication RP-1265"
Apollo 17;70160;"70161;1";;20.0;18.52;66.56;"J.C. Graf, 1993, "Lunar Soils Grain Size Catalog" NASA Reference Publication RP-1265"
Apollo 17;70160;"70161;1";;15.6;6.18;66.56;"J.C. Graf, 1993, "Lunar Soils Grain Size Catalog" NASA Reference Publication RP-1265"
Apollo 17;70160;"70161;1";;7.8;9.01;66.56;"J.C. Graf, 1993, "Lunar Soils Grain Size Catalog" NASA Reference Publication RP-1265"
Apollo 17;70160;"70161;1";;3.9;3.84;66.56;"J.C. Graf, 1993, "Lunar Soils Grain Size Catalog" NASA Reference Publication RP-1265"
Apollo 17;70160;"70161;1";;1.0;0.67;66.56;"J.C. Graf, 1993, "Lunar Soils Grain Size Catalog" NASA Reference Publication RP-1265"
Apollo 17;70180;"70181;1";;10000.0;0.0;63.9;"J.C. Graf, 1993, "Lunar Soils Grain Size Catalog" NASA Reference Publication RP-1265"
Apollo 17;70180;"70181;1";;4000.0;1.0;63.9;"J.C. Graf, 1993, "Lunar Soils Grain Size Catalog" NASA Reference Publication RP-1265"
Apollo 17;70180;"70181;1";;2000.0;1.85;63.9;"J.C. Graf, 1993, "Lunar Soils Grain Size Catalog" NASA Reference Publication RP-1265"
Apollo 17;70180;"70181;1";;1000.0;2.75;63.9;"J.C. Graf, 1993, "Lunar Soils Grain Size Catalog" NASA Reference Publication RP-1265"
Apollo 17;70180;"70181;1";;500.0;2.3;63.9;"J.C. Graf, 1993, "Lunar Soils Grain Size Catalog" NASA Reference Publication RP-1265"
Apollo 17;70180;"70181;1";;250.0;8.58;63.9;"J.C. Graf, 1993, "Lunar Soils Grain Size Catalog" NASA Reference Publication RP-1265"
Apollo 17;70180;"70181;1";;150.0;10.55;63.9;"J.C. Graf, 1993, "Lunar Soils Grain Size Catalog" NASA Reference Publication RP-1265"
Apollo 17;70180;"70181;1";;90.0;13.67;63.9;"J.C. Graf, 1993, "Lunar Soils Grain Size Catalog" NASA Reference Publication RP-1265"
Apollo 17;70180;"70181;1";;75.0;4.94;63.9;"J.C. Graf, 1993, "Lunar Soils Grain Size Catalog" NASA Reference Publication RP-1265"
Apollo 17;70180;"70181;1";;45.0;13.9;63.9;"J.C. Graf, 1993, "Lunar Soils Grain Size Catalog" NASA Reference Publication RP-1265"
Apollo 17;70180;"70181;1";;20.0;18.23;63.9;"J.C. Graf, 1993, "Lunar Soils Grain Size Catalog" NASA Reference Publication RP-1265"
Apollo 17;70180;"70181;1";;15.6;4.95;63.9;"J.C. Graf, 1993, "Lunar Soils Grain Size Catalog" NASA Reference Publication RP-1265"
Apollo 17;70180;"70181;1";;7.8;9.02;63.9;"J.C. Graf, 1993, "Lunar Soils Grain Size Catalog" NASA Reference Publication RP-1265"
Apollo 17;70180;"70181;1";;3.9;6.23;63.9;"J.C. Graf, 1993, "Lunar Soils Grain Size Catalog" NASA Reference Publication RP-1265"
Apollo 17;70180;"70181;1";;1.0;1.03;63.9;"J.C. Graf, 1993, "Lunar Soils Grain Size Catalog" NASA Reference Publication RP-1265"
Apollo 17;71040;"71041;1";;10000.0;0.0;80.44;"J.C. Graf, 1993, "Lunar Soils Grain Size Catalog" NASA Reference Publication RP-1265"
Apollo 17;71040;"71041;1";;4000.0;7.75;80.44;"J.C. Graf, 1993, "Lunar Soils Grain Size Catalog" NASA Reference Publication RP-1265"
Apollo 17;71040;"71041;1";;2000.0;3.73;80.44;"J.C. Graf, 1993, "Lunar Soils Grain Size Catalog" NASA Reference Publication RP-1265"
Apollo 17;71040;"71041;1";;1000.0;4.36;80.44;"J.C. Graf, 1993, "Lunar Soils Grain Size Catalog" NASA Reference Publication RP-1265"
Apollo 17;71040;"71041;1";;500.0;3.35;80.44;"J.C. Graf, 1993, "Lunar Soils Grain Size Catalog" NASA Reference Publication RP-1265"
Apollo 17;71040;"71041;1";;250.0;7.5;80.44;"J.C. Graf, 1993, "Lunar Soils Grain Size Catalog" NASA Reference Publication RP-1265"
Apollo 17;71040;"71041;1";;150.0;8.6;80.44;"J.C. Graf, 1993, "Lunar Soils Grain Size Catalog" NASA Reference Publication RP-1265"
Apollo 17;71040;"71041;1";;90.0;12.05;80.44;"J.C. Graf, 1993, "Lunar Soils Grain Size Catalog" NASA Reference Publication RP-1265"
Apollo 17;71040;"71041;1";;75.0;4.32;80.44;"J.C. Graf, 1993, "Lunar Soils Grain Size Catalog" NASA Reference Publication RP-1265"
Apollo 17;71040;"71041;1";;45.0;12.67;80.44;"J.C. Graf, 1993, "Lunar Soils Grain Size Catalog" NASA Reference Publication RP-1265"
Apollo 17;71040;"71041;1";;20.0;17.02;80.44;"J.C. Graf, 1993, "Lunar Soils Grain Size Catalog" NASA Reference Publication RP-1265"
Apollo 17;71040;"71041;1";;15.6;3.47;80.44;"J.C. Graf, 1993, "Lunar Soils Grain Size Catalog" NASA Reference Publication RP-1265"
Apollo 17;71040;"71041;1";;7.8;10.12;80.44;"J.C. Graf, 1993, "Lunar Soils Grain Size Catalog" NASA Reference Publication RP-1265"
Apollo 17;71040;"71041;1";;3.9;3.8;80.44;"J.C. Graf, 1993, "Lunar Soils Grain Size Catalog" NASA Reference Publication RP-1265"
Apollo 17;71040;"71041;1";;1.0;0.27;80.44;"J.C. Graf, 1993, "Lunar Soils Grain Size Catalog" NASA Reference Publication RP-1265"
Apollo 17;71060;"71061;1";;10000.0;0.0;109.79;"J.C. Graf, 1993, "Lunar Soils Grain Size Catalog" NASA Reference Publication RP-1265"
Apollo 17;71060;"71061;1";;4000.0;11.08;109.79;"J.C. Graf, 1993, "Lunar Soils Grain Size Catalog" NASA Reference Publication RP-1265"
Apollo 17;71060;"71061;1";;2000.0;7.35;109.79;"J.C. Graf, 1993, "Lunar Soils Grain Size Catalog" NASA Reference Publication RP-1265"
Apollo 17;71060;"71061;1";;1000.0;6.68;109.79;"J.C. Graf, 1993, "Lunar Soils Grain Size Catalog" NASA Reference Publication RP-1265"
Apollo 17;71060;"71061;1";;500.0;3.75;109.79;"J.C. Graf, 1993, "Lunar Soils Grain Size Catalog" NASA Reference Publication RP-1265"
Apollo 17;71060;"71061;1";;250.0;7.72;109.79;"J.C. Graf, 1993, "Lunar Soils Grain Size Catalog" NASA Reference Publication RP-1265"
Apollo 17;71060;"71061;1";;150.0;7.66;109.79;"J.C. Graf, 1993, "Lunar Soils Grain Size Catalog" NASA Reference Publication RP-1265"
Apollo 17;71060;"71061;1";;90.0;9.43;109.79;"J.C. Graf, 1993, "Lunar Soils Grain Size Catalog" NASA Reference Publication RP-1265"
Apollo 17;71060;"71061;1";;75.0;3.27;109.79;"J.C. Graf, 1993, "Lunar Soils Grain Size Catalog" NASA Reference Publication RP-1265"
Apollo 17;71060;"71061;1";;45.0;9.15;109.79;"J.C. Graf, 1993, "Lunar Soils Grain Size Catalog" NASA Reference Publication RP-1265"
Apollo 17;71060;"71061;1";;20.0;13.3;109.79;"J.C. Graf, 1993, "Lunar Soils Grain Size Catalog" NASA Reference Publication RP-1265"
Apollo 17;71060;"71061;1";;15.6;6.09;109.79;"J.C. Graf, 1993, "Lunar Soils Grain Size Catalog" NASA Reference Publication RP-1265"
Apollo 17;71060;"71061;1";;7.8;8.87;109.79;"J.C. Graf, 1993, "Lunar Soils Grain Size Catalog" NASA Reference Publication RP-1265"
Apollo 17;71060;"71061;1";;3.9;4.19;109.79;"J.C. Graf, 1993, "Lunar Soils Grain Size Catalog" NASA Reference Publication RP-1265"
Apollo 17;71060;"71061;1";;1.0;0.47;109.79;"J.C. Graf, 1993, "Lunar Soils Grain Size Catalog" NASA Reference Publication RP-1265"
Apollo 17;71500;"71501;1";;10000.0;0.0;74.94;"J.C. Graf, 1993, "Lunar Soils Grain Size Catalog" NASA Reference Publication RP-1265"
Apollo 17;71500;"71501;1";;4000.0;1.99;74.94;"J.C. Graf, 1993, "Lunar Soils Grain Size Catalog" NASA Reference Publication RP-1265"
Apollo 17;71500;"71501;1";;2000.0;2.66;74.94;"J.C. Graf, 1993, "Lunar Soils Grain Size Catalog" NASA Reference Publication RP-1265"
Apollo 17;71500;"71501;1";;1000.0;3.44;74.94;"J.C. Graf, 1993, "Lunar Soils Grain Size Catalog" NASA Reference Publication RP-1265"
Apollo 17;71500;"71501;1";;500.0;5.1;74.94;"J.C. Graf, 1993, "Lunar Soils Grain Size Catalog" NASA Reference Publication RP-1265"
Apollo 17;71500;"71501;1";;250.0;8.96;74.94;"J.C. Graf, 1993, "Lunar Soils Grain Size Catalog" NASA Reference Publication RP-1265"
Apollo 17;71500;"71501;1";;150.0;9.33;74.94;"J.C. Graf, 1993, "Lunar Soils Grain Size Catalog" NASA Reference Publication RP-1265"
Apollo 17;71500;"71501;1";;90.0;13.45;74.94;"J.C. Graf, 1993, "Lunar Soils Grain Size Catalog" NASA Reference Publication RP-1265"
Apollo 17;71500;"71501;1";;75.0;5.05;74.94;"J.C. Graf, 1993, "Lunar Soils Grain Size Catalog" NASA Reference Publication RP-1265"
Apollo 17;71500;"71501;1";;45.0;13.7;74.94;"J.C. Graf, 1993, "Lunar Soils Grain Size Catalog" NASA Reference Publication RP-1265"
Apollo 17;71500;"71501;1";;20.0;17.27;74.94;"J.C. Graf, 1993, "Lunar Soils Grain Size Catalog" NASA Reference Publication RP-1265"
Apollo 17;71500;"71501;1";;15.6;2.95;74.94;"J.C. Graf, 1993, "Lunar Soils Grain Size Catalog" NASA Reference Publication RP-1265"
Apollo 17;71500;"71501;1";;7.8;8.61;74.94;"J.C. Graf, 1993, "Lunar Soils Grain Size Catalog" NASA Reference Publication RP-1265"
Apollo 17;71500;"71501;1";;3.9;5.37;74.94;"J.C. Graf, 1993, "Lunar Soils Grain Size Catalog" NASA Reference Publication RP-1265"
Apollo 17;71500;"71501;1";;1.0;1.13;74.94;"J.C. Graf, 1993, "Lunar Soils Grain Size Catalog" NASA Reference Publication RP-1265"
Apollo 17;72140;"72141;1";;10000.0;0.0;48.15;"J.C. Graf, 1993, "Lunar Soils Grain Size Catalog" NASA Reference Publication RP-1265"
Apollo 17;72140;"72141;1";;4000.0;1.15;48.15;"J.C. Graf, 1993, "Lunar Soils Grain Size Catalog" NASA Reference Publication RP-1265"
Apollo 17;72140;"72141;1";;2000.0;0.79;48.15;"J.C. Graf, 1993, "Lunar Soils Grain Size Catalog" NASA Reference Publication RP-1265"
Apollo 17;72140;"72141;1";;1000.0;2.24;48.15;"J.C. Graf, 1993, "Lunar Soils Grain Size Catalog" NASA Reference Publication RP-1265"
Apollo 17;72140;"72141;1";;500.0;5.34;48.15;"J.C. Graf, 1993, "Lunar Soils Grain Size Catalog" NASA Reference Publication RP-1265"
Apollo 17;72140;"72141;1";;250.0;6.7;48.15;"J.C. Graf, 1993, "Lunar Soils Grain Size Catalog" NASA Reference Publication RP-1265"
Apollo 17;72140;"72141;1";;150.0;7.68;48.15;"J.C. Graf, 1993, "Lunar Soils Grain Size Catalog" NASA Reference Publication RP-1265"
Apollo 17;72140;"72141;1";;90.0;10.9;48.15;"J.C. Graf, 1993, "Lunar Soils Grain Size Catalog" NASA Reference Publication RP-1265"
Apollo 17;72140;"72141;1";;75.0;4.13;48.15;"J.C. Graf, 1993, "Lunar Soils Grain Size Catalog" NASA Reference Publication RP-1265"
Apollo 17;72140;"72141;1";;45.0;12.76;48.15;"J.C. Graf, 1993, "Lunar Soils Grain Size Catalog" NASA Reference Publication RP-1265"
Apollo 17;72140;"72141;1";;20.0;20.45;48.15;"J.C. Graf, 1993, "Lunar Soils Grain Size Catalog" NASA Reference Publication RP-1265"
Apollo 17;72140;"72141;1";;15.6;9.39;48.15;"J.C. Graf, 1993, "Lunar Soils Grain Size Catalog" NASA Reference Publication RP-1265"
Apollo 17;72140;"72141;1";;7.8;11.97;48.15;"J.C. Graf, 1993, "Lunar Soils Grain Size Catalog" NASA Reference Publication RP-1265"
Apollo 17;72140;"72141;1";;3.9;4.92;48.15;"J.C. Graf, 1993, "Lunar Soils Grain Size Catalog" NASA Reference Publication RP-1265"
Apollo 17;72140;"72141;1";;1.0;0.58;48.15;"J.C. Graf, 1993, "Lunar Soils Grain Size Catalog" NASA Reference Publication RP-1265"
Apollo 17;72140;"72141;15";;10000.0;0.0;46.16;"J.C. Graf, 1993, "Lunar Soils Grain Size Catalog" NASA Reference Publication RP-1265"
Apollo 17;72140;"72141;15";;4000.0;1.15;46.16;"J.C. Graf, 1993, "Lunar Soils Grain Size Catalog" NASA Reference Publication RP-1265"
Apollo 17;72140;"72141;15";;2000.0;0.79;46.16;"J.C. Graf, 1993, "Lunar Soils Grain Size Catalog" NASA Reference Publication RP-1265"
Apollo 17;72140;"72141;15";;1000.0;2.24;46.16;"J.C. Graf, 1993, "Lunar Soils Grain Size Catalog" NASA Reference Publication RP-1265"
Apollo 17;72140;"72141;15";;500.0;2.65;46.16;"J.C. Graf, 1993, "Lunar Soils Grain Size Catalog" NASA Reference Publication RP-1265"
Apollo 17;72140;"72141;15";;250.0;7.36;46.16;"J.C. Graf, 1993, "Lunar Soils Grain Size Catalog" NASA Reference Publication RP-1265"
Apollo 17;72140;"72141;15";;150.0;8.3;46.16;"J.C. Graf, 1993, "Lunar Soils Grain Size Catalog" NASA Reference Publication RP-1265"
Apollo 17;72140;"72141;15";;90.0;11.33;46.16;"J.C. Graf, 1993, "Lunar Soils Grain Size Catalog" NASA Reference Publication RP-1265"
Apollo 17;72140;"72141;15";;75.0;4.16;46.16;"J.C. Graf, 1993, "Lunar Soils Grain Size Catalog" NASA Reference Publication RP-1265"
Apollo 17;72140;"72141;15";;45.0;12.65;46.16;"J.C. Graf, 1993, "Lunar Soils Grain Size Catalog" NASA Reference Publication RP-1265"
Apollo 17;72140;"72141;15";;20.0;19.39;46.16;"J.C. Graf, 1993, "Lunar Soils Grain Size Catalog" NASA Reference Publication RP-1265"
Apollo 17;72140;"72141;15";;15.6;6.3;46.16;"J.C. Graf, 1993, "Lunar Soils Grain Size Catalog" NASA Reference Publication RP-1265"
Apollo 17;72140;"72141;15";;7.8;14.91;46.16;"J.C. Graf, 1993, "Lunar Soils Grain Size Catalog" NASA Reference Publication RP-1265"
Apollo 17;72140;"72141;15";;3.9;6.89;46.16;"J.C. Graf, 1993, "Lunar Soils Grain Size Catalog" NASA Reference Publication RP-1265"
Apollo 17;72140;"72141;15";;1.0;0.88;46.16;"J.C. Graf, 1993, "Lunar Soils Grain Size Catalog" NASA Reference Publication RP-1265"
Apollo 17;72150;"72151;2";;10000.0;0.0;50.42;"J.C. Graf, 1993, "Lunar Soils Grain Size Catalog" NASA Reference Publication RP-1265"
Apollo 17;72150;"72151;2";;1000.0;0.0;50.42;"J.C. Graf, 1993, "Lunar Soils Grain Size Catalog" NASA Reference Publication RP-1265"
Apollo 17;72150;"72151;2";;500.0;6.72;50.42;"J.C. Graf, 1993, "Lunar Soils Grain Size Catalog" NASA Reference Publication RP-1265"
Apollo 17;72150;"72151;2";;250.0;7.38;50.42;"J.C. Graf, 1993, "Lunar Soils Grain Size Catalog" NASA Reference Publication RP-1265"
Apollo 17;72150;"72151;2";;150.0;8.84;50.42;"J.C. Graf, 1993, "Lunar Soils Grain Size Catalog" NASA Reference Publication RP-1265"
Apollo 17;72150;"72151;2";;90.0;11.7;50.42;"J.C. Graf, 1993, "Lunar Soils Grain Size Catalog" NASA Reference Publication RP-1265"
Apollo 17;72150;"72151;2";;75.0;4.65;50.42;"J.C. Graf, 1993, "Lunar Soils Grain Size Catalog" NASA Reference Publication RP-1265"
Apollo 17;72150;"72151;2";;45.0;13.78;50.42;"J.C. Graf, 1993, "Lunar Soils Grain Size Catalog" NASA Reference Publication RP-1265"
Apollo 17;72150;"72151;2";;20.0;20.81;50.42;"J.C. Graf, 1993, "Lunar Soils Grain Size Catalog" NASA Reference Publication RP-1265"
Apollo 17;72150;"72151;2";;15.6;5.69;50.42;"J.C. Graf, 1993, "Lunar Soils Grain Size Catalog" NASA Reference Publication RP-1265"
Apollo 17;72150;"72151;2";;7.8;13.14;50.42;"J.C. Graf, 1993, "Lunar Soils Grain Size Catalog" NASA Reference Publication RP-1265"
Apollo 17;72150;"72151;2";;3.9;5.49;50.42;"J.C. Graf, 1993, "Lunar Soils Grain Size Catalog" NASA Reference Publication RP-1265"
Apollo 17;72150;"72151;2";;1.0;0.79;50.42;"J.C. Graf, 1993, "Lunar Soils Grain Size Catalog" NASA Reference Publication RP-1265"
Apollo 17;72240;"72241;7";;10000.0;0.0;63.52;"J.C. Graf, 1993, "Lunar Soils Grain Size Catalog" NASA Reference Publication RP-1265"
Apollo 17;72240;"72241;7";;4000.0;1.0;63.52;"J.C. Graf, 1993, "Lunar Soils Grain Size Catalog" NASA Reference Publication RP-1265"
Apollo 17;72240;"72241;7";;2000.0;2.73;63.52;"J.C. Graf, 1993, "Lunar Soils Grain Size Catalog" NASA Reference Publication RP-1265"
Apollo 17;72240;"72241;7";;1000.0;3.63;63.52;"J.C. Graf, 1993, "Lunar Soils Grain Size Catalog" NASA Reference Publication RP-1265"
Apollo 17;72240;"72241;7";;500.0;4.19;63.52;"J.C. Graf, 1993, "Lunar Soils Grain Size Catalog" NASA Reference Publication RP-1265"
Apollo 17;72240;"72241;7";;250.0;9.17;63.52;"J.C. Graf, 1993, "Lunar Soils Grain Size Catalog" NASA Reference Publication RP-1265"
Apollo 17;72240;"72241;7";;150.0;8.96;63.52;"J.C. Graf, 1993, "Lunar Soils Grain Size Catalog" NASA Reference Publication RP-1265"
Apollo 17;72240;"72241;7";;90.0;11.81;63.52;"J.C. Graf, 1993, "Lunar Soils Grain Size Catalog" NASA Reference Publication RP-1265"
Apollo 17;72240;"72241;7";;75.0;4.3;63.52;"J.C. Graf, 1993, "Lunar Soils Grain Size Catalog" NASA Reference Publication RP-1265"
Apollo 17;72240;"72241;7";;45.0;12.95;63.52;"J.C. Graf, 1993, "Lunar Soils Grain Size Catalog" NASA Reference Publication RP-1265"
Apollo 17;72240;"72241;7";;20.0;20.14;63.52;"J.C. Graf, 1993, "Lunar Soils Grain Size Catalog" NASA Reference Publication RP-1265"
Apollo 17;72240;"72241;7";;15.6;6.91;63.52;"J.C. Graf, 1993, "Lunar Soils Grain Size Catalog" NASA Reference Publication RP-1265"
Apollo 17;72240;"72241;7";;7.8;9.65;63.52;"J.C. Graf, 1993, "Lunar Soils Grain Size Catalog" NASA Reference Publication RP-1265"
Apollo 17;72240;"72241;7";;3.9;3.22;63.52;"J.C. Graf, 1993, "Lunar Soils Grain Size Catalog" NASA Reference Publication RP-1265"
Apollo 17;72240;"72241;7";;1.0;0.35;63.52;"J.C. Graf, 1993, "Lunar Soils Grain Size Catalog" NASA Reference Publication RP-1265"
Apollo 17;72320;"72321;7";;10000.0;0.0;45.5;"J.C. Graf, 1993, "Lunar Soils Grain Size Catalog" NASA Reference Publication RP-1265"
Apollo 17;72320;"72321;7";;4000.0;1.19;45.5;"J.C. Graf, 1993, "Lunar Soils Grain Size Catalog" NASA Reference Publication RP-1265"
Apollo 17;72320;"72321;7";;2000.0;0.61;45.5;"J.C. Graf, 1993, "Lunar Soils Grain Size Catalog" NASA Reference Publication RP-1265"
Apollo 17;72320;"72321;7";;1000.0;1.7;45.5;"J.C. Graf, 1993, "Lunar Soils Grain Size Catalog" NASA Reference Publication RP-1265"
Apollo 17;72320;"72321;7";;500.0;4.13;45.5;"J.C. Graf, 1993, "Lunar Soils Grain Size Catalog" NASA Reference Publication RP-1265"
Apollo 17;72320;"72321;7";;250.0;6.23;45.5;"J.C. Graf, 1993, "Lunar Soils Grain Size Catalog" NASA Reference Publication RP-1265"
Apollo 17;72320;"72321;7";;150.0;7.52;45.5;"J.C. Graf, 1993, "Lunar Soils Grain Size Catalog" NASA Reference Publication RP-1265"
Apollo 17;72320;"72321;7";;90.0;11.24;45.5;"J.C. Graf, 1993, "Lunar Soils Grain Size Catalog" NASA Reference Publication RP-1265"
Apollo 17;72320;"72321;7";;75.0;4.24;45.5;"J.C. Graf, 1993, "Lunar Soils Grain Size Catalog" NASA Reference Publication RP-1265"
Apollo 17;72320;"72321;7";;45.0;13.43;45.5;"J.C. Graf, 1993, "Lunar Soils Grain Size Catalog" NASA Reference Publication RP-1265"
Apollo 17;72320;"72321;7";;20.0;21.27;45.5;"J.C. Graf, 1993, "Lunar Soils Grain Size Catalog" NASA Reference Publication RP-1265"
Apollo 17;72320;"72321;7";;15.6;9.44;45.5;"J.C. Graf, 1993, "Lunar Soils Grain Size Catalog" NASA Reference Publication RP-1265"
Apollo 17;72320;"72321;7";;7.8;12.38;45.5;"J.C. Graf, 1993, "Lunar Soils Grain Size Catalog" NASA Reference Publication RP-1265"
Apollo 17;72320;"72321;7";;3.9;4.84;45.5;"J.C. Graf, 1993, "Lunar Soils Grain Size Catalog" NASA Reference Publication RP-1265"
Apollo 17;72320;"72321;7";;1.0;0.77;45.5;"J.C. Graf, 1993, "Lunar Soils Grain Size Catalog" NASA Reference Publication RP-1265"
Apollo 17;72440;"72441;7";;10000.0;0.0;63.52;"J.C. Graf, 1993, "Lunar Soils Grain Size Catalog" NASA Reference Publication RP-1265"
Apollo 17;72440;"72441;7";;4000.0;1.0;63.52;"J.C. Graf, 1993, "Lunar Soils Grain Size Catalog" NASA Reference Publication RP-1265"
Apollo 17;72440;"72441;7";;2000.0;2.73;63.52;"J.C. Graf, 1993, "Lunar Soils Grain Size Catalog" NASA Reference Publication RP-1265"
Apollo 17;72440;"72441;7";;1000.0;3.63;63.52;"J.C. Graf, 1993, "Lunar Soils Grain Size Catalog" NASA Reference Publication RP-1265"
Apollo 17;72440;"72441;7";;500.0;4.19;63.52;"J.C. Graf, 1993, "Lunar Soils Grain Size Catalog" NASA Reference Publication RP-1265"
Apollo 17;72440;"72441;7";;250.0;9.17;63.52;"J.C. Graf, 1993, "Lunar Soils Grain Size Catalog" NASA Reference Publication RP-1265"
Apollo 17;72440;"72441;7";;150.0;8.96;63.52;"J.C. Graf, 1993, "Lunar Soils Grain Size Catalog" NASA Reference Publication RP-1265"
Apollo 17;72440;"72441;7";;90.0;11.81;63.52;"J.C. Graf, 1993, "Lunar Soils Grain Size Catalog" NASA Reference Publication RP-1265"
Apollo 17;72440;"72441;7";;75.0;4.3;63.52;"J.C. Graf, 1993, "Lunar Soils Grain Size Catalog" NASA Reference Publication RP-1265"
Apollo 17;72440;"72441;7";;45.0;12.95;63.52;"J.C. Graf, 1993, "Lunar Soils Grain Size Catalog" NASA Reference Publication RP-1265"
Apollo 17;72440;"72441;7";;20.0;20.14;63.52;"J.C. Graf, 1993, "Lunar Soils Grain Size Catalog" NASA Reference Publication RP-1265"
Apollo 17;72440;"72441;7";;15.6;6.91;63.52;"J.C. Graf, 1993, "Lunar Soils Grain Size Catalog" NASA Reference Publication RP-1265"
Apollo 17;72440;"72441;7";;7.8;9.65;63.52;"J.C. Graf, 1993, "Lunar Soils Grain Size Catalog" NASA Reference Publication RP-1265"
Apollo 17;72440;"72441;7";;3.9;3.22;63.52;"J.C. Graf, 1993, "Lunar Soils Grain Size Catalog" NASA Reference Publication RP-1265"
Apollo 17;72440;"72441;7";;1.0;0.35;63.52;"J.C. Graf, 1993, "Lunar Soils Grain Size Catalog" NASA Reference Publication RP-1265"
Apollo 17;72460;"72461;5";;10000.0;0.0;62.64;"J.C. Graf, 1993, "Lunar Soils Grain Size Catalog" NASA Reference Publication RP-1265"
Apollo 17;72460;"72461;5";;4000.0;1.4;62.64;"J.C. Graf, 1993, "Lunar Soils Grain Size Catalog" NASA Reference Publication RP-1265"
Apollo 17;72460;"72461;5";;2000.0;3.1;62.64;"J.C. Graf, 1993, "Lunar Soils Grain Size Catalog" NASA Reference Publication RP-1265"
Apollo 17;72460;"72461;5";;1000.0;4.09;62.64;"J.C. Graf, 1993, "Lunar Soils Grain Size Catalog" NASA Reference Publication RP-1265"
Apollo 17;72460;"72461;5";;500.0;5.78;62.64;"J.C. Graf, 1993, "Lunar Soils Grain Size Catalog" NASA Reference Publication RP-1265"
Apollo 17;72460;"72461;5";;250.0;8.59;62.64;"J.C. Graf, 1993, "Lunar Soils Grain Size Catalog" NASA Reference Publication RP-1265"
Apollo 17;72460;"72461;5";;150.0;8.26;62.64;"J.C. Graf, 1993, "Lunar Soils Grain Size Catalog" NASA Reference Publication RP-1265"
Apollo 17;72460;"72461;5";;90.0;10.72;62.64;"J.C. Graf, 1993, "Lunar Soils Grain Size Catalog" NASA Reference Publication RP-1265"
Apollo 17;72460;"72461;5";;75.0;3.95;62.64;"J.C. Graf, 1993, "Lunar Soils Grain Size Catalog" NASA Reference Publication RP-1265"
Apollo 17;72460;"72461;5";;45.0;11.66;62.64;"J.C. Graf, 1993, "Lunar Soils Grain Size Catalog" NASA Reference Publication RP-1265"
Apollo 17;72460;"72461;5";;20.0;19.13;62.64;"J.C. Graf, 1993, "Lunar Soils Grain Size Catalog" NASA Reference Publication RP-1265"
Apollo 17;72460;"72461;5";;15.6;12.08;62.64;"J.C. Graf, 1993, "Lunar Soils Grain Size Catalog" NASA Reference Publication RP-1265"
Apollo 17;72460;"72461;5";;7.8;8.49;62.64;"J.C. Graf, 1993, "Lunar Soils Grain Size Catalog" NASA Reference Publication RP-1265"
Apollo 17;72460;"72461;5";;3.9;1.61;62.64;"J.C. Graf, 1993, "Lunar Soils Grain Size Catalog" NASA Reference Publication RP-1265"
Apollo 17;72460;"72461;5";;1.0;0.14;62.64;"J.C. Graf, 1993, "Lunar Soils Grain Size Catalog" NASA Reference Publication RP-1265"
Apollo 17;72500;"72501;1";;10000.0;0.0;58.92;"J.C. Graf, 1993, "Lunar Soils Grain Size Catalog" NASA Reference Publication RP-1265"
Apollo 17;72500;"72501;1";;4000.0;1.08;58.92;"J.C. Graf, 1993, "Lunar Soils Grain Size Catalog" NASA Reference Publication RP-1265"
Apollo 17;72500;"72501;1";;2000.0;1.75;58.92;"J.C. Graf, 1993, "Lunar Soils Grain Size Catalog" NASA Reference Publication RP-1265"
Apollo 17;72500;"72501;1";;1000.0;3.27;58.92;"J.C. Graf, 1993, "Lunar Soils Grain Size Catalog" NASA Reference Publication RP-1265"
Apollo 17;72500;"72501;1";;500.0;5.34;58.92;"J.C. Graf, 1993, "Lunar Soils Grain Size Catalog" NASA Reference Publication RP-1265"
Apollo 17;72500;"72501;1";;250.0;10.05;58.92;"J.C. Graf, 1993, "Lunar Soils Grain Size Catalog" NASA Reference Publication RP-1265"
Apollo 17;72500;"72501;1";;150.0;8.34;58.92;"J.C. Graf, 1993, "Lunar Soils Grain Size Catalog" NASA Reference Publication RP-1265"
Apollo 17;72500;"72501;1";;90.0;10.84;58.92;"J.C. Graf, 1993, "Lunar Soils Grain Size Catalog" NASA Reference Publication RP-1265"
Apollo 17;72500;"72501;1";;75.0;3.79;58.92;"J.C. Graf, 1993, "Lunar Soils Grain Size Catalog" NASA Reference Publication RP-1265"
Apollo 17;72500;"72501;1";;45.0;11.73;58.92;"J.C. Graf, 1993, "Lunar Soils Grain Size Catalog" NASA Reference Publication RP-1265"
Apollo 17;72500;"72501;1";;20.0;17.12;58.92;"J.C. Graf, 1993, "Lunar Soils Grain Size Catalog" NASA Reference Publication RP-1265"
Apollo 17;72500;"72501;1";;15.6;7.32;58.92;"J.C. Graf, 1993, "Lunar Soils Grain Size Catalog" NASA Reference Publication RP-1265"
Apollo 17;72500;"72501;1";;7.8;13.34;58.92;"J.C. Graf, 1993, "Lunar Soils Grain Size Catalog" NASA Reference Publication RP-1265"
Apollo 17;72500;"72501;1";;3.9;4.44;58.92;"J.C. Graf, 1993, "Lunar Soils Grain Size Catalog" NASA Reference Publication RP-1265"
Apollo 17;72500;"72501;1";;1.0;0.58;58.92;"J.C. Graf, 1993, "Lunar Soils Grain Size Catalog" NASA Reference Publication RP-1265"
Apollo 17;72500;"72500;15";;10000.0;0.0;69.27;"J.C. Graf, 1993, "Lunar Soils Grain Size Catalog" NASA Reference Publication RP-1265"
Apollo 17;72500;"72500;15";;4000.0;1.08;69.27;"J.C. Graf, 1993, "Lunar Soils Grain Size Catalog" NASA Reference Publication RP-1265"
Apollo 17;72500;"72500;15";;2000.0;1.75;69.27;"J.C. Graf, 1993, "Lunar Soils Grain Size Catalog" NASA Reference Publication RP-1265"
Apollo 17;72500;"72500;15";;1000.0;3.27;69.27;"J.C. Graf, 1993, "Lunar Soils Grain Size Catalog" NASA Reference Publication RP-1265"
Apollo 17;72500;"72500;15";;500.0;5.22;69.27;"J.C. Graf, 1993, "Lunar Soils Grain Size Catalog" NASA Reference Publication RP-1265"
Apollo 17;72500;"72500;15";;250.0;10.29;69.27;"J.C. Graf, 1993, "Lunar Soils Grain Size Catalog" NASA Reference Publication RP-1265"
Apollo 17;72500;"72500;15";;150.0;10.01;69.27;"J.C. Graf, 1993, "Lunar Soils Grain Size Catalog" NASA Reference Publication RP-1265"
Apollo 17;72500;"72500;15";;90.0;12.21;69.27;"J.C. Graf, 1993, "Lunar Soils Grain Size Catalog" NASA Reference Publication RP-1265"
Apollo 17;72500;"72500;15";;20.0;35.44;69.27;"J.C. Graf, 1993, "Lunar Soils Grain Size Catalog" NASA Reference Publication RP-1265"
Apollo 17;72500;"72500;15";;10.0;11.36;69.27;"J.C. Graf, 1993, "Lunar Soils Grain Size Catalog" NASA Reference Publication RP-1265"
Apollo 17;72500;"72500;15";;1.0;8.36;69.27;"J.C. Graf, 1993, "Lunar Soils Grain Size Catalog" NASA Reference Publication RP-1265"
Apollo 17;72500;"72501;26";;10000.0;0.0;80.12;"J.C. Graf, 1993, "Lunar Soils Grain Size Catalog" NASA Reference Publication RP-1265"
Apollo 17;72500;"72501;26";;4000.0;1.08;80.12;"J.C. Graf, 1993, "Lunar Soils Grain Size Catalog" NASA Reference Publication RP-1265"
Apollo 17;72500;"72501;26";;2000.0;1.75;80.12;"J.C. Graf, 1993, "Lunar Soils Grain Size Catalog" NASA Reference Publication RP-1265"
Apollo 17;72500;"72501;26";;1000.0;3.27;80.12;"J.C. Graf, 1993, "Lunar Soils Grain Size Catalog" NASA Reference Publication RP-1265"
Apollo 17;72500;"72501;26";;841.0;0.71;80.12;"J.C. Graf, 1993, "Lunar Soils Grain Size Catalog" NASA Reference Publication RP-1265"
Apollo 17;72500;"72501;26";;420.0;7.83;80.12;"J.C. Graf, 1993, "Lunar Soils Grain Size Catalog" NASA Reference Publication RP-1265"
Apollo 17;72500;"72501;26";;250.0;8.27;80.12;"J.C. Graf, 1993, "Lunar Soils Grain Size Catalog" NASA Reference Publication RP-1265"
Apollo 17;72500;"72501;26";;177.0;7.15;80.12;"J.C. Graf, 1993, "Lunar Soils Grain Size Catalog" NASA Reference Publication RP-1265"
Apollo 17;72500;"72501;26";;150.0;3.69;80.12;"J.C. Graf, 1993, "Lunar Soils Grain Size Catalog" NASA Reference Publication RP-1265"
Apollo 17;72500;"72501;26";;125.0;4.24;80.12;"J.C. Graf, 1993, "Lunar Soils Grain Size Catalog" NASA Reference Publication RP-1265"
Apollo 17;72500;"72501;26";;105.0;5.34;80.12;"J.C. Graf, 1993, "Lunar Soils Grain Size Catalog" NASA Reference Publication RP-1265"
Apollo 17;72500;"72501;26";;74.0;8.63;80.12;"J.C. Graf, 1993, "Lunar Soils Grain Size Catalog" NASA Reference Publication RP-1265"
Apollo 17;72500;"72501;26";;53.0;7.59;80.12;"J.C. Graf, 1993, "Lunar Soils Grain Size Catalog" NASA Reference Publication RP-1265"
Apollo 17;72500;"72501;26";;44.0;6.64;80.12;"J.C. Graf, 1993, "Lunar Soils Grain Size Catalog" NASA Reference Publication RP-1265"
Apollo 17;72500;"72501;26";;37.0;5.11;80.12;"J.C. Graf, 1993, "Lunar Soils Grain Size Catalog" NASA Reference Publication RP-1265"
Apollo 17;72500;"72501;26";;30.0;7.59;80.12;"J.C. Graf, 1993, "Lunar Soils Grain Size Catalog" NASA Reference Publication RP-1265"
Apollo 17;72500;"72501;26";;20.0;7.71;80.12;"J.C. Graf, 1993, "Lunar Soils Grain Size Catalog" NASA Reference Publication RP-1265"
Apollo 17;72500;"72501;26";;10.0;6.52;80.12;"J.C. Graf, 1993, "Lunar Soils Grain Size Catalog" NASA Reference Publication RP-1265"
Apollo 17;72500;"72501;26";;1.0;5.87;80.12;"J.C. Graf, 1993, "Lunar Soils Grain Size Catalog" NASA Reference Publication RP-1265"
Apollo 17;72500;"72501;29";;10000.0;0.0;56.8;"J.C. Graf, 1993, "Lunar Soils Grain Size Catalog" NASA Reference Publication RP-1265"
Apollo 17;72500;"72501;29";;4000.0;1.08;56.8;"J.C. Graf, 1993, "Lunar Soils Grain Size Catalog" NASA Reference Publication RP-1265"
Apollo 17;72500;"72501;29";;2000.0;1.75;56.8;"J.C. Graf, 1993, "Lunar Soils Grain Size Catalog" NASA Reference Publication RP-1265"
Apollo 17;72500;"72501;29";;1000.0;3.27;56.8;"J.C. Graf, 1993, "Lunar Soils Grain Size Catalog" NASA Reference Publication RP-1265"
Apollo 17;72500;"72501;29";;500.0;3.48;56.8;"J.C. Graf, 1993, "Lunar Soils Grain Size Catalog" NASA Reference Publication RP-1265"
Apollo 17;72500;"72501;29";;250.0;8.7;56.8;"J.C. Graf, 1993, "Lunar Soils Grain Size Catalog" NASA Reference Publication RP-1265"
Apollo 17;72500;"72501;29";;150.0;9.51;56.8;"J.C. Graf, 1993, "Lunar Soils Grain Size Catalog" NASA Reference Publication RP-1265"
Apollo 17;72500;"72501;29";;90.0;11.76;56.8;"J.C. Graf, 1993, "Lunar Soils Grain Size Catalog" NASA Reference Publication RP-1265"
Apollo 17;72500;"72501;29";;75.0;3.78;56.8;"J.C. Graf, 1993, "Lunar Soils Grain Size Catalog" NASA Reference Publication RP-1265"
Apollo 17;72500;"72501;29";;45.0;12.26;56.8;"J.C. Graf, 1993, "Lunar Soils Grain Size Catalog" NASA Reference Publication RP-1265"
Apollo 17;72500;"72501;29";;20.0;19.02;56.8;"J.C. Graf, 1993, "Lunar Soils Grain Size Catalog" NASA Reference Publication RP-1265"
Apollo 17;72500;"72501;29";;15.6;8.92;56.8;"J.C. Graf, 1993, "Lunar Soils Grain Size Catalog" NASA Reference Publication RP-1265"
Apollo 17;72500;"72501;29";;7.8;12.07;56.8;"J.C. Graf, 1993, "Lunar Soils Grain Size Catalog" NASA Reference Publication RP-1265"
Apollo 17;72500;"72501;29";;3.9;3.09;56.8;"J.C. Graf, 1993, "Lunar Soils Grain Size Catalog" NASA Reference Publication RP-1265"
Apollo 17;72500;"72501;29";;1.0;0.31;56.8;"J.C. Graf, 1993, "Lunar Soils Grain Size Catalog" NASA Reference Publication RP-1265"
Apollo 17;72700;"72701;29";;10000.0;0.0;56.0;"J.C. Graf, 1993, "Lunar Soils Grain Size Catalog" NASA Reference Publication RP-1265"
Apollo 17;72700;"72701;29";;4000.0;0.8;56.0;"J.C. Graf, 1993, "Lunar Soils Grain Size Catalog" NASA Reference Publication RP-1265"
Apollo 17;72700;"72701;29";;2000.0;1.36;56.0;"J.C. Graf, 1993, "Lunar Soils Grain Size Catalog" NASA Reference Publication RP-1265"
Apollo 17;72700;"72701;29";;1000.0;2.98;56.0;"J.C. Graf, 1993, "Lunar Soils Grain Size Catalog" NASA Reference Publication RP-1265"
Apollo 17;72700;"72701;29";;500.0;3.85;56.0;"J.C. Graf, 1993, "Lunar Soils Grain Size Catalog" NASA Reference Publication RP-1265"
Apollo 17;72700;"72701;29";;250.0;9.31;56.0;"J.C. Graf, 1993, "Lunar Soils Grain Size Catalog" NASA Reference Publication RP-1265"
Apollo 17;72700;"72701;29";;150.0;8.98;56.0;"J.C. Graf, 1993, "Lunar Soils Grain Size Catalog" NASA Reference Publication RP-1265"
Apollo 17;72700;"72701;29";;90.0;11.95;56.0;"J.C. Graf, 1993, "Lunar Soils Grain Size Catalog" NASA Reference Publication RP-1265"
Apollo 17;72700;"72701;29";;75.0;3.96;56.0;"J.C. Graf, 1993, "Lunar Soils Grain Size Catalog" NASA Reference Publication RP-1265"
Apollo 17;72700;"72701;29";;45.0;11.91;56.0;"J.C. Graf, 1993, "Lunar Soils Grain Size Catalog" NASA Reference Publication RP-1265"
Apollo 17;72700;"72701;29";;20.0;19.59;56.0;"J.C. Graf, 1993, "Lunar Soils Grain Size Catalog" NASA Reference Publication RP-1265"
Apollo 17;72700;"72701;29";;15.6;7.02;56.0;"J.C. Graf, 1993, "Lunar Soils Grain Size Catalog" NASA Reference Publication RP-1265"
Apollo 17;72700;"72701;29";;7.8;13.22;56.0;"J.C. Graf, 1993, "Lunar Soils Grain Size Catalog" NASA Reference Publication RP-1265"
Apollo 17;72700;"72701;29";;3.9;3.7;56.0;"J.C. Graf, 1993, "Lunar Soils Grain Size Catalog" NASA Reference Publication RP-1265"
Apollo 17;72700;"72701;29";;1.0;0.37;56.0;"J.C. Graf, 1993, "Lunar Soils Grain Size Catalog" NASA Reference Publication RP-1265"
Apollo 17;73120;"73121;10";;10000.0;0.0;55.51;"J.C. Graf, 1993, "Lunar Soils Grain Size Catalog" NASA Reference Publication RP-1265"
Apollo 17;73120;"73121;10";;4000.0;0.27;55.51;"J.C. Graf, 1993, "Lunar Soils Grain Size Catalog" NASA Reference Publication RP-1265"
Apollo 17;73120;"73121;10";;2000.0;1.07;55.51;"J.C. Graf, 1993, "Lunar Soils Grain Size Catalog" NASA Reference Publication RP-1265"
Apollo 17;73120;"73121;10";;1000.0;2.77;55.51;"J.C. Graf, 1993, "Lunar Soils Grain Size Catalog" NASA Reference Publication RP-1265"
Apollo 17;73120;"73121;10";;500.0;4.5;55.51;"J.C. Graf, 1993, "Lunar Soils Grain Size Catalog" NASA Reference Publication RP-1265"
Apollo 17;73120;"73121;10";;250.0;9.14;55.51;"J.C. Graf, 1993, "Lunar Soils Grain Size Catalog" NASA Reference Publication RP-1265"
Apollo 17;73120;"73121;10";;150.0;9.46;55.51;"J.C. Graf, 1993, "Lunar Soils Grain Size Catalog" NASA Reference Publication RP-1265"
Apollo 17;73120;"73121;10";;90.0;11.59;55.51;"J.C. Graf, 1993, "Lunar Soils Grain Size Catalog" NASA Reference Publication RP-1265"
Apollo 17;73120;"73121;10";;75.0;3.9;55.51;"J.C. Graf, 1993, "Lunar Soils Grain Size Catalog" NASA Reference Publication RP-1265"
Apollo 17;73120;"73121;10";;45.0;12.39;55.51;"J.C. Graf, 1993, "Lunar Soils Grain Size Catalog" NASA Reference Publication RP-1265"
Apollo 17;73120;"73121;10";;20.0;18.57;55.51;"J.C. Graf, 1993, "Lunar Soils Grain Size Catalog" NASA Reference Publication RP-1265"
Apollo 17;73120;"73121;10";;15.6;12.21;55.51;"J.C. Graf, 1993, "Lunar Soils Grain Size Catalog" NASA Reference Publication RP-1265"
Apollo 17;73120;"73121;10";;7.8;10.49;55.51;"J.C. Graf, 1993, "Lunar Soils Grain Size Catalog" NASA Reference Publication RP-1265"
Apollo 17;73120;"73121;10";;3.9;2.4;55.51;"J.C. Graf, 1993, "Lunar Soils Grain Size Catalog" NASA Reference Publication RP-1265"
Apollo 17;73120;"73121;10";;1.0;0.26;55.51;"J.C. Graf, 1993, "Lunar Soils Grain Size Catalog" NASA Reference Publication RP-1265"
Apollo 17;73140;"73141;4";;10000.0;0.0;69.56;"J.C. Graf, 1993, "Lunar Soils Grain Size Catalog" NASA Reference Publication RP-1265"
Apollo 17;73140;"73141;4";;4000.0;2.06;69.56;"J.C. Graf, 1993, "Lunar Soils Grain Size Catalog" NASA Reference Publication RP-1265"
Apollo 17;73140;"73141;4";;2000.0;3.6;69.56;"J.C. Graf, 1993, "Lunar Soils Grain Size Catalog" NASA Reference Publication RP-1265"
Apollo 17;73140;"73141;4";;1000.0;5.38;69.56;"J.C. Graf, 1993, "Lunar Soils Grain Size Catalog" NASA Reference Publication RP-1265"
Apollo 17;73140;"73141;4";;500.0;6.04;69.56;"J.C. Graf, 1993, "Lunar Soils Grain Size Catalog" NASA Reference Publication RP-1265"
Apollo 17;73140;"73141;4";;250.0;9.96;69.56;"J.C. Graf, 1993, "Lunar Soils Grain Size Catalog" NASA Reference Publication RP-1265"
Apollo 17;73140;"73141;4";;150.0;8.19;69.56;"J.C. Graf, 1993, "Lunar Soils Grain Size Catalog" NASA Reference Publication RP-1265"
Apollo 17;73140;"73141;4";;90.0;9.72;69.56;"J.C. Graf, 1993, "Lunar Soils Grain Size Catalog" NASA Reference Publication RP-1265"
Apollo 17;73140;"73141;4";;75.0;3.52;69.56;"J.C. Graf, 1993, "Lunar Soils Grain Size Catalog" NASA Reference Publication RP-1265"
Apollo 17;73140;"73141;4";;45.0;10.37;69.56;"J.C. Graf, 1993, "Lunar Soils Grain Size Catalog" NASA Reference Publication RP-1265"
Apollo 17;73140;"73141;4";;20.0;18.41;69.56;"J.C. Graf, 1993, "Lunar Soils Grain Size Catalog" NASA Reference Publication RP-1265"
Apollo 17;73140;"73141;4";;15.6;8.75;69.56;"J.C. Graf, 1993, "Lunar Soils Grain Size Catalog" NASA Reference Publication RP-1265"
Apollo 17;73140;"73141;4";;7.8;10.63;69.56;"J.C. Graf, 1993, "Lunar Soils Grain Size Catalog" NASA Reference Publication RP-1265"
Apollo 17;73140;"73141;4";;3.9;2.08;69.56;"J.C. Graf, 1993, "Lunar Soils Grain Size Catalog" NASA Reference Publication RP-1265"
Apollo 17;73140;"73141;4";;1.0;0.29;69.56;"J.C. Graf, 1993, "Lunar Soils Grain Size Catalog" NASA Reference Publication RP-1265"
Apollo 17;73140;"73140;12";;10000.0;0.0;62.76;"J.C. Graf, 1993, "Lunar Soils Grain Size Catalog" NASA Reference Publication RP-1265"
Apollo 17;73140;"73140;12";;4000.0;2.06;62.76;"J.C. Graf, 1993, "Lunar Soils Grain Size Catalog" NASA Reference Publication RP-1265"
Apollo 17;73140;"73140;12";;2000.0;3.6;62.76;"J.C. Graf, 1993, "Lunar Soils Grain Size Catalog" NASA Reference Publication RP-1265"
Apollo 17;73140;"73140;12";;1000.0;5.38;62.76;"J.C. Graf, 1993, "Lunar Soils Grain Size Catalog" NASA Reference Publication RP-1265"
Apollo 17;73140;"73140;12";;500.0;5.32;62.76;"J.C. Graf, 1993, "Lunar Soils Grain Size Catalog" NASA Reference Publication RP-1265"
Apollo 17;73140;"73140;12";;250.0;8.78;62.76;"J.C. Graf, 1993, "Lunar Soils Grain Size Catalog" NASA Reference Publication RP-1265"
Apollo 17;73140;"73140;12";;150.0;7.99;62.76;"J.C. Graf, 1993, "Lunar Soils Grain Size Catalog" NASA Reference Publication RP-1265"
Apollo 17;73140;"73140;12";;90.0;9.52;62.76;"J.C. Graf, 1993, "Lunar Soils Grain Size Catalog" NASA Reference Publication RP-1265"
Apollo 17;73140;"73140;12";;75.0;3.63;62.76;"J.C. Graf, 1993, "Lunar Soils Grain Size Catalog" NASA Reference Publication RP-1265"
Apollo 17;73140;"73140;12";;45.0;10.67;62.76;"J.C. Graf, 1993, "Lunar Soils Grain Size Catalog" NASA Reference Publication RP-1265"
Apollo 17;73140;"73140;12";;20.0;17.19;62.76;"J.C. Graf, 1993, "Lunar Soils Grain Size Catalog" NASA Reference Publication RP-1265"
Apollo 17;73140;"73140;12";;15.6;2.22;62.76;"J.C. Graf, 1993, "Lunar Soils Grain Size Catalog" NASA Reference Publication RP-1265"
Apollo 17;73140;"73140;12";;7.8;15.38;62.76;"J.C. Graf, 1993, "Lunar Soils Grain Size Catalog" NASA Reference Publication RP-1265"
Apollo 17;73140;"73140;12";;3.9;6.43;62.76;"J.C. Graf, 1993, "Lunar Soils Grain Size Catalog" NASA Reference Publication RP-1265"
Apollo 17;73140;"73140;12";;1.0;0.83;62.76;"J.C. Graf, 1993, "Lunar Soils Grain Size Catalog" NASA Reference Publication RP-1265"
Apollo 17;73220;"73221;11";;10000.0;0.0;81.09;"J.C. Graf, 1993, "Lunar Soils Grain Size Catalog" NASA Reference Publication RP-1265"
Apollo 17;73220;"73221;11";;4000.0;2.97;81.09;"J.C. Graf, 1993, "Lunar Soils Grain Size Catalog" NASA Reference Publication RP-1265"
Apollo 17;73220;"73221;11";;2000.0;4.69;81.09;"J.C. Graf, 1993, "Lunar Soils Grain Size Catalog" NASA Reference Publication RP-1265"
Apollo 17;73220;"73221;11";;1000.0;4.87;81.09;"J.C. Graf, 1993, "Lunar Soils Grain Size Catalog" NASA Reference Publication RP-1265"
Apollo 17;73220;"73221;11";;841.0;1.37;81.09;"J.C. Graf, 1993, "Lunar Soils Grain Size Catalog" NASA Reference Publication RP-1265"
Apollo 17;73220;"73221;11";;420.0;9.15;81.09;"J.C. Graf, 1993, "Lunar Soils Grain Size Catalog" NASA Reference Publication RP-1265"
Apollo 17;73220;"73221;11";;250.0;7.34;81.09;"J.C. Graf, 1993, "Lunar Soils Grain Size Catalog" NASA Reference Publication RP-1265"
Apollo 17;73220;"73221;11";;177.0;5.69;81.09;"J.C. Graf, 1993, "Lunar Soils Grain Size Catalog" NASA Reference Publication RP-1265"
Apollo 17;73220;"73221;11";;150.0;2.88;81.09;"J.C. Graf, 1993, "Lunar Soils Grain Size Catalog" NASA Reference Publication RP-1265"
Apollo 17;73220;"73221;11";;125.0;2.9;81.09;"J.C. Graf, 1993, "Lunar Soils Grain Size Catalog" NASA Reference Publication RP-1265"
Apollo 17;73220;"73221;11";;105.0;3.51;81.09;"J.C. Graf, 1993, "Lunar Soils Grain Size Catalog" NASA Reference Publication RP-1265"
Apollo 17;73220;"73221;11";;74.0;6.27;81.09;"J.C. Graf, 1993, "Lunar Soils Grain Size Catalog" NASA Reference Publication RP-1265"
Apollo 17;73220;"73221;11";;53.0;4.69;81.09;"J.C. Graf, 1993, "Lunar Soils Grain Size Catalog" NASA Reference Publication RP-1265"
Apollo 17;73220;"73221;11";;44.0;4.38;81.09;"J.C. Graf, 1993, "Lunar Soils Grain Size Catalog" NASA Reference Publication RP-1265"
Apollo 17;73220;"73221;11";;37.0;2.58;81.09;"J.C. Graf, 1993, "Lunar Soils Grain Size Catalog" NASA Reference Publication RP-1265"
Apollo 17;73220;"73221;11";;30.0;7.58;81.09;"J.C. Graf, 1993, "Lunar Soils Grain Size Catalog" NASA Reference Publication RP-1265"
Apollo 17;73220;"73221;11";;20.0;6.68;81.09;"J.C. Graf, 1993, "Lunar Soils Grain Size Catalog" NASA Reference Publication RP-1265"
Apollo 17;73220;"73221;11";;10.0;7.95;81.09;"J.C. Graf, 1993, "Lunar Soils Grain Size Catalog" NASA Reference Publication RP-1265"
Apollo 17;73220;"73221;11";;1.0;13.49;81.09;"J.C. Graf, 1993, "Lunar Soils Grain Size Catalog" NASA Reference Publication RP-1265"
Apollo 17;73220;"73221;1";;10000.0;0.0;70.6;"J.C. Graf, 1993, "Lunar Soils Grain Size Catalog" NASA Reference Publication RP-1265"
Apollo 17;73220;"73221;1";;4000.0;2.97;70.6;"J.C. Graf, 1993, "Lunar Soils Grain Size Catalog" NASA Reference Publication RP-1265"
Apollo 17;73220;"73221;1";;2000.0;4.69;70.6;"J.C. Graf, 1993, "Lunar Soils Grain Size Catalog" NASA Reference Publication RP-1265"
Apollo 17;73220;"73221;1";;1000.0;4.87;70.6;"J.C. Graf, 1993, "Lunar Soils Grain Size Catalog" NASA Reference Publication RP-1265"
Apollo 17;73220;"73221;1";;500.0;9.86;70.6;"J.C. Graf, 1993, "Lunar Soils Grain Size Catalog" NASA Reference Publication RP-1265"
Apollo 17;73220;"73221;1";;250.0;7.56;70.6;"J.C. Graf, 1993, "Lunar Soils Grain Size Catalog" NASA Reference Publication RP-1265"
Apollo 17;73220;"73221;1";;150.0;6.93;70.6;"J.C. Graf, 1993, "Lunar Soils Grain Size Catalog" NASA Reference Publication RP-1265"
Apollo 17;73220;"73221;1";;90.0;8.77;70.6;"J.C. Graf, 1993, "Lunar Soils Grain Size Catalog" NASA Reference Publication RP-1265"
Apollo 17;73220;"73221;1";;75.0;3.21;70.6;"J.C. Graf, 1993, "Lunar Soils Grain Size Catalog" NASA Reference Publication RP-1265"
Apollo 17;73220;"73221;1";;45.0;9.63;70.6;"J.C. Graf, 1993, "Lunar Soils Grain Size Catalog" NASA Reference Publication RP-1265"
Apollo 17;73220;"73221;1";;20.0;16.83;70.6;"J.C. Graf, 1993, "Lunar Soils Grain Size Catalog" NASA Reference Publication RP-1265"
Apollo 17;73220;"73221;1";;15.6;8.67;70.6;"J.C. Graf, 1993, "Lunar Soils Grain Size Catalog" NASA Reference Publication RP-1265"
Apollo 17;73220;"73221;1";;7.8;11.73;70.6;"J.C. Graf, 1993, "Lunar Soils Grain Size Catalog" NASA Reference Publication RP-1265"
Apollo 17;73220;"73221;1";;3.9;2.89;70.6;"J.C. Graf, 1993, "Lunar Soils Grain Size Catalog" NASA Reference Publication RP-1265"
Apollo 17;73220;"73221;1";;1.0;0.4;70.6;"J.C. Graf, 1993, "Lunar Soils Grain Size Catalog" NASA Reference Publication RP-1265"
Apollo 17;73240;"73241;8";;10000.0;0.0;124.03;"J.C. Graf, 1993, "Lunar Soils Grain Size Catalog" NASA Reference Publication RP-1265"
Apollo 17;73240;"73241;8";;4000.0;9.02;124.03;"J.C. Graf, 1993, "Lunar Soils Grain Size Catalog" NASA Reference Publication RP-1265"
Apollo 17;73240;"73241;8";;2000.0;5.83;124.03;"J.C. Graf, 1993, "Lunar Soils Grain Size Catalog" NASA Reference Publication RP-1265"
Apollo 17;73240;"73241;8";;1000.0;6.06;124.03;"J.C. Graf, 1993, "Lunar Soils Grain Size Catalog" NASA Reference Publication RP-1265"
Apollo 17;73240;"73241;8";;841.0;2.85;124.03;"J.C. Graf, 1993, "Lunar Soils Grain Size Catalog" NASA Reference Publication RP-1265"
Apollo 17;73240;"73241;8";;420.0;9.35;124.03;"J.C. Graf, 1993, "Lunar Soils Grain Size Catalog" NASA Reference Publication RP-1265"
Apollo 17;73240;"73241;8";;250.0;7.12;124.03;"J.C. Graf, 1993, "Lunar Soils Grain Size Catalog" NASA Reference Publication RP-1265"
Apollo 17;73240;"73241;8";;177.0;5.07;124.03;"J.C. Graf, 1993, "Lunar Soils Grain Size Catalog" NASA Reference Publication RP-1265"
Apollo 17;73240;"73241;8";;150.0;2.05;124.03;"J.C. Graf, 1993, "Lunar Soils Grain Size Catalog" NASA Reference Publication RP-1265"
Apollo 17;73240;"73241;8";;125.0;2.5;124.03;"J.C. Graf, 1993, "Lunar Soils Grain Size Catalog" NASA Reference Publication RP-1265"
Apollo 17;73240;"73241;8";;105.0;3.35;124.03;"J.C. Graf, 1993, "Lunar Soils Grain Size Catalog" NASA Reference Publication RP-1265"
Apollo 17;73240;"73241;8";;74.0;5.08;124.03;"J.C. Graf, 1993, "Lunar Soils Grain Size Catalog" NASA Reference Publication RP-1265"
Apollo 17;73240;"73241;8";;53.0;4.21;124.03;"J.C. Graf, 1993, "Lunar Soils Grain Size Catalog" NASA Reference Publication RP-1265"
Apollo 17;73240;"73241;8";;44.0;3.54;124.03;"J.C. Graf, 1993, "Lunar Soils Grain Size Catalog" NASA Reference Publication RP-1265"
Apollo 17;73240;"73241;8";;37.0;2.0;124.03;"J.C. Graf, 1993, "Lunar Soils Grain Size Catalog" NASA Reference Publication RP-1265"
Apollo 17;73240;"73241;8";;30.0;6.72;124.03;"J.C. Graf, 1993, "Lunar Soils Grain Size Catalog" NASA Reference Publication RP-1265"
Apollo 17;73240;"73241;8";;20.0;7.02;124.03;"J.C. Graf, 1993, "Lunar Soils Grain Size Catalog" NASA Reference Publication RP-1265"
Apollo 17;73240;"73241;8";;10.0;6.11;124.03;"J.C. Graf, 1993, "Lunar Soils Grain Size Catalog" NASA Reference Publication RP-1265"
Apollo 17;73240;"73241;8";;1.0;11.13;124.03;"J.C. Graf, 1993, "Lunar Soils Grain Size Catalog" NASA Reference Publication RP-1265"
Apollo 17;73240;"73241;9";;10000.0;0.0;80.58;"J.C. Graf, 1993, "Lunar Soils Grain Size Catalog" NASA Reference Publication RP-1265"
Apollo 17;73240;"73241;9";;4000.0;9.02;80.58;"J.C. Graf, 1993, "Lunar Soils Grain Size Catalog" NASA Reference Publication RP-1265"
Apollo 17;73240;"73241;9";;2000.0;5.83;80.58;"J.C. Graf, 1993, "Lunar Soils Grain Size Catalog" NASA Reference Publication RP-1265"
Apollo 17;73240;"73241;9";;1000.0;6.06;80.58;"J.C. Graf, 1993, "Lunar Soils Grain Size Catalog" NASA Reference Publication RP-1265"
Apollo 17;73240;"73241;9";;500.0;5.5;80.58;"J.C. Graf, 1993, "Lunar Soils Grain Size Catalog" NASA Reference Publication RP-1265"
Apollo 17;73240;"73241;9";;250.0;8.32;80.58;"J.C. Graf, 1993, "Lunar Soils Grain Size Catalog" NASA Reference Publication RP-1265"
Apollo 17;73240;"73241;9";;150.0;5.98;80.58;"J.C. Graf, 1993, "Lunar Soils Grain Size Catalog" NASA Reference Publication RP-1265"
Apollo 17;73240;"73241;9";;90.0;7.84;80.58;"J.C. Graf, 1993, "Lunar Soils Grain Size Catalog" NASA Reference Publication RP-1265"
Apollo 17;73240;"73241;9";;75.0;2.39;80.58;"J.C. Graf, 1993, "Lunar Soils Grain Size Catalog" NASA Reference Publication RP-1265"
Apollo 17;73240;"73241;9";;45.0;8.35;80.58;"J.C. Graf, 1993, "Lunar Soils Grain Size Catalog" NASA Reference Publication RP-1265"
Apollo 17;73240;"73241;9";;20.0;14.18;80.58;"J.C. Graf, 1993, "Lunar Soils Grain Size Catalog" NASA Reference Publication RP-1265"
Apollo 17;73240;"73241;9";;15.6;7.56;80.58;"J.C. Graf, 1993, "Lunar Soils Grain Size Catalog" NASA Reference Publication RP-1265"
Apollo 17;73240;"73241;9";;7.8;9.65;80.58;"J.C. Graf, 1993, "Lunar Soils Grain Size Catalog" NASA Reference Publication RP-1265"
Apollo 17;73240;"73241;9";;3.9;6.87;80.58;"J.C. Graf, 1993, "Lunar Soils Grain Size Catalog" NASA Reference Publication RP-1265"
Apollo 17;73240;"73241;9";;1.0;1.46;80.58;"J.C. Graf, 1993, "Lunar Soils Grain Size Catalog" NASA Reference Publication RP-1265"
Apollo 17;73260;"73261;1";;10000.0;0.0;59.9;"J.C. Graf, 1993, "Lunar Soils Grain Size Catalog" NASA Reference Publication RP-1265"
Apollo 17;73260;"73261;1";;4000.0;2.87;59.9;"J.C. Graf, 1993, "Lunar Soils Grain Size Catalog" NASA Reference Publication RP-1265"
Apollo 17;73260;"73261;1";;2000.0;4.21;59.9;"J.C. Graf, 1993, "Lunar Soils Grain Size Catalog" NASA Reference Publication RP-1265"
Apollo 17;73260;"73261;1";;1000.0;5.34;59.9;"J.C. Graf, 1993, "Lunar Soils Grain Size Catalog" NASA Reference Publication RP-1265"
Apollo 17;73260;"73261;1";;500.0;8.28;59.9;"J.C. Graf, 1993, "Lunar Soils Grain Size Catalog" NASA Reference Publication RP-1265"
Apollo 17;73260;"73261;1";;250.0;7.63;59.9;"J.C. Graf, 1993, "Lunar Soils Grain Size Catalog" NASA Reference Publication RP-1265"
Apollo 17;73260;"73261;1";;150.0;6.64;59.9;"J.C. Graf, 1993, "Lunar Soils Grain Size Catalog" NASA Reference Publication RP-1265"
Apollo 17;73260;"73261;1";;90.0;8.23;59.9;"J.C. Graf, 1993, "Lunar Soils Grain Size Catalog" NASA Reference Publication RP-1265"
Apollo 17;73260;"73261;1";;75.0;2.87;59.9;"J.C. Graf, 1993, "Lunar Soils Grain Size Catalog" NASA Reference Publication RP-1265"
Apollo 17;73260;"73261;1";;45.0;8.93;59.9;"J.C. Graf, 1993, "Lunar Soils Grain Size Catalog" NASA Reference Publication RP-1265"
Apollo 17;73260;"73261;1";;20.0;15.68;59.9;"J.C. Graf, 1993, "Lunar Soils Grain Size Catalog" NASA Reference Publication RP-1265"
Apollo 17;73260;"73261;1";;15.6;10.18;59.9;"J.C. Graf, 1993, "Lunar Soils Grain Size Catalog" NASA Reference Publication RP-1265"
Apollo 17;73260;"73261;1";;7.8;13.24;59.9;"J.C. Graf, 1993, "Lunar Soils Grain Size Catalog" NASA Reference Publication RP-1265"
Apollo 17;73260;"73261;1";;3.9;4.37;59.9;"J.C. Graf, 1993, "Lunar Soils Grain Size Catalog" NASA Reference Publication RP-1265"
Apollo 17;73260;"73261;1";;1.0;0.53;59.9;"J.C. Graf, 1993, "Lunar Soils Grain Size Catalog" NASA Reference Publication RP-1265"
Apollo 17;73260;"73261;11";;10000.0;0.0;75.98;"J.C. Graf, 1993, "Lunar Soils Grain Size Catalog" NASA Reference Publication RP-1265"
Apollo 17;73260;"73261;11";;4000.0;2.87;75.98;"J.C. Graf, 1993, "Lunar Soils Grain Size Catalog" NASA Reference Publication RP-1265"
Apollo 17;73260;"73261;11";;2000.0;4.21;75.98;"J.C. Graf, 1993, "Lunar Soils Grain Size Catalog" NASA Reference Publication RP-1265"
Apollo 17;73260;"73261;11";;1000.0;5.34;75.98;"J.C. Graf, 1993, "Lunar Soils Grain Size Catalog" NASA Reference Publication RP-1265"
Apollo 17;73260;"73261;11";;841.0;1.67;75.98;"J.C. Graf, 1993, "Lunar Soils Grain Size Catalog" NASA Reference Publication RP-1265"
Apollo 17;73260;"73261;11";;420.0;6.55;75.98;"J.C. Graf, 1993, "Lunar Soils Grain Size Catalog" NASA Reference Publication RP-1265"
Apollo 17;73260;"73261;11";;250.0;7.03;75.98;"J.C. Graf, 1993, "Lunar Soils Grain Size Catalog" NASA Reference Publication RP-1265"
Apollo 17;73260;"73261;11";;177.0;5.6;75.98;"J.C. Graf, 1993, "Lunar Soils Grain Size Catalog" NASA Reference Publication RP-1265"
Apollo 17;73260;"73261;11";;150.0;2.91;75.98;"J.C. Graf, 1993, "Lunar Soils Grain Size Catalog" NASA Reference Publication RP-1265"
Apollo 17;73260;"73261;11";;125.0;3.49;75.98;"J.C. Graf, 1993, "Lunar Soils Grain Size Catalog" NASA Reference Publication RP-1265"
Apollo 17;73260;"73261;11";;105.0;3.97;75.98;"J.C. Graf, 1993, "Lunar Soils Grain Size Catalog" NASA Reference Publication RP-1265"
Apollo 17;73260;"73261;11";;74.0;6.88;75.98;"J.C. Graf, 1993, "Lunar Soils Grain Size Catalog" NASA Reference Publication RP-1265"
Apollo 17;73260;"73261;11";;53.0;5.88;75.98;"J.C. Graf, 1993, "Lunar Soils Grain Size Catalog" NASA Reference Publication RP-1265"
Apollo 17;73260;"73261;11";;44.0;4.73;75.98;"J.C. Graf, 1993, "Lunar Soils Grain Size Catalog" NASA Reference Publication RP-1265"
Apollo 17;73260;"73261;11";;37.0;4.15;75.98;"J.C. Graf, 1993, "Lunar Soils Grain Size Catalog" NASA Reference Publication RP-1265"
Apollo 17;73260;"73261;11";;30.0;7.34;75.98;"J.C. Graf, 1993, "Lunar Soils Grain Size Catalog" NASA Reference Publication RP-1265"
Apollo 17;73260;"73261;11";;20.0;7.38;75.98;"J.C. Graf, 1993, "Lunar Soils Grain Size Catalog" NASA Reference Publication RP-1265"
Apollo 17;73260;"73261;11";;10.0;6.6;75.98;"J.C. Graf, 1993, "Lunar Soils Grain Size Catalog" NASA Reference Publication RP-1265"
Apollo 17;73260;"73261;11";;1.0;12.39;75.98;"J.C. Graf, 1993, "Lunar Soils Grain Size Catalog" NASA Reference Publication RP-1265"
Apollo 17;73280;"73281;1";;10000.0;0.0;60.97;"J.C. Graf, 1993, "Lunar Soils Grain Size Catalog" NASA Reference Publication RP-1265"
Apollo 17;73280;"73281;1";;4000.0;6.26;60.97;"J.C. Graf, 1993, "Lunar Soils Grain Size Catalog" NASA Reference Publication RP-1265"
Apollo 17;73280;"73281;1";;2000.0;4.15;60.97;"J.C. Graf, 1993, "Lunar Soils Grain Size Catalog" NASA Reference Publication RP-1265"
Apollo 17;73280;"73281;1";;1000.0;4.71;60.97;"J.C. Graf, 1993, "Lunar Soils Grain Size Catalog" NASA Reference Publication RP-1265"
Apollo 17;73280;"73281;1";;500.0;3.58;60.97;"J.C. Graf, 1993, "Lunar Soils Grain Size Catalog" NASA Reference Publication RP-1265"
Apollo 17;73280;"73281;1";;250.0;8.77;60.97;"J.C. Graf, 1993, "Lunar Soils Grain Size Catalog" NASA Reference Publication RP-1265"
Apollo 17;73280;"73281;1";;150.0;6.95;60.97;"J.C. Graf, 1993, "Lunar Soils Grain Size Catalog" NASA Reference Publication RP-1265"
Apollo 17;73280;"73281;1";;90.0;8.76;60.97;"J.C. Graf, 1993, "Lunar Soils Grain Size Catalog" NASA Reference Publication RP-1265"
Apollo 17;73280;"73281;1";;75.0;2.99;60.97;"J.C. Graf, 1993, "Lunar Soils Grain Size Catalog" NASA Reference Publication RP-1265"
Apollo 17;73280;"73281;1";;45.0;9.45;60.97;"J.C. Graf, 1993, "Lunar Soils Grain Size Catalog" NASA Reference Publication RP-1265"
Apollo 17;73280;"73281;1";;20.0;17.12;60.97;"J.C. Graf, 1993, "Lunar Soils Grain Size Catalog" NASA Reference Publication RP-1265"
Apollo 17;73280;"73281;1";;15.6;5.05;60.97;"J.C. Graf, 1993, "Lunar Soils Grain Size Catalog" NASA Reference Publication RP-1265"
Apollo 17;73280;"73281;1";;7.8;15.94;60.97;"J.C. Graf, 1993, "Lunar Soils Grain Size Catalog" NASA Reference Publication RP-1265"
Apollo 17;73280;"73281;1";;3.9;4.7;60.97;"J.C. Graf, 1993, "Lunar Soils Grain Size Catalog" NASA Reference Publication RP-1265"
Apollo 17;73280;"73281;1";;1.0;0.55;60.97;"J.C. Graf, 1993, "Lunar Soils Grain Size Catalog" NASA Reference Publication RP-1265"
Apollo 17;73280;"73281;10";;10000.0;0.0;99.71;"J.C. Graf, 1993, "Lunar Soils Grain Size Catalog" NASA Reference Publication RP-1265"
Apollo 17;73280;"73281;10";;4000.0;6.26;99.71;"J.C. Graf, 1993, "Lunar Soils Grain Size Catalog" NASA Reference Publication RP-1265"
Apollo 17;73280;"73281;10";;2000.0;4.15;99.71;"J.C. Graf, 1993, "Lunar Soils Grain Size Catalog" NASA Reference Publication RP-1265"
Apollo 17;73280;"73281;10";;1000.0;4.71;99.71;"J.C. Graf, 1993, "Lunar Soils Grain Size Catalog" NASA Reference Publication RP-1265"
Apollo 17;73280;"73281;10";;841.0;1.55;99.71;"J.C. Graf, 1993, "Lunar Soils Grain Size Catalog" NASA Reference Publication RP-1265"
Apollo 17;73280;"73281;10";;420.0;9.07;99.71;"J.C. Graf, 1993, "Lunar Soils Grain Size Catalog" NASA Reference Publication RP-1265"
Apollo 17;73280;"73281;10";;250.0;7.4;99.71;"J.C. Graf, 1993, "Lunar Soils Grain Size Catalog" NASA Reference Publication RP-1265"
Apollo 17;73280;"73281;10";;177.0;5.93;99.71;"J.C. Graf, 1993, "Lunar Soils Grain Size Catalog" NASA Reference Publication RP-1265"
Apollo 17;73280;"73281;10";;150.0;3.28;99.71;"J.C. Graf, 1993, "Lunar Soils Grain Size Catalog" NASA Reference Publication RP-1265"
Apollo 17;73280;"73281;10";;125.0;3.41;99.71;"J.C. Graf, 1993, "Lunar Soils Grain Size Catalog" NASA Reference Publication RP-1265"
Apollo 17;73280;"73281;10";;105.0;3.48;99.71;"J.C. Graf, 1993, "Lunar Soils Grain Size Catalog" NASA Reference Publication RP-1265"
Apollo 17;73280;"73281;10";;74.0;5.14;99.71;"J.C. Graf, 1993, "Lunar Soils Grain Size Catalog" NASA Reference Publication RP-1265"
Apollo 17;73280;"73281;10";;53.0;4.96;99.71;"J.C. Graf, 1993, "Lunar Soils Grain Size Catalog" NASA Reference Publication RP-1265"
Apollo 17;73280;"73281;10";;44.0;3.84;99.71;"J.C. Graf, 1993, "Lunar Soils Grain Size Catalog" NASA Reference Publication RP-1265"
Apollo 17;73280;"73281;10";;37.0;4.05;99.71;"J.C. Graf, 1993, "Lunar Soils Grain Size Catalog" NASA Reference Publication RP-1265"
Apollo 17;73280;"73281;10";;30.0;7.4;99.71;"J.C. Graf, 1993, "Lunar Soils Grain Size Catalog" NASA Reference Publication RP-1265"
Apollo 17;73280;"73281;10";;20.0;8.89;99.71;"J.C. Graf, 1993, "Lunar Soils Grain Size Catalog" NASA Reference Publication RP-1265"
Apollo 17;73280;"73281;10";;10.0;8.16;99.71;"J.C. Graf, 1993, "Lunar Soils Grain Size Catalog" NASA Reference Publication RP-1265"
Apollo 17;73280;"73281;10";;1.0;7.33;99.71;"J.C. Graf, 1993, "Lunar Soils Grain Size Catalog" NASA Reference Publication RP-1265"
Apollo 17;74001;"74001;125";57 - 57.5;10000.0;0.0;46.66;"J.C. Graf, 1993, "Lunar Soils Grain Size Catalog" NASA Reference Publication RP-1265"
Apollo 17;74001;"74001;125";57 - 57.5;1000.0;0.0;46.66;"J.C. Graf, 1993, "Lunar Soils Grain Size Catalog" NASA Reference Publication RP-1265"
Apollo 17;74001;"74001;125";57 - 57.5;500.0;1.97;46.66;"J.C. Graf, 1993, "Lunar Soils Grain Size Catalog" NASA Reference Publication RP-1265"
Apollo 17;74001;"74001;125";57 - 57.5;250.0;6.93;46.66;"J.C. Graf, 1993, "Lunar Soils Grain Size Catalog" NASA Reference Publication RP-1265"
Apollo 17;74001;"74001;125";57 - 57.5;150.0;7.5;46.66;"J.C. Graf, 1993, "Lunar Soils Grain Size Catalog" NASA Reference Publication RP-1265"
Apollo 17;74001;"74001;125";57 - 57.5;90.0;12.93;46.66;"J.C. Graf, 1993, "Lunar Soils Grain Size Catalog" NASA Reference Publication RP-1265"
Apollo 17;74001;"74001;125";57 - 57.5;75.0;5.24;46.66;"J.C. Graf, 1993, "Lunar Soils Grain Size Catalog" NASA Reference Publication RP-1265"
Apollo 17;74001;"74001;125";57 - 57.5;45.0;16.61;46.66;"J.C. Graf, 1993, "Lunar Soils Grain Size Catalog" NASA Reference Publication RP-1265"
Apollo 17;74001;"74001;125";57 - 57.5;20.0;23.35;46.66;"J.C. Graf, 1993, "Lunar Soils Grain Size Catalog" NASA Reference Publication RP-1265"
Apollo 17;74001;"74001;125";57 - 57.5;1.0;24.48;46.66;"J.C. Graf, 1993, "Lunar Soils Grain Size Catalog" NASA Reference Publication RP-1265"
Apollo 17;74001;"74001;119";50 - 50.5;10000.0;0.0;50.25;"J.C. Graf, 1993, "Lunar Soils Grain Size Catalog" NASA Reference Publication RP-1265"
Apollo 17;74001;"74001;119";50 - 50.5;1000.0;0.0;50.25;"J.C. Graf, 1993, "Lunar Soils Grain Size Catalog" NASA Reference Publication RP-1265"
Apollo 17;74001;"74001;119";50 - 50.5;500.0;1.85;50.25;"J.C. Graf, 1993, "Lunar Soils Grain Size Catalog" NASA Reference Publication RP-1265"
Apollo 17;74001;"74001;119";50 - 50.5;250.0;5.7;50.25;"J.C. Graf, 1993, "Lunar Soils Grain Size Catalog" NASA Reference Publication RP-1265"
Apollo 17;74001;"74001;119";50 - 50.5;150.0;8.16;50.25;"J.C. Graf, 1993, "Lunar Soils Grain Size Catalog" NASA Reference Publication RP-1265"
Apollo 17;74001;"74001;119";50 - 50.5;90.0;13.84;50.25;"J.C. Graf, 1993, "Lunar Soils Grain Size Catalog" NASA Reference Publication RP-1265"
Apollo 17;74001;"74001;119";50 - 50.5;75.0;5.74;50.25;"J.C. Graf, 1993, "Lunar Soils Grain Size Catalog" NASA Reference Publication RP-1265"
Apollo 17;74001;"74001;119";50 - 50.5;45.0;18.76;50.25;"J.C. Graf, 1993, "Lunar Soils Grain Size Catalog" NASA Reference Publication RP-1265"
Apollo 17;74001;"74001;119";50 - 50.5;20.0;19.83;50.25;"J.C. Graf, 1993, "Lunar Soils Grain Size Catalog" NASA Reference Publication RP-1265"
Apollo 17;74001;"74001;119";50 - 50.5;1.0;25.12;50.25;"J.C. Graf, 1993, "Lunar Soils Grain Size Catalog" NASA Reference Publication RP-1265"
Apollo 17;74001;"74001;113";43.5 - 44;10000.0;0.0;55.14;"J.C. Graf, 1993, "Lunar Soils Grain Size Catalog" NASA Reference Publication RP-1265"
Apollo 17;74001;"74001;113";43.5 - 44;1000.0;0.0;55.14;"J.C. Graf, 1993, "Lunar Soils Grain Size Catalog" NASA Reference Publication RP-1265"
Apollo 17;74001;"74001;113";43.5 - 44;500.0;1.79;55.14;"J.C. Graf, 1993, "Lunar Soils Grain Size Catalog" NASA Reference Publication RP-1265"
Apollo 17;74001;"74001;113";43.5 - 44;250.0;6.71;55.14;"J.C. Graf, 1993, "Lunar Soils Grain Size Catalog" NASA Reference Publication RP-1265"
Apollo 17;74001;"74001;113";43.5 - 44;150.0;8.46;55.14;"J.C. Graf, 1993, "Lunar Soils Grain Size Catalog" NASA Reference Publication RP-1265"
Apollo 17;74001;"74001;113";43.5 - 44;90.0;14.29;55.14;"J.C. Graf, 1993, "Lunar Soils Grain Size Catalog" NASA Reference Publication RP-1265"
Apollo 17;74001;"74001;113";43.5 - 44;75.0;7.01;55.14;"J.C. Graf, 1993, "Lunar Soils Grain Size Catalog" NASA Reference Publication RP-1265"
Apollo 17;74001;"74001;113";43.5 - 44;45.0;19.5;55.14;"J.C. Graf, 1993, "Lunar Soils Grain Size Catalog" NASA Reference Publication RP-1265"
Apollo 17;74001;"74001;113";43.5 - 44;20.0;20.11;55.14;"J.C. Graf, 1993, "Lunar Soils Grain Size Catalog" NASA Reference Publication RP-1265"
Apollo 17;74001;"74001;113";43.5 - 44;1.0;21.13;55.14;"J.C. Graf, 1993, "Lunar Soils Grain Size Catalog" NASA Reference Publication RP-1265"
Apollo 17;74001;"74001;107";36.5 - 37;10000.0;0.0;45.81;"J.C. Graf, 1993, "Lunar Soils Grain Size Catalog" NASA Reference Publication RP-1265"
Apollo 17;74001;"74001;107";36.5 - 37;1000.0;0.0;45.81;"J.C. Graf, 1993, "Lunar Soils Grain Size Catalog" NASA Reference Publication RP-1265"
Apollo 17;74001;"74001;107";36.5 - 37;500.0;1.08;45.81;"J.C. Graf, 1993, "Lunar Soils Grain Size Catalog" NASA Reference Publication RP-1265"
Apollo 17;74001;"74001;107";36.5 - 37;250.0;4.75;45.81;"J.C. Graf, 1993, "Lunar Soils Grain Size Catalog" NASA Reference Publication RP-1265"
Apollo 17;74001;"74001;107";36.5 - 37;150.0;6.62;45.81;"J.C. Graf, 1993, "Lunar Soils Grain Size Catalog" NASA Reference Publication RP-1265"
Apollo 17;74001;"74001;107";36.5 - 37;90.0;12.33;45.81;"J.C. Graf, 1993, "Lunar Soils Grain Size Catalog" NASA Reference Publication RP-1265"
Apollo 17;74001;"74001;107";36.5 - 37;75.0;6.53;45.81;"J.C. Graf, 1993, "Lunar Soils Grain Size Catalog" NASA Reference Publication RP-1265"
Apollo 17;74001;"74001;107";36.5 - 37;45.0;19.37;45.81;"J.C. Graf, 1993, "Lunar Soils Grain Size Catalog" NASA Reference Publication RP-1265"
Apollo 17;74001;"74001;107";36.5 - 37;20.0;25.87;45.81;"J.C. Graf, 1993, "Lunar Soils Grain Size Catalog" NASA Reference Publication RP-1265"
Apollo 17;74001;"74001;107";36.5 - 37;1.0;22.45;45.81;"J.C. Graf, 1993, "Lunar Soils Grain Size Catalog" NASA Reference Publication RP-1265"
Apollo 17;74001;"74001;98";32.5 - 33;10000.0;0.0;45.98;"J.C. Graf, 1993, "Lunar Soils Grain Size Catalog" NASA Reference Publication RP-1265"
Apollo 17;74001;"74001;98";32.5 - 33;1000.0;0.0;45.98;"J.C. Graf, 1993, "Lunar Soils Grain Size Catalog" NASA Reference Publication RP-1265"
Apollo 17;74001;"74001;98";32.5 - 33;500.0;0.95;45.98;"J.C. Graf, 1993, "Lunar Soils Grain Size Catalog" NASA Reference Publication RP-1265"
Apollo 17;74001;"74001;98";32.5 - 33;250.0;5.39;45.98;"J.C. Graf, 1993, "Lunar Soils Grain Size Catalog" NASA Reference Publication RP-1265"
Apollo 17;74001;"74001;98";32.5 - 33;150.0;5.82;45.98;"J.C. Graf, 1993, "Lunar Soils Grain Size Catalog" NASA Reference Publication RP-1265"
Apollo 17;74001;"74001;98";32.5 - 33;90.0;11.67;45.98;"J.C. Graf, 1993, "Lunar Soils Grain Size Catalog" NASA Reference Publication RP-1265"
Apollo 17;74001;"74001;98";32.5 - 33;75.0;5.6;45.98;"J.C. Graf, 1993, "Lunar Soils Grain Size Catalog" NASA Reference Publication RP-1265"
Apollo 17;74001;"74001;98";32.5 - 33;45.0;21.48;45.98;"J.C. Graf, 1993, "Lunar Soils Grain Size Catalog" NASA Reference Publication RP-1265"
Apollo 17;74001;"74001;98";32.5 - 33;20.0;23.13;45.98;"J.C. Graf, 1993, "Lunar Soils Grain Size Catalog" NASA Reference Publication RP-1265"
Apollo 17;74001;"74001;98";32.5 - 33;1.0;24.96;45.98;"J.C. Graf, 1993, "Lunar Soils Grain Size Catalog" NASA Reference Publication RP-1265"
Apollo 17;74002;"74002;182";25.5 - 26;10000.0;0.0;40.1;"J.C. Graf, 1993, "Lunar Soils Grain Size Catalog" NASA Reference Publication RP-1265"
Apollo 17;74002;"74002;182";25.5 - 26;1000.0;0.0;40.1;"J.C. Graf, 1993, "Lunar Soils Grain Size Catalog" NASA Reference Publication RP-1265"
Apollo 17;74002;"74002;182";25.5 - 26;500.0;0.61;40.1;"J.C. Graf, 1993, "Lunar Soils Grain Size Catalog" NASA Reference Publication RP-1265"
Apollo 17;74002;"74002;182";25.5 - 26;250.0;4.2;40.1;"J.C. Graf, 1993, "Lunar Soils Grain Size Catalog" NASA Reference Publication RP-1265"
Apollo 17;74002;"74002;182";25.5 - 26;150.0;5.27;40.1;"J.C. Graf, 1993, "Lunar Soils Grain Size Catalog" NASA Reference Publication RP-1265"
Apollo 17;74002;"74002;182";25.5 - 26;90.0;11.42;40.1;"J.C. Graf, 1993, "Lunar Soils Grain Size Catalog" NASA Reference Publication RP-1265"
Apollo 17;74002;"74002;182";25.5 - 26;75.0;5.46;40.1;"J.C. Graf, 1993, "Lunar Soils Grain Size Catalog" NASA Reference Publication RP-1265"
Apollo 17;74002;"74002;182";25.5 - 26;45.0;19.57;40.1;"J.C. Graf, 1993, "Lunar Soils Grain Size Catalog" NASA Reference Publication RP-1265"
Apollo 17;74002;"74002;182";25.5 - 26;20.0;24.42;40.1;"J.C. Graf, 1993, "Lunar Soils Grain Size Catalog" NASA Reference Publication RP-1265"
Apollo 17;74002;"74002;182";25.5 - 26;16.0;3.5;40.1;"J.C. Graf, 1993, "Lunar Soils Grain Size Catalog" NASA Reference Publication RP-1265"
Apollo 17;74002;"74002;182";25.5 - 26;8.0;12.49;40.1;"J.C. Graf, 1993, "Lunar Soils Grain Size Catalog" NASA Reference Publication RP-1265"
Apollo 17;74002;"74002;182";25.5 - 26;3.2;8.89;40.1;"J.C. Graf, 1993, "Lunar Soils Grain Size Catalog" NASA Reference Publication RP-1265"
Apollo 17;74002;"74002;182";25.5 - 26;1.0;3.16;40.1;"J.C. Graf, 1993, "Lunar Soils Grain Size Catalog" NASA Reference Publication RP-1265"
Apollo 17;74002;"74002;181";18 - 18.5;10000.0;0.0;38.45;"J.C. Graf, 1993, "Lunar Soils Grain Size Catalog" NASA Reference Publication RP-1265"
Apollo 17;74002;"74002;181";18 - 18.5;1000.0;0.0;38.45;"J.C. Graf, 1993, "Lunar Soils Grain Size Catalog" NASA Reference Publication RP-1265"
Apollo 17;74002;"74002;181";18 - 18.5;500.0;0.07;38.45;"J.C. Graf, 1993, "Lunar Soils Grain Size Catalog" NASA Reference Publication RP-1265"
Apollo 17;74002;"74002;181";18 - 18.5;250.0;4.34;38.45;"J.C. Graf, 1993, "Lunar Soils Grain Size Catalog" NASA Reference Publication RP-1265"
Apollo 17;74002;"74002;181";18 - 18.5;150.0;4.99;38.45;"J.C. Graf, 1993, "Lunar Soils Grain Size Catalog" NASA Reference Publication RP-1265"
Apollo 17;74002;"74002;181";18 - 18.5;90.0;9.0;38.45;"J.C. Graf, 1993, "Lunar Soils Grain Size Catalog" NASA Reference Publication RP-1265"
Apollo 17;74002;"74002;181";18 - 18.5;75.0;5.57;38.45;"J.C. Graf, 1993, "Lunar Soils Grain Size Catalog" NASA Reference Publication RP-1265"
Apollo 17;74002;"74002;181";18 - 18.5;45.0;21.15;38.45;"J.C. Graf, 1993, "Lunar Soils Grain Size Catalog" NASA Reference Publication RP-1265"
Apollo 17;74002;"74002;181";18 - 18.5;20.0;25.17;38.45;"J.C. Graf, 1993, "Lunar Soils Grain Size Catalog" NASA Reference Publication RP-1265"
Apollo 17;74002;"74002;181";18 - 18.5;1.0;28.72;38.45;"J.C. Graf, 1993, "Lunar Soils Grain Size Catalog" NASA Reference Publication RP-1265"
Apollo 17;74002;"74002;180";11.5 - 12;10000.0;0.0;40.81;"J.C. Graf, 1993, "Lunar Soils Grain Size Catalog" NASA Reference Publication RP-1265"
Apollo 17;74002;"74002;180";11.5 - 12;1000.0;0.0;40.81;"J.C. Graf, 1993, "Lunar Soils Grain Size Catalog" NASA Reference Publication RP-1265"
Apollo 17;74002;"74002;180";11.5 - 12;500.0;0.39;40.81;"J.C. Graf, 1993, "Lunar Soils Grain Size Catalog" NASA Reference Publication RP-1265"
Apollo 17;74002;"74002;180";11.5 - 12;250.0;4.13;40.81;"J.C. Graf, 1993, "Lunar Soils Grain Size Catalog" NASA Reference Publication RP-1265"
Apollo 17;74002;"74002;180";11.5 - 12;150.0;8.68;40.81;"J.C. Graf, 1993, "Lunar Soils Grain Size Catalog" NASA Reference Publication RP-1265"
Apollo 17;74002;"74002;180";11.5 - 12;90.0;12.0;40.81;"J.C. Graf, 1993, "Lunar Soils Grain Size Catalog" NASA Reference Publication RP-1265"
Apollo 17;74002;"74002;180";11.5 - 12;75.0;5.25;40.81;"J.C. Graf, 1993, "Lunar Soils Grain Size Catalog" NASA Reference Publication RP-1265"
Apollo 17;74002;"74002;180";11.5 - 12;45.0;16.71;40.81;"J.C. Graf, 1993, "Lunar Soils Grain Size Catalog" NASA Reference Publication RP-1265"
Apollo 17;74002;"74002;180";11.5 - 12;20.0;23.55;40.81;"J.C. Graf, 1993, "Lunar Soils Grain Size Catalog" NASA Reference Publication RP-1265"
Apollo 17;74002;"74002;180";11.5 - 12;15.6;8.74;40.81;"J.C. Graf, 1993, "Lunar Soils Grain Size Catalog" NASA Reference Publication RP-1265"
Apollo 17;74002;"74002;180";11.5 - 12;7.8;12.93;40.81;"J.C. Graf, 1993, "Lunar Soils Grain Size Catalog" NASA Reference Publication RP-1265"
Apollo 17;74002;"74002;180";11.5 - 12;3.2;4.89;40.81;"J.C. Graf, 1993, "Lunar Soils Grain Size Catalog" NASA Reference Publication RP-1265"
Apollo 17;74002;"74002;180";11.5 - 12;1.0;1.72;40.81;"J.C. Graf, 1993, "Lunar Soils Grain Size Catalog" NASA Reference Publication RP-1265"
Apollo 17;74002;"74002;179";5 - 5.5;10000.0;0.0;38.09;"J.C. Graf, 1993, "Lunar Soils Grain Size Catalog" NASA Reference Publication RP-1265"
Apollo 17;74002;"74002;179";5 - 5.5;1000.0;0.0;38.09;"J.C. Graf, 1993, "Lunar Soils Grain Size Catalog" NASA Reference Publication RP-1265"
Apollo 17;74002;"74002;179";5 - 5.5;500.0;0.21;38.09;"J.C. Graf, 1993, "Lunar Soils Grain Size Catalog" NASA Reference Publication RP-1265"
Apollo 17;74002;"74002;179";5 - 5.5;250.0;4.25;38.09;"J.C. Graf, 1993, "Lunar Soils Grain Size Catalog" NASA Reference Publication RP-1265"
Apollo 17;74002;"74002;179";5 - 5.5;150.0;8.48;38.09;"J.C. Graf, 1993, "Lunar Soils Grain Size Catalog" NASA Reference Publication RP-1265"
Apollo 17;74002;"74002;179";5 - 5.5;90.0;12.88;38.09;"J.C. Graf, 1993, "Lunar Soils Grain Size Catalog" NASA Reference Publication RP-1265"
Apollo 17;74002;"74002;179";5 - 5.5;75.0;4.38;38.09;"J.C. Graf, 1993, "Lunar Soils Grain Size Catalog" NASA Reference Publication RP-1265"
Apollo 17;74002;"74002;179";5 - 5.5;45.0;15.04;38.09;"J.C. Graf, 1993, "Lunar Soils Grain Size Catalog" NASA Reference Publication RP-1265"
Apollo 17;74002;"74002;179";5 - 5.5;20.0;23.16;38.09;"J.C. Graf, 1993, "Lunar Soils Grain Size Catalog" NASA Reference Publication RP-1265"
Apollo 17;74002;"74002;179";5 - 5.5;1.0;30.61;38.09;"J.C. Graf, 1993, "Lunar Soils Grain Size Catalog" NASA Reference Publication RP-1265"
Apollo 17;74002;"74002;178";3 - 3.5;10000.0;0.0;41.43;"J.C. Graf, 1993, "Lunar Soils Grain Size Catalog" NASA Reference Publication RP-1265"
Apollo 17;74002;"74002;178";3 - 3.5;1000.0;0.0;41.43;"J.C. Graf, 1993, "Lunar Soils Grain Size Catalog" NASA Reference Publication RP-1265"
Apollo 17;74002;"74002;178";3 - 3.5;500.0;0.23;41.43;"J.C. Graf, 1993, "Lunar Soils Grain Size Catalog" NASA Reference Publication RP-1265"
Apollo 17;74002;"74002;178";3 - 3.5;250.0;4.46;41.43;"J.C. Graf, 1993, "Lunar Soils Grain Size Catalog" NASA Reference Publication RP-1265"
Apollo 17;74002;"74002;178";3 - 3.5;150.0;8.9;41.43;"J.C. Graf, 1993, "Lunar Soils Grain Size Catalog" NASA Reference Publication RP-1265"
Apollo 17;74002;"74002;178";3 - 3.5;90.0;13.62;41.43;"J.C. Graf, 1993, "Lunar Soils Grain Size Catalog" NASA Reference Publication RP-1265"
Apollo 17;74002;"74002;178";3 - 3.5;75.0;5.19;41.43;"J.C. Graf, 1993, "Lunar Soils Grain Size Catalog" NASA Reference Publication RP-1265"
Apollo 17;74002;"74002;178";3 - 3.5;45.0;15.43;41.43;"J.C. Graf, 1993, "Lunar Soils Grain Size Catalog" NASA Reference Publication RP-1265"
Apollo 17;74002;"74002;178";3 - 3.5;20.0;21.28;41.43;"J.C. Graf, 1993, "Lunar Soils Grain Size Catalog" NASA Reference Publication RP-1265"
Apollo 17;74002;"74002;178";3 - 3.5;1.0;29.88;41.43;"J.C. Graf, 1993, "Lunar Soils Grain Size Catalog" NASA Reference Publication RP-1265"
Apollo 17;74002;"74002;177";1.5 - 2;10000.0;0.0;38.03;"J.C. Graf, 1993, "Lunar Soils Grain Size Catalog" NASA Reference Publication RP-1265"
Apollo 17;74002;"74002;177";1.5 - 2;1000.0;0.0;38.03;"J.C. Graf, 1993, "Lunar Soils Grain Size Catalog" NASA Reference Publication RP-1265"
Apollo 17;74002;"74002;177";1.5 - 2;500.0;0.54;38.03;"J.C. Graf, 1993, "Lunar Soils Grain Size Catalog" NASA Reference Publication RP-1265"
Apollo 17;74002;"74002;177";1.5 - 2;250.0;4.88;38.03;"J.C. Graf, 1993, "Lunar Soils Grain Size Catalog" NASA Reference Publication RP-1265"
Apollo 17;74002;"74002;177";1.5 - 2;150.0;7.96;38.03;"J.C. Graf, 1993, "Lunar Soils Grain Size Catalog" NASA Reference Publication RP-1265"
Apollo 17;74002;"74002;177";1.5 - 2;90.0;12.41;38.03;"J.C. Graf, 1993, "Lunar Soils Grain Size Catalog" NASA Reference Publication RP-1265"
Apollo 17;74002;"74002;177";1.5 - 2;75.0;4.85;38.03;"J.C. Graf, 1993, "Lunar Soils Grain Size Catalog" NASA Reference Publication RP-1265"
Apollo 17;74002;"74002;177";1.5 - 2;45.0;14.91;38.03;"J.C. Graf, 1993, "Lunar Soils Grain Size Catalog" NASA Reference Publication RP-1265"
Apollo 17;74002;"74002;177";1.5 - 2;20.0;21.44;38.03;"J.C. Graf, 1993, "Lunar Soils Grain Size Catalog" NASA Reference Publication RP-1265"
Apollo 17;74002;"74002;177";1.5 - 2;1.0;32.0;38.03;"J.C. Graf, 1993, "Lunar Soils Grain Size Catalog" NASA Reference Publication RP-1265"
Apollo 17;74002;"74002;176";0.5 - 1;10000.0;0.0;35.89;"J.C. Graf, 1993, "Lunar Soils Grain Size Catalog" NASA Reference Publication RP-1265"
Apollo 17;74002;"74002;176";0.5 - 1;1000.0;0.0;35.89;"J.C. Graf, 1993, "Lunar Soils Grain Size Catalog" NASA Reference Publication RP-1265"
Apollo 17;74002;"74002;176";0.5 - 1;500.0;0.98;35.89;"J.C. Graf, 1993, "Lunar Soils Grain Size Catalog" NASA Reference Publication RP-1265"
Apollo 17;74002;"74002;176";0.5 - 1;250.0;3.93;35.89;"J.C. Graf, 1993, "Lunar Soils Grain Size Catalog" NASA Reference Publication RP-1265"
Apollo 17;74002;"74002;176";0.5 - 1;150.0;6.91;35.89;"J.C. Graf, 1993, "Lunar Soils Grain Size Catalog" NASA Reference Publication RP-1265"
Apollo 17;74002;"74002;176";0.5 - 1;90.0;11.39;35.89;"J.C. Graf, 1993, "Lunar Soils Grain Size Catalog" NASA Reference Publication RP-1265"
Apollo 17;74002;"74002;176";0.5 - 1;75.0;5.23;35.89;"J.C. Graf, 1993, "Lunar Soils Grain Size Catalog" NASA Reference Publication RP-1265"
Apollo 17;74002;"74002;176";0.5 - 1;45.0;15.47;35.89;"J.C. Graf, 1993, "Lunar Soils Grain Size Catalog" NASA Reference Publication RP-1265"
Apollo 17;74002;"74002;176";0.5 - 1;20.0;21.82;35.89;"J.C. Graf, 1993, "Lunar Soils Grain Size Catalog" NASA Reference Publication RP-1265"
Apollo 17;74002;"74002;176";0.5 - 1;1.0;33.28;35.89;"J.C. Graf, 1993, "Lunar Soils Grain Size Catalog" NASA Reference Publication RP-1265"
Apollo 17;74002;"74002;175";0 - 0.1;10000.0;0.0;36.73;"J.C. Graf, 1993, "Lunar Soils Grain Size Catalog" NASA Reference Publication RP-1265"
Apollo 17;74002;"74002;175";0 - 0.1;1000.0;0.0;36.73;"J.C. Graf, 1993, "Lunar Soils Grain Size Catalog" NASA Reference Publication RP-1265"
Apollo 17;74002;"74002;175";0 - 0.1;500.0;1.85;36.73;"J.C. Graf, 1993, "Lunar Soils Grain Size Catalog" NASA Reference Publication RP-1265"
Apollo 17;74002;"74002;175";0 - 0.1;250.0;2.98;36.73;"J.C. Graf, 1993, "Lunar Soils Grain Size Catalog" NASA Reference Publication RP-1265"
Apollo 17;74002;"74002;175";0 - 0.1;150.0;5.77;36.73;"J.C. Graf, 1993, "Lunar Soils Grain Size Catalog" NASA Reference Publication RP-1265"
Apollo 17;74002;"74002;175";0 - 0.1;90.0;10.92;36.73;"J.C. Graf, 1993, "Lunar Soils Grain Size Catalog" NASA Reference Publication RP-1265"
Apollo 17;74002;"74002;175";0 - 0.1;75.0;5.65;36.73;"J.C. Graf, 1993, "Lunar Soils Grain Size Catalog" NASA Reference Publication RP-1265"
Apollo 17;74002;"74002;175";0 - 0.1;45.0;17.05;36.73;"J.C. Graf, 1993, "Lunar Soils Grain Size Catalog" NASA Reference Publication RP-1265"
Apollo 17;74002;"74002;175";0 - 0.1;20.0;23.09;36.73;"J.C. Graf, 1993, "Lunar Soils Grain Size Catalog" NASA Reference Publication RP-1265"
Apollo 17;74002;"74002;175";0 - 0.1;1.0;31.69;36.73;"J.C. Graf, 1993, "Lunar Soils Grain Size Catalog" NASA Reference Publication RP-1265"
Apollo 17;74120;"74121;12";;10000.0;0.0;46.87;"J.C. Graf, 1993, "Lunar Soils Grain Size Catalog" NASA Reference Publication RP-1265"
Apollo 17;74120;"74121;12";;4000.0;0.15;46.87;"J.C. Graf, 1993, "Lunar Soils Grain Size Catalog" NASA Reference Publication RP-1265"
Apollo 17;74120;"74121;12";;2000.0;1.03;46.87;"J.C. Graf, 1993, "Lunar Soils Grain Size Catalog" NASA Reference Publication RP-1265"
Apollo 17;74120;"74121;12";;1000.0;2.51;46.87;"J.C. Graf, 1993, "Lunar Soils Grain Size Catalog" NASA Reference Publication RP-1265"
Apollo 17;74120;"74121;12";;500.0;2.53;46.87;"J.C. Graf, 1993, "Lunar Soils Grain Size Catalog" NASA Reference Publication RP-1265"
Apollo 17;74120;"74121;12";;250.0;8.08;46.87;"J.C. Graf, 1993, "Lunar Soils Grain Size Catalog" NASA Reference Publication RP-1265"
Apollo 17;74120;"74121;12";;150.0;8.64;46.87;"J.C. Graf, 1993, "Lunar Soils Grain Size Catalog" NASA Reference Publication RP-1265"
Apollo 17;74120;"74121;12";;90.0;11.5;46.87;"J.C. Graf, 1993, "Lunar Soils Grain Size Catalog" NASA Reference Publication RP-1265"
Apollo 17;74120;"74121;12";;75.0;4.04;46.87;"J.C. Graf, 1993, "Lunar Soils Grain Size Catalog" NASA Reference Publication RP-1265"
Apollo 17;74120;"74121;12";;45.0;12.52;46.87;"J.C. Graf, 1993, "Lunar Soils Grain Size Catalog" NASA Reference Publication RP-1265"
Apollo 17;74120;"74121;12";;20.0;21.38;46.87;"J.C. Graf, 1993, "Lunar Soils Grain Size Catalog" NASA Reference Publication RP-1265"
Apollo 17;74120;"74121;12";;15.6;7.84;46.87;"J.C. Graf, 1993, "Lunar Soils Grain Size Catalog" NASA Reference Publication RP-1265"
Apollo 17;74120;"74121;12";;7.8;14.29;46.87;"J.C. Graf, 1993, "Lunar Soils Grain Size Catalog" NASA Reference Publication RP-1265"
Apollo 17;74120;"74121;12";;3.9;4.02;46.87;"J.C. Graf, 1993, "Lunar Soils Grain Size Catalog" NASA Reference Publication RP-1265"
Apollo 17;74120;"74121;12";;1.0;0.46;46.87;"J.C. Graf, 1993, "Lunar Soils Grain Size Catalog" NASA Reference Publication RP-1265"
Apollo 17;74220;"74221;6";;10000.0;0.0;50.88;"J.C. Graf, 1993, "Lunar Soils Grain Size Catalog" NASA Reference Publication RP-1265"
Apollo 17;74220;"74221;6";;4000.0;10.78;50.88;"J.C. Graf, 1993, "Lunar Soils Grain Size Catalog" NASA Reference Publication RP-1265"
Apollo 17;74220;"74221;6";;2000.0;1.87;50.88;"J.C. Graf, 1993, "Lunar Soils Grain Size Catalog" NASA Reference Publication RP-1265"
Apollo 17;74220;"74221;6";;1000.0;0.88;50.88;"J.C. Graf, 1993, "Lunar Soils Grain Size Catalog" NASA Reference Publication RP-1265"
Apollo 17;74220;"74221;6";;500.0;0.0;50.88;"J.C. Graf, 1993, "Lunar Soils Grain Size Catalog" NASA Reference Publication RP-1265"
Apollo 17;74220;"74221;6";;250.0;4.23;50.88;"J.C. Graf, 1993, "Lunar Soils Grain Size Catalog" NASA Reference Publication RP-1265"
Apollo 17;74220;"74221;6";;150.0;6.66;50.88;"J.C. Graf, 1993, "Lunar Soils Grain Size Catalog" NASA Reference Publication RP-1265"
Apollo 17;74220;"74221;6";;90.0;11.45;50.88;"J.C. Graf, 1993, "Lunar Soils Grain Size Catalog" NASA Reference Publication RP-1265"
Apollo 17;74220;"74221;6";;75.0;4.44;50.88;"J.C. Graf, 1993, "Lunar Soils Grain Size Catalog" NASA Reference Publication RP-1265"
Apollo 17;74220;"74221;6";;45.0;12.76;50.88;"J.C. Graf, 1993, "Lunar Soils Grain Size Catalog" NASA Reference Publication RP-1265"
Apollo 17;74220;"74221;6";;20.0;22.71;50.88;"J.C. Graf, 1993, "Lunar Soils Grain Size Catalog" NASA Reference Publication RP-1265"
Apollo 17;74220;"74221;6";;15.6;7.94;50.88;"J.C. Graf, 1993, "Lunar Soils Grain Size Catalog" NASA Reference Publication RP-1265"
Apollo 17;74220;"74221;6";;7.8;9.64;50.88;"J.C. Graf, 1993, "Lunar Soils Grain Size Catalog" NASA Reference Publication RP-1265"
Apollo 17;74220;"74221;6";;3.9;4.56;50.88;"J.C. Graf, 1993, "Lunar Soils Grain Size Catalog" NASA Reference Publication RP-1265"
Apollo 17;74220;"74221;6";;1.0;1.07;50.88;"J.C. Graf, 1993, "Lunar Soils Grain Size Catalog" NASA Reference Publication RP-1265"
Apollo 17;74220;"74221;82";;10000.0;0.0;46.15;"J.C. Graf, 1993, "Lunar Soils Grain Size Catalog" NASA Reference Publication RP-1265"
Apollo 17;74220;"74221;82";;4000.0;10.78;46.15;"J.C. Graf, 1993, "Lunar Soils Grain Size Catalog" NASA Reference Publication RP-1265"
Apollo 17;74220;"74221;82";;2000.0;1.87;46.15;"J.C. Graf, 1993, "Lunar Soils Grain Size Catalog" NASA Reference Publication RP-1265"
Apollo 17;74220;"74221;82";;1000.0;0.88;46.15;"J.C. Graf, 1993, "Lunar Soils Grain Size Catalog" NASA Reference Publication RP-1265"
Apollo 17;74220;"74221;82";;500.0;0.11;46.15;"J.C. Graf, 1993, "Lunar Soils Grain Size Catalog" NASA Reference Publication RP-1265"
Apollo 17;74220;"74221;82";;250.0;3.52;46.15;"J.C. Graf, 1993, "Lunar Soils Grain Size Catalog" NASA Reference Publication RP-1265"
Apollo 17;74220;"74221;82";;150.0;6.53;46.15;"J.C. Graf, 1993, "Lunar Soils Grain Size Catalog" NASA Reference Publication RP-1265"
Apollo 17;74220;"74221;82";;90.0;10.43;46.15;"J.C. Graf, 1993, "Lunar Soils Grain Size Catalog" NASA Reference Publication RP-1265"
Apollo 17;74220;"74221;82";;75.0;3.81;46.15;"J.C. Graf, 1993, "Lunar Soils Grain Size Catalog" NASA Reference Publication RP-1265"
Apollo 17;74220;"74221;82";;45.0;12.7;46.15;"J.C. Graf, 1993, "Lunar Soils Grain Size Catalog" NASA Reference Publication RP-1265"
Apollo 17;74220;"74221;82";;20.0;22.62;46.15;"J.C. Graf, 1993, "Lunar Soils Grain Size Catalog" NASA Reference Publication RP-1265"
Apollo 17;74220;"74221;82";;15.6;8.66;46.15;"J.C. Graf, 1993, "Lunar Soils Grain Size Catalog" NASA Reference Publication RP-1265"
Apollo 17;74220;"74221;82";;7.8;13.16;46.15;"J.C. Graf, 1993, "Lunar Soils Grain Size Catalog" NASA Reference Publication RP-1265"
Apollo 17;74220;"74221;82";;3.9;3.5;46.15;"J.C. Graf, 1993, "Lunar Soils Grain Size Catalog" NASA Reference Publication RP-1265"
Apollo 17;74220;"74221;82";;1.0;0.41;46.15;"J.C. Graf, 1993, "Lunar Soils Grain Size Catalog" NASA Reference Publication RP-1265"
Apollo 17;74220;"74221;84";;10000.0;0.0;50.14;"J.C. Graf, 1993, "Lunar Soils Grain Size Catalog" NASA Reference Publication RP-1265"
Apollo 17;74220;"74221;84";;4000.0;10.78;50.14;"J.C. Graf, 1993, "Lunar Soils Grain Size Catalog" NASA Reference Publication RP-1265"
Apollo 17;74220;"74221;84";;2000.0;1.87;50.14;"J.C. Graf, 1993, "Lunar Soils Grain Size Catalog" NASA Reference Publication RP-1265"
Apollo 17;74220;"74221;84";;1000.0;0.88;50.14;"J.C. Graf, 1993, "Lunar Soils Grain Size Catalog" NASA Reference Publication RP-1265"
Apollo 17;74220;"74221;84";;841.0;0.2;50.14;"J.C. Graf, 1993, "Lunar Soils Grain Size Catalog" NASA Reference Publication RP-1265"
Apollo 17;74220;"74221;84";;420.0;1.89;50.14;"J.C. Graf, 1993, "Lunar Soils Grain Size Catalog" NASA Reference Publication RP-1265"
Apollo 17;74220;"74221;84";;250.0;3.18;50.14;"J.C. Graf, 1993, "Lunar Soils Grain Size Catalog" NASA Reference Publication RP-1265"
Apollo 17;74220;"74221;84";;177.0;4.23;50.14;"J.C. Graf, 1993, "Lunar Soils Grain Size Catalog" NASA Reference Publication RP-1265"
Apollo 17;74220;"74221;84";;150.0;2.7;50.14;"J.C. Graf, 1993, "Lunar Soils Grain Size Catalog" NASA Reference Publication RP-1265"
Apollo 17;74220;"74221;84";;125.0;4.08;50.14;"J.C. Graf, 1993, "Lunar Soils Grain Size Catalog" NASA Reference Publication RP-1265"
Apollo 17;74220;"74221;84";;105.0;4.08;50.14;"J.C. Graf, 1993, "Lunar Soils Grain Size Catalog" NASA Reference Publication RP-1265"
Apollo 17;74220;"74221;84";;74.0;7.81;50.14;"J.C. Graf, 1993, "Lunar Soils Grain Size Catalog" NASA Reference Publication RP-1265"
Apollo 17;74220;"74221;84";;53.0;6.73;50.14;"J.C. Graf, 1993, "Lunar Soils Grain Size Catalog" NASA Reference Publication RP-1265"
Apollo 17;74220;"74221;84";;44.0;5.27;50.14;"J.C. Graf, 1993, "Lunar Soils Grain Size Catalog" NASA Reference Publication RP-1265"
Apollo 17;74220;"74221;84";;37.0;3.03;50.14;"J.C. Graf, 1993, "Lunar Soils Grain Size Catalog" NASA Reference Publication RP-1265"
Apollo 17;74220;"74221;84";;30.0;12.76;50.14;"J.C. Graf, 1993, "Lunar Soils Grain Size Catalog" NASA Reference Publication RP-1265"
Apollo 17;74220;"74221;84";;20.0;9.14;50.14;"J.C. Graf, 1993, "Lunar Soils Grain Size Catalog" NASA Reference Publication RP-1265"
Apollo 17;74220;"74221;84";;10.0;11.21;50.14;"J.C. Graf, 1993, "Lunar Soils Grain Size Catalog" NASA Reference Publication RP-1265"
Apollo 17;74220;"74221;84";;1.0;9.15;50.14;"J.C. Graf, 1993, "Lunar Soils Grain Size Catalog" NASA Reference Publication RP-1265"
Apollo 17;74220;"74221;121";;10000.0;0.0;48.23;"J.C. Graf, 1993, "Lunar Soils Grain Size Catalog" NASA Reference Publication RP-1265"
Apollo 17;74220;"74221;121";;4000.0;10.8;48.23;"J.C. Graf, 1993, "Lunar Soils Grain Size Catalog" NASA Reference Publication RP-1265"
Apollo 17;74220;"74221;121";;2000.0;1.87;48.23;"J.C. Graf, 1993, "Lunar Soils Grain Size Catalog" NASA Reference Publication RP-1265"
Apollo 17;74220;"74221;121";;1000.0;0.88;48.23;"J.C. Graf, 1993, "Lunar Soils Grain Size Catalog" NASA Reference Publication RP-1265"
Apollo 17;74220;"74221;121";;500.0;1.28;48.23;"J.C. Graf, 1993, "Lunar Soils Grain Size Catalog" NASA Reference Publication RP-1265"
Apollo 17;74220;"74221;121";;200.0;6.08;48.23;"J.C. Graf, 1993, "Lunar Soils Grain Size Catalog" NASA Reference Publication RP-1265"
Apollo 17;74220;"74221;121";;90.0;13.96;48.23;"J.C. Graf, 1993, "Lunar Soils Grain Size Catalog" NASA Reference Publication RP-1265"
Apollo 17;74220;"74221;121";;60.0;9.67;48.23;"J.C. Graf, 1993, "Lunar Soils Grain Size Catalog" NASA Reference Publication RP-1265"
Apollo 17;74220;"74221;121";;45.0;7.19;48.23;"J.C. Graf, 1993, "Lunar Soils Grain Size Catalog" NASA Reference Publication RP-1265"
Apollo 17;74220;"74221;121";;30.0;11.56;48.23;"J.C. Graf, 1993, "Lunar Soils Grain Size Catalog" NASA Reference Publication RP-1265"
Apollo 17;74220;"74221;121";;20.0;8.82;48.23;"J.C. Graf, 1993, "Lunar Soils Grain Size Catalog" NASA Reference Publication RP-1265"
Apollo 17;74220;"74221;121";;10.0;17.38;48.23;"J.C. Graf, 1993, "Lunar Soils Grain Size Catalog" NASA Reference Publication RP-1265"
Apollo 17;74220;"74221;121";;1.0;9.5;48.23;"J.C. Graf, 1993, "Lunar Soils Grain Size Catalog" NASA Reference Publication RP-1265"
Apollo 17;74240;"74241;34";;10000.0;0.0;92.76;"J.C. Graf, 1993, "Lunar Soils Grain Size Catalog" NASA Reference Publication RP-1265"
Apollo 17;74240;"74241;34";;4000.0;5.72;92.76;"J.C. Graf, 1993, "Lunar Soils Grain Size Catalog" NASA Reference Publication RP-1265"
Apollo 17;74240;"74241;34";;2000.0;7.21;92.76;"J.C. Graf, 1993, "Lunar Soils Grain Size Catalog" NASA Reference Publication RP-1265"
Apollo 17;74240;"74241;34";;1000.0;5.87;92.76;"J.C. Graf, 1993, "Lunar Soils Grain Size Catalog" NASA Reference Publication RP-1265"
Apollo 17;74240;"74241;34";;500.0;6.89;92.76;"J.C. Graf, 1993, "Lunar Soils Grain Size Catalog" NASA Reference Publication RP-1265"
Apollo 17;74240;"74241;34";;200.0;10.82;92.76;"J.C. Graf, 1993, "Lunar Soils Grain Size Catalog" NASA Reference Publication RP-1265"
Apollo 17;74240;"74241;34";;90.0;14.02;92.76;"J.C. Graf, 1993, "Lunar Soils Grain Size Catalog" NASA Reference Publication RP-1265"
Apollo 17;74240;"74241;34";;60.0;8.41;92.76;"J.C. Graf, 1993, "Lunar Soils Grain Size Catalog" NASA Reference Publication RP-1265"
Apollo 17;74240;"74241;34";;45.0;5.61;92.76;"J.C. Graf, 1993, "Lunar Soils Grain Size Catalog" NASA Reference Publication RP-1265"
Apollo 17;74240;"74241;34";;30.0;8.57;92.76;"J.C. Graf, 1993, "Lunar Soils Grain Size Catalog" NASA Reference Publication RP-1265"
Apollo 17;74240;"74241;34";;20.0;6.41;92.76;"J.C. Graf, 1993, "Lunar Soils Grain Size Catalog" NASA Reference Publication RP-1265"
Apollo 17;74240;"74241;34";;10.0;5.61;92.76;"J.C. Graf, 1993, "Lunar Soils Grain Size Catalog" NASA Reference Publication RP-1265"
Apollo 17;74240;"74241;34";;1.0;13.86;92.76;"J.C. Graf, 1993, "Lunar Soils Grain Size Catalog" NASA Reference Publication RP-1265"
Apollo 17;74240;"74241;61";;10000.0;0.0;86.72;"J.C. Graf, 1993, "Lunar Soils Grain Size Catalog" NASA Reference Publication RP-1265"
Apollo 17;74240;"74241;61";;4000.0;5.73;86.72;"J.C. Graf, 1993, "Lunar Soils Grain Size Catalog" NASA Reference Publication RP-1265"
Apollo 17;74240;"74241;61";;2000.0;7.22;86.72;"J.C. Graf, 1993, "Lunar Soils Grain Size Catalog" NASA Reference Publication RP-1265"
Apollo 17;74240;"74241;61";;1000.0;5.87;86.72;"J.C. Graf, 1993, "Lunar Soils Grain Size Catalog" NASA Reference Publication RP-1265"
Apollo 17;74240;"74241;61";;500.0;4.9;86.72;"J.C. Graf, 1993, "Lunar Soils Grain Size Catalog" NASA Reference Publication RP-1265"
Apollo 17;74240;"74241;61";;250.0;8.02;86.72;"J.C. Graf, 1993, "Lunar Soils Grain Size Catalog" NASA Reference Publication RP-1265"
Apollo 17;74240;"74241;61";;150.0;7.34;86.72;"J.C. Graf, 1993, "Lunar Soils Grain Size Catalog" NASA Reference Publication RP-1265"
Apollo 17;74240;"74241;61";;90.0;10.18;86.72;"J.C. Graf, 1993, "Lunar Soils Grain Size Catalog" NASA Reference Publication RP-1265"
Apollo 17;74240;"74241;61";;75.0;3.63;86.72;"J.C. Graf, 1993, "Lunar Soils Grain Size Catalog" NASA Reference Publication RP-1265"
Apollo 17;74240;"74241;61";;45.0;10.78;86.72;"J.C. Graf, 1993, "Lunar Soils Grain Size Catalog" NASA Reference Publication RP-1265"
Apollo 17;74240;"74241;61";;20.0;15.57;86.72;"J.C. Graf, 1993, "Lunar Soils Grain Size Catalog" NASA Reference Publication RP-1265"
Apollo 17;74240;"74241;61";;15.6;2.57;86.72;"J.C. Graf, 1993, "Lunar Soils Grain Size Catalog" NASA Reference Publication RP-1265"
Apollo 17;74240;"74241;61";;7.8;10.32;86.72;"J.C. Graf, 1993, "Lunar Soils Grain Size Catalog" NASA Reference Publication RP-1265"
Apollo 17;74240;"74241;61";;3.9;6.0;86.72;"J.C. Graf, 1993, "Lunar Soils Grain Size Catalog" NASA Reference Publication RP-1265"
Apollo 17;74240;"74241;61";;1.0;0.87;86.72;"J.C. Graf, 1993, "Lunar Soils Grain Size Catalog" NASA Reference Publication RP-1265"
Apollo 17;74260;"74261;5";;10000.0;0.0;82.03;"J.C. Graf, 1993, "Lunar Soils Grain Size Catalog" NASA Reference Publication RP-1265"
Apollo 17;74260;"74261;5";;4000.0;11.12;82.03;"J.C. Graf, 1993, "Lunar Soils Grain Size Catalog" NASA Reference Publication RP-1265"
Apollo 17;74260;"74261;5";;2000.0;3.64;82.03;"J.C. Graf, 1993, "Lunar Soils Grain Size Catalog" NASA Reference Publication RP-1265"
Apollo 17;74260;"74261;5";;1000.0;4.79;82.03;"J.C. Graf, 1993, "Lunar Soils Grain Size Catalog" NASA Reference Publication RP-1265"
Apollo 17;74260;"74261;5";;500.0;6.0;82.03;"J.C. Graf, 1993, "Lunar Soils Grain Size Catalog" NASA Reference Publication RP-1265"
Apollo 17;74260;"74261;5";;250.0;8.12;82.03;"J.C. Graf, 1993, "Lunar Soils Grain Size Catalog" NASA Reference Publication RP-1265"
Apollo 17;74260;"74261;5";;150.0;6.1;82.03;"J.C. Graf, 1993, "Lunar Soils Grain Size Catalog" NASA Reference Publication RP-1265"
Apollo 17;74260;"74261;5";;90.0;8.39;82.03;"J.C. Graf, 1993, "Lunar Soils Grain Size Catalog" NASA Reference Publication RP-1265"
Apollo 17;74260;"74261;5";;75.0;3.62;82.03;"J.C. Graf, 1993, "Lunar Soils Grain Size Catalog" NASA Reference Publication RP-1265"
Apollo 17;74260;"74261;5";;45.0;9.82;82.03;"J.C. Graf, 1993, "Lunar Soils Grain Size Catalog" NASA Reference Publication RP-1265"
Apollo 17;74260;"74261;5";;20.0;15.59;82.03;"J.C. Graf, 1993, "Lunar Soils Grain Size Catalog" NASA Reference Publication RP-1265"
Apollo 17;74260;"74261;5";;15.6;5.06;82.03;"J.C. Graf, 1993, "Lunar Soils Grain Size Catalog" NASA Reference Publication RP-1265"
Apollo 17;74260;"74261;5";;7.8;9.22;82.03;"J.C. Graf, 1993, "Lunar Soils Grain Size Catalog" NASA Reference Publication RP-1265"
Apollo 17;74260;"74261;5";;3.9;6.37;82.03;"J.C. Graf, 1993, "Lunar Soils Grain Size Catalog" NASA Reference Publication RP-1265"
Apollo 17;74260;"74261;5";;1.0;1.16;82.03;"J.C. Graf, 1993, "Lunar Soils Grain Size Catalog" NASA Reference Publication RP-1265"
Apollo 17;74260;"74261;9";;10000.0;0.0;72.09;"J.C. Graf, 1993, "Lunar Soils Grain Size Catalog" NASA Reference Publication RP-1265"
Apollo 17;74260;"74261;9";;4000.0;11.12;72.09;"J.C. Graf, 1993, "Lunar Soils Grain Size Catalog" NASA Reference Publication RP-1265"
Apollo 17;74260;"74261;9";;2000.0;3.64;72.09;"J.C. Graf, 1993, "Lunar Soils Grain Size Catalog" NASA Reference Publication RP-1265"
Apollo 17;74260;"74261;9";;1000.0;4.79;72.09;"J.C. Graf, 1993, "Lunar Soils Grain Size Catalog" NASA Reference Publication RP-1265"
Apollo 17;74260;"74261;9";;500.0;3.82;72.09;"J.C. Graf, 1993, "Lunar Soils Grain Size Catalog" NASA Reference Publication RP-1265"
Apollo 17;74260;"74261;9";;250.0;6.76;72.09;"J.C. Graf, 1993, "Lunar Soils Grain Size Catalog" NASA Reference Publication RP-1265"
Apollo 17;74260;"74261;9";;150.0;6.73;72.09;"J.C. Graf, 1993, "Lunar Soils Grain Size Catalog" NASA Reference Publication RP-1265"
Apollo 17;74260;"74261;9";;90.0;9.39;72.09;"J.C. Graf, 1993, "Lunar Soils Grain Size Catalog" NASA Reference Publication RP-1265"
Apollo 17;74260;"74261;9";;75.0;2.91;72.09;"J.C. Graf, 1993, "Lunar Soils Grain Size Catalog" NASA Reference Publication RP-1265"
Apollo 17;74260;"74261;9";;45.0;10.85;72.09;"J.C. Graf, 1993, "Lunar Soils Grain Size Catalog" NASA Reference Publication RP-1265"
Apollo 17;74260;"74261;9";;20.0;17.31;72.09;"J.C. Graf, 1993, "Lunar Soils Grain Size Catalog" NASA Reference Publication RP-1265"
Apollo 17;74260;"74261;9";;15.6;2.35;72.09;"J.C. Graf, 1993, "Lunar Soils Grain Size Catalog" NASA Reference Publication RP-1265"
Apollo 17;74260;"74261;9";;7.8;11.97;72.09;"J.C. Graf, 1993, "Lunar Soils Grain Size Catalog" NASA Reference Publication RP-1265"
Apollo 17;74260;"74261;9";;3.9;6.35;72.09;"J.C. Graf, 1993, "Lunar Soils Grain Size Catalog" NASA Reference Publication RP-1265"
Apollo 17;74260;"74261;9";;1.0;1.01;72.09;"J.C. Graf, 1993, "Lunar Soils Grain Size Catalog" NASA Reference Publication RP-1265"
Apollo 17;75060;"75061;2";;10000.0;0.0;112.59;"J.C. Graf, 1993, "Lunar Soils Grain Size Catalog" NASA Reference Publication RP-1265"
Apollo 17;75060;"75061;2";;4000.0;6.25;112.59;"J.C. Graf, 1993, "Lunar Soils Grain Size Catalog" NASA Reference Publication RP-1265"
Apollo 17;75060;"75061;2";;2000.0;3.38;112.59;"J.C. Graf, 1993, "Lunar Soils Grain Size Catalog" NASA Reference Publication RP-1265"
Apollo 17;75060;"75061;2";;1000.0;4.57;112.59;"J.C. Graf, 1993, "Lunar Soils Grain Size Catalog" NASA Reference Publication RP-1265"
Apollo 17;75060;"75061;2";;500.0;3.29;112.59;"J.C. Graf, 1993, "Lunar Soils Grain Size Catalog" NASA Reference Publication RP-1265"
Apollo 17;75060;"75061;2";;250.0;11.63;112.59;"J.C. Graf, 1993, "Lunar Soils Grain Size Catalog" NASA Reference Publication RP-1265"
Apollo 17;75060;"75061;2";;150.0;12.64;112.59;"J.C. Graf, 1993, "Lunar Soils Grain Size Catalog" NASA Reference Publication RP-1265"
Apollo 17;75060;"75061;2";;90.0;14.67;112.59;"J.C. Graf, 1993, "Lunar Soils Grain Size Catalog" NASA Reference Publication RP-1265"
Apollo 17;75060;"75061;2";;75.0;4.89;112.59;"J.C. Graf, 1993, "Lunar Soils Grain Size Catalog" NASA Reference Publication RP-1265"
Apollo 17;75060;"75061;2";;45.0;11.95;112.59;"J.C. Graf, 1993, "Lunar Soils Grain Size Catalog" NASA Reference Publication RP-1265"
Apollo 17;75060;"75061;2";;20.0;13.52;112.59;"J.C. Graf, 1993, "Lunar Soils Grain Size Catalog" NASA Reference Publication RP-1265"
Apollo 17;75060;"75061;2";;15.6;5.33;112.59;"J.C. Graf, 1993, "Lunar Soils Grain Size Catalog" NASA Reference Publication RP-1265"
Apollo 17;75060;"75061;2";;7.8;3.24;112.59;"J.C. Graf, 1993, "Lunar Soils Grain Size Catalog" NASA Reference Publication RP-1265"
Apollo 17;75060;"75061;2";;3.9;2.9;112.59;"J.C. Graf, 1993, "Lunar Soils Grain Size Catalog" NASA Reference Publication RP-1265"
Apollo 17;75060;"75061;2";;1.0;0.75;112.59;"J.C. Graf, 1993, "Lunar Soils Grain Size Catalog" NASA Reference Publication RP-1265"
Apollo 17;75080;"75081;1";;10000.0;0.0;82.91;"J.C. Graf, 1993, "Lunar Soils Grain Size Catalog" NASA Reference Publication RP-1265"
Apollo 17;75080;"75081;1";;4000.0;2.25;82.91;"J.C. Graf, 1993, "Lunar Soils Grain Size Catalog" NASA Reference Publication RP-1265"
Apollo 17;75080;"75081;1";;2000.0;2.98;82.91;"J.C. Graf, 1993, "Lunar Soils Grain Size Catalog" NASA Reference Publication RP-1265"
Apollo 17;75080;"75081;1";;1000.0;3.76;82.91;"J.C. Graf, 1993, "Lunar Soils Grain Size Catalog" NASA Reference Publication RP-1265"
Apollo 17;75080;"75081;1";;500.0;5.51;82.91;"J.C. Graf, 1993, "Lunar Soils Grain Size Catalog" NASA Reference Publication RP-1265"
Apollo 17;75080;"75081;1";;250.0;9.8;82.91;"J.C. Graf, 1993, "Lunar Soils Grain Size Catalog" NASA Reference Publication RP-1265"
Apollo 17;75080;"75081;1";;150.0;10.57;82.91;"J.C. Graf, 1993, "Lunar Soils Grain Size Catalog" NASA Reference Publication RP-1265"
Apollo 17;75080;"75081;1";;90.0;13.1;82.91;"J.C. Graf, 1993, "Lunar Soils Grain Size Catalog" NASA Reference Publication RP-1265"
Apollo 17;75080;"75081;1";;75.0;4.51;82.91;"J.C. Graf, 1993, "Lunar Soils Grain Size Catalog" NASA Reference Publication RP-1265"
Apollo 17;75080;"75081;1";;45.0;12.34;82.91;"J.C. Graf, 1993, "Lunar Soils Grain Size Catalog" NASA Reference Publication RP-1265"
Apollo 17;75080;"75081;1";;20.0;15.94;82.91;"J.C. Graf, 1993, "Lunar Soils Grain Size Catalog" NASA Reference Publication RP-1265"
Apollo 17;75080;"75081;1";;15.6;4.1;82.91;"J.C. Graf, 1993, "Lunar Soils Grain Size Catalog" NASA Reference Publication RP-1265"
Apollo 17;75080;"75081;1";;7.8;8.96;82.91;"J.C. Graf, 1993, "Lunar Soils Grain Size Catalog" NASA Reference Publication RP-1265"
Apollo 17;75080;"75081;1";;3.9;4.2;82.91;"J.C. Graf, 1993, "Lunar Soils Grain Size Catalog" NASA Reference Publication RP-1265"
Apollo 17;75080;"75081;1";;1.0;0.98;82.91;"J.C. Graf, 1993, "Lunar Soils Grain Size Catalog" NASA Reference Publication RP-1265"
Apollo 17;75080;"75081;34";;10000.0;0.0;73.52;"J.C. Graf, 1993, "Lunar Soils Grain Size Catalog" NASA Reference Publication RP-1265"
Apollo 17;75080;"75081;34";;4000.0;2.25;73.52;"J.C. Graf, 1993, "Lunar Soils Grain Size Catalog" NASA Reference Publication RP-1265"
Apollo 17;75080;"75081;34";;2000.0;2.98;73.52;"J.C. Graf, 1993, "Lunar Soils Grain Size Catalog" NASA Reference Publication RP-1265"
Apollo 17;75080;"75081;34";;1000.0;3.76;73.52;"J.C. Graf, 1993, "Lunar Soils Grain Size Catalog" NASA Reference Publication RP-1265"
Apollo 17;75080;"75081;34";;149.0;26.7;73.52;"J.C. Graf, 1993, "Lunar Soils Grain Size Catalog" NASA Reference Publication RP-1265"
Apollo 17;75080;"75081;34";;74.0;14.11;73.52;"J.C. Graf, 1993, "Lunar Soils Grain Size Catalog" NASA Reference Publication RP-1265"
Apollo 17;75080;"75081;34";;45.0;15.34;73.52;"J.C. Graf, 1993, "Lunar Soils Grain Size Catalog" NASA Reference Publication RP-1265"
Apollo 17;75080;"75081;34";;30.0;10.44;73.52;"J.C. Graf, 1993, "Lunar Soils Grain Size Catalog" NASA Reference Publication RP-1265"
Apollo 17;75080;"75081;34";;15.0;8.31;73.52;"J.C. Graf, 1993, "Lunar Soils Grain Size Catalog" NASA Reference Publication RP-1265"
Apollo 17;75080;"75081;34";;7.0;7.6;73.52;"J.C. Graf, 1993, "Lunar Soils Grain Size Catalog" NASA Reference Publication RP-1265"
Apollo 17;75080;"75081;34";;1.0;7.51;73.52;"J.C. Graf, 1993, "Lunar Soils Grain Size Catalog" NASA Reference Publication RP-1265"
Apollo 17;75080;"75081;36";;10000.0;0.0;79.6;"J.C. Graf, 1993, "Lunar Soils Grain Size Catalog" NASA Reference Publication RP-1265"
Apollo 17;75080;"75081;36";;4000.0;2.25;79.6;"J.C. Graf, 1993, "Lunar Soils Grain Size Catalog" NASA Reference Publication RP-1265"
Apollo 17;75080;"75081;36";;2000.0;2.98;79.6;"J.C. Graf, 1993, "Lunar Soils Grain Size Catalog" NASA Reference Publication RP-1265"
Apollo 17;75080;"75081;36";;1000.0;3.76;79.6;"J.C. Graf, 1993, "Lunar Soils Grain Size Catalog" NASA Reference Publication RP-1265"
Apollo 17;75080;"75081;36";;500.0;4.22;79.6;"J.C. Graf, 1993, "Lunar Soils Grain Size Catalog" NASA Reference Publication RP-1265"
Apollo 17;75080;"75081;36";;250.0;9.02;79.6;"J.C. Graf, 1993, "Lunar Soils Grain Size Catalog" NASA Reference Publication RP-1265"
Apollo 17;75080;"75081;36";;150.0;11.2;79.6;"J.C. Graf, 1993, "Lunar Soils Grain Size Catalog" NASA Reference Publication RP-1265"
Apollo 17;75080;"75081;36";;90.0;13.6;79.6;"J.C. Graf, 1993, "Lunar Soils Grain Size Catalog" NASA Reference Publication RP-1265"
Apollo 17;75080;"75081;36";;75.0;4.41;79.6;"J.C. Graf, 1993, "Lunar Soils Grain Size Catalog" NASA Reference Publication RP-1265"
Apollo 17;75080;"75081;36";;45.0;12.64;79.6;"J.C. Graf, 1993, "Lunar Soils Grain Size Catalog" NASA Reference Publication RP-1265"
Apollo 17;75080;"75081;36";;20.0;16.29;79.6;"J.C. Graf, 1993, "Lunar Soils Grain Size Catalog" NASA Reference Publication RP-1265"
Apollo 17;75080;"75081;36";;1.0;18.64;79.6;"J.C. Graf, 1993, "Lunar Soils Grain Size Catalog" NASA Reference Publication RP-1265"
Apollo 17;75080;"75081;44";;10000.0;0.0;89.94;"J.C. Graf, 1993, "Lunar Soils Grain Size Catalog" NASA Reference Publication RP-1265"
Apollo 17;75080;"75081;44";;4000.0;2.25;89.94;"J.C. Graf, 1993, "Lunar Soils Grain Size Catalog" NASA Reference Publication RP-1265"
Apollo 17;75080;"75081;44";;2000.0;2.98;89.94;"J.C. Graf, 1993, "Lunar Soils Grain Size Catalog" NASA Reference Publication RP-1265"
Apollo 17;75080;"75081;44";;1000.0;3.76;89.94;"J.C. Graf, 1993, "Lunar Soils Grain Size Catalog" NASA Reference Publication RP-1265"
Apollo 17;75080;"75081;44";;841.0;1.91;89.94;"J.C. Graf, 1993, "Lunar Soils Grain Size Catalog" NASA Reference Publication RP-1265"
Apollo 17;75080;"75081;44";;420.0;7.11;89.94;"J.C. Graf, 1993, "Lunar Soils Grain Size Catalog" NASA Reference Publication RP-1265"
Apollo 17;75080;"75081;44";;250.0;7.37;89.94;"J.C. Graf, 1993, "Lunar Soils Grain Size Catalog" NASA Reference Publication RP-1265"
Apollo 17;75080;"75081;44";;177.0;6.74;89.94;"J.C. Graf, 1993, "Lunar Soils Grain Size Catalog" NASA Reference Publication RP-1265"
Apollo 17;75080;"75081;44";;150.0;4.2;89.94;"J.C. Graf, 1993, "Lunar Soils Grain Size Catalog" NASA Reference Publication RP-1265"
Apollo 17;75080;"75081;44";;125.0;4.62;89.94;"J.C. Graf, 1993, "Lunar Soils Grain Size Catalog" NASA Reference Publication RP-1265"
Apollo 17;75080;"75081;44";;105.0;5.44;89.94;"J.C. Graf, 1993, "Lunar Soils Grain Size Catalog" NASA Reference Publication RP-1265"
Apollo 17;75080;"75081;44";;74.0;8.18;89.94;"J.C. Graf, 1993, "Lunar Soils Grain Size Catalog" NASA Reference Publication RP-1265"
Apollo 17;75080;"75081;44";;53.0;6.27;89.94;"J.C. Graf, 1993, "Lunar Soils Grain Size Catalog" NASA Reference Publication RP-1265"
Apollo 17;75080;"75081;44";;44.0;4.81;89.94;"J.C. Graf, 1993, "Lunar Soils Grain Size Catalog" NASA Reference Publication RP-1265"
Apollo 17;75080;"75081;44";;37.0;4.26;89.94;"J.C. Graf, 1993, "Lunar Soils Grain Size Catalog" NASA Reference Publication RP-1265"
Apollo 17;75080;"75081;44";;30.0;8.02;89.94;"J.C. Graf, 1993, "Lunar Soils Grain Size Catalog" NASA Reference Publication RP-1265"
Apollo 17;75080;"75081;44";;20.0;8.06;89.94;"J.C. Graf, 1993, "Lunar Soils Grain Size Catalog" NASA Reference Publication RP-1265"
Apollo 17;75080;"75081;44";;10.0;7.37;89.94;"J.C. Graf, 1993, "Lunar Soils Grain Size Catalog" NASA Reference Publication RP-1265"
Apollo 17;75080;"75081;44";;1.0;5.65;89.94;"J.C. Graf, 1993, "Lunar Soils Grain Size Catalog" NASA Reference Publication RP-1265"
Apollo 17;75110;"75111;13";;10000.0;0.0;68.54;"J.C. Graf, 1993, "Lunar Soils Grain Size Catalog" NASA Reference Publication RP-1265"
Apollo 17;75110;"75111;13";;4000.0;2.62;68.54;"J.C. Graf, 1993, "Lunar Soils Grain Size Catalog" NASA Reference Publication RP-1265"
Apollo 17;75110;"75111;13";;2000.0;2.58;68.54;"J.C. Graf, 1993, "Lunar Soils Grain Size Catalog" NASA Reference Publication RP-1265"
Apollo 17;75110;"75111;13";;1000.0;3.9;68.54;"J.C. Graf, 1993, "Lunar Soils Grain Size Catalog" NASA Reference Publication RP-1265"
Apollo 17;75110;"75111;13";;500.0;5.12;68.54;"J.C. Graf, 1993, "Lunar Soils Grain Size Catalog" NASA Reference Publication RP-1265"
Apollo 17;75110;"75111;13";;250.0;8.97;68.54;"J.C. Graf, 1993, "Lunar Soils Grain Size Catalog" NASA Reference Publication RP-1265"
Apollo 17;75110;"75111;13";;150.0;8.87;68.54;"J.C. Graf, 1993, "Lunar Soils Grain Size Catalog" NASA Reference Publication RP-1265"
Apollo 17;75110;"75111;13";;90.0;11.39;68.54;"J.C. Graf, 1993, "Lunar Soils Grain Size Catalog" NASA Reference Publication RP-1265"
Apollo 17;75110;"75111;13";;75.0;4.41;68.54;"J.C. Graf, 1993, "Lunar Soils Grain Size Catalog" NASA Reference Publication RP-1265"
Apollo 17;75110;"75111;13";;45.0;12.13;68.54;"J.C. Graf, 1993, "Lunar Soils Grain Size Catalog" NASA Reference Publication RP-1265"
Apollo 17;75110;"75111;13";;20.0;24.18;68.54;"J.C. Graf, 1993, "Lunar Soils Grain Size Catalog" NASA Reference Publication RP-1265"
Apollo 17;75110;"75111;13";;15.6;4.37;68.54;"J.C. Graf, 1993, "Lunar Soils Grain Size Catalog" NASA Reference Publication RP-1265"
Apollo 17;75110;"75111;13";;7.8;6.95;68.54;"J.C. Graf, 1993, "Lunar Soils Grain Size Catalog" NASA Reference Publication RP-1265"
Apollo 17;75110;"75111;13";;3.9;2.96;68.54;"J.C. Graf, 1993, "Lunar Soils Grain Size Catalog" NASA Reference Publication RP-1265"
Apollo 17;75110;"75111;13";;1.0;0.55;68.54;"J.C. Graf, 1993, "Lunar Soils Grain Size Catalog" NASA Reference Publication RP-1265"
Apollo 17;75120;"75121;14";;10000.0;0.0;55.89;"J.C. Graf, 1993, "Lunar Soils Grain Size Catalog" NASA Reference Publication RP-1265"
Apollo 17;75120;"75121;14";;4000.0;0.38;55.89;"J.C. Graf, 1993, "Lunar Soils Grain Size Catalog" NASA Reference Publication RP-1265"
Apollo 17;75120;"75121;14";;2000.0;0.85;55.89;"J.C. Graf, 1993, "Lunar Soils Grain Size Catalog" NASA Reference Publication RP-1265"
Apollo 17;75120;"75121;14";;1000.0;2.07;55.89;"J.C. Graf, 1993, "Lunar Soils Grain Size Catalog" NASA Reference Publication RP-1265"
Apollo 17;75120;"75121;14";;500.0;3.85;55.89;"J.C. Graf, 1993, "Lunar Soils Grain Size Catalog" NASA Reference Publication RP-1265"
Apollo 17;75120;"75121;14";;250.0;7.9;55.89;"J.C. Graf, 1993, "Lunar Soils Grain Size Catalog" NASA Reference Publication RP-1265"
Apollo 17;75120;"75121;14";;150.0;9.51;55.89;"J.C. Graf, 1993, "Lunar Soils Grain Size Catalog" NASA Reference Publication RP-1265"
Apollo 17;75120;"75121;14";;90.0;12.36;55.89;"J.C. Graf, 1993, "Lunar Soils Grain Size Catalog" NASA Reference Publication RP-1265"
Apollo 17;75120;"75121;14";;75.0;4.98;55.89;"J.C. Graf, 1993, "Lunar Soils Grain Size Catalog" NASA Reference Publication RP-1265"
Apollo 17;75120;"75121;14";;45.0;14.07;55.89;"J.C. Graf, 1993, "Lunar Soils Grain Size Catalog" NASA Reference Publication RP-1265"
Apollo 17;75120;"75121;14";;20.0;20.64;55.89;"J.C. Graf, 1993, "Lunar Soils Grain Size Catalog" NASA Reference Publication RP-1265"
Apollo 17;75120;"75121;14";;15.6;4.02;55.89;"J.C. Graf, 1993, "Lunar Soils Grain Size Catalog" NASA Reference Publication RP-1265"
Apollo 17;75120;"75121;14";;7.8;12.86;55.89;"J.C. Graf, 1993, "Lunar Soils Grain Size Catalog" NASA Reference Publication RP-1265"
Apollo 17;75120;"75121;14";;3.9;4.22;55.89;"J.C. Graf, 1993, "Lunar Soils Grain Size Catalog" NASA Reference Publication RP-1265"
Apollo 17;75120;"75121;14";;1.0;1.3;55.89;"J.C. Graf, 1993, "Lunar Soils Grain Size Catalog" NASA Reference Publication RP-1265"
Apollo 17;76260;"76261;26";;10000.0;0.0;73.84;"J.C. Graf, 1993, "Lunar Soils Grain Size Catalog" NASA Reference Publication RP-1265"
Apollo 17;76260;"76261;26";;4000.0;4.45;73.84;"J.C. Graf, 1993, "Lunar Soils Grain Size Catalog" NASA Reference Publication RP-1265"
Apollo 17;76260;"76261;26";;2000.0;3.35;73.84;"J.C. Graf, 1993, "Lunar Soils Grain Size Catalog" NASA Reference Publication RP-1265"
Apollo 17;76260;"76261;26";;1000.0;4.35;73.84;"J.C. Graf, 1993, "Lunar Soils Grain Size Catalog" NASA Reference Publication RP-1265"
Apollo 17;76260;"76261;26";;500.0;5.32;73.84;"J.C. Graf, 1993, "Lunar Soils Grain Size Catalog" NASA Reference Publication RP-1265"
Apollo 17;76260;"76261;26";;250.0;9.15;73.84;"J.C. Graf, 1993, "Lunar Soils Grain Size Catalog" NASA Reference Publication RP-1265"
Apollo 17;76260;"76261;26";;150.0;9.11;73.84;"J.C. Graf, 1993, "Lunar Soils Grain Size Catalog" NASA Reference Publication RP-1265"
Apollo 17;76260;"76261;26";;90.0;10.42;73.84;"J.C. Graf, 1993, "Lunar Soils Grain Size Catalog" NASA Reference Publication RP-1265"
Apollo 17;76260;"76261;26";;75.0;3.53;73.84;"J.C. Graf, 1993, "Lunar Soils Grain Size Catalog" NASA Reference Publication RP-1265"
Apollo 17;76260;"76261;26";;45.0;10.51;73.84;"J.C. Graf, 1993, "Lunar Soils Grain Size Catalog" NASA Reference Publication RP-1265"
Apollo 17;76260;"76261;26";;20.0;15.46;73.84;"J.C. Graf, 1993, "Lunar Soils Grain Size Catalog" NASA Reference Publication RP-1265"
Apollo 17;76260;"76261;26";;15.6;5.0;73.84;"J.C. Graf, 1993, "Lunar Soils Grain Size Catalog" NASA Reference Publication RP-1265"
Apollo 17;76260;"76261;26";;7.8;13.36;73.84;"J.C. Graf, 1993, "Lunar Soils Grain Size Catalog" NASA Reference Publication RP-1265"
Apollo 17;76260;"76261;26";;3.9;4.36;73.84;"J.C. Graf, 1993, "Lunar Soils Grain Size Catalog" NASA Reference Publication RP-1265"
Apollo 17;76260;"76261;26";;1.0;0.63;73.84;"J.C. Graf, 1993, "Lunar Soils Grain Size Catalog" NASA Reference Publication RP-1265"
Apollo 17;76280;"76281;6";;10000.0;0.0;67.22;"J.C. Graf, 1993, "Lunar Soils Grain Size Catalog" NASA Reference Publication RP-1265"
Apollo 17;76280;"76281;6";;4000.0;3.65;67.22;"J.C. Graf, 1993, "Lunar Soils Grain Size Catalog" NASA Reference Publication RP-1265"
Apollo 17;76280;"76281;6";;2000.0;4.35;67.22;"J.C. Graf, 1993, "Lunar Soils Grain Size Catalog" NASA Reference Publication RP-1265"
Apollo 17;76280;"76281;6";;1000.0;4.88;67.22;"J.C. Graf, 1993, "Lunar Soils Grain Size Catalog" NASA Reference Publication RP-1265"
Apollo 17;76280;"76281;6";;500.0;6.3;67.22;"J.C. Graf, 1993, "Lunar Soils Grain Size Catalog" NASA Reference Publication RP-1265"
Apollo 17;76280;"76281;6";;250.0;7.81;67.22;"J.C. Graf, 1993, "Lunar Soils Grain Size Catalog" NASA Reference Publication RP-1265"
Apollo 17;76280;"76281;6";;150.0;7.42;67.22;"J.C. Graf, 1993, "Lunar Soils Grain Size Catalog" NASA Reference Publication RP-1265"
Apollo 17;76280;"76281;6";;90.0;9.64;67.22;"J.C. Graf, 1993, "Lunar Soils Grain Size Catalog" NASA Reference Publication RP-1265"
Apollo 17;76280;"76281;6";;75.0;3.72;67.22;"J.C. Graf, 1993, "Lunar Soils Grain Size Catalog" NASA Reference Publication RP-1265"
Apollo 17;76280;"76281;6";;45.0;10.4;67.22;"J.C. Graf, 1993, "Lunar Soils Grain Size Catalog" NASA Reference Publication RP-1265"
Apollo 17;76280;"76281;6";;20.0;15.61;67.22;"J.C. Graf, 1993, "Lunar Soils Grain Size Catalog" NASA Reference Publication RP-1265"
Apollo 17;76280;"76281;6";;15.6;4.22;67.22;"J.C. Graf, 1993, "Lunar Soils Grain Size Catalog" NASA Reference Publication RP-1265"
Apollo 17;76280;"76281;6";;7.8;13.82;67.22;"J.C. Graf, 1993, "Lunar Soils Grain Size Catalog" NASA Reference Publication RP-1265"
Apollo 17;76280;"76281;6";;3.9;6.09;67.22;"J.C. Graf, 1993, "Lunar Soils Grain Size Catalog" NASA Reference Publication RP-1265"
Apollo 17;76280;"76281;6";;1.0;1.1;67.22;"J.C. Graf, 1993, "Lunar Soils Grain Size Catalog" NASA Reference Publication RP-1265"
Apollo 17;76320;"76321;1";;10000.0;0.0;60.6;"J.C. Graf, 1993, "Lunar Soils Grain Size Catalog" NASA Reference Publication RP-1265"
Apollo 17;76320;"76321;1";;4000.0;2.11;60.6;"J.C. Graf, 1993, "Lunar Soils Grain Size Catalog" NASA Reference Publication RP-1265"
Apollo 17;76320;"76321;1";;2000.0;2.83;60.6;"J.C. Graf, 1993, "Lunar Soils Grain Size Catalog" NASA Reference Publication RP-1265"
Apollo 17;76320;"76321;1";;1000.0;4.13;60.6;"J.C. Graf, 1993, "Lunar Soils Grain Size Catalog" NASA Reference Publication RP-1265"
Apollo 17;76320;"76321;1";;500.0;3.41;60.6;"J.C. Graf, 1993, "Lunar Soils Grain Size Catalog" NASA Reference Publication RP-1265"
Apollo 17;76320;"76321;1";;250.0;8.53;60.6;"J.C. Graf, 1993, "Lunar Soils Grain Size Catalog" NASA Reference Publication RP-1265"
Apollo 17;76320;"76321;1";;150.0;8.74;60.6;"J.C. Graf, 1993, "Lunar Soils Grain Size Catalog" NASA Reference Publication RP-1265"
Apollo 17;76320;"76321;1";;90.0;11.13;60.6;"J.C. Graf, 1993, "Lunar Soils Grain Size Catalog" NASA Reference Publication RP-1265"
Apollo 17;76320;"76321;1";;75.0;4.1;60.6;"J.C. Graf, 1993, "Lunar Soils Grain Size Catalog" NASA Reference Publication RP-1265"
Apollo 17;76320;"76321;1";;45.0;12.03;60.6;"J.C. Graf, 1993, "Lunar Soils Grain Size Catalog" NASA Reference Publication RP-1265"
Apollo 17;76320;"76321;1";;20.0;18.76;60.6;"J.C. Graf, 1993, "Lunar Soils Grain Size Catalog" NASA Reference Publication RP-1265"
Apollo 17;76320;"76321;1";;15.6;5.78;60.6;"J.C. Graf, 1993, "Lunar Soils Grain Size Catalog" NASA Reference Publication RP-1265"
Apollo 17;76320;"76321;1";;7.8;13.18;60.6;"J.C. Graf, 1993, "Lunar Soils Grain Size Catalog" NASA Reference Publication RP-1265"
Apollo 17;76320;"76321;1";;3.9;3.7;60.6;"J.C. Graf, 1993, "Lunar Soils Grain Size Catalog" NASA Reference Publication RP-1265"
Apollo 17;76320;"76321;1";;1.0;0.56;60.6;"J.C. Graf, 1993, "Lunar Soils Grain Size Catalog" NASA Reference Publication RP-1265"
Apollo 17;76500;"76501;1";;10000.0;0.0;51.47;"J.C. Graf, 1993, "Lunar Soils Grain Size Catalog" NASA Reference Publication RP-1265"
Apollo 17;76500;"76501;1";;4000.0;1.57;51.47;"J.C. Graf, 1993, "Lunar Soils Grain Size Catalog" NASA Reference Publication RP-1265"
Apollo 17;76500;"76501;1";;2000.0;1.48;51.47;"J.C. Graf, 1993, "Lunar Soils Grain Size Catalog" NASA Reference Publication RP-1265"
Apollo 17;76500;"76501;1";;1000.0;3.35;51.47;"J.C. Graf, 1993, "Lunar Soils Grain Size Catalog" NASA Reference Publication RP-1265"
Apollo 17;76500;"76501;1";;500.0;3.77;51.47;"J.C. Graf, 1993, "Lunar Soils Grain Size Catalog" NASA Reference Publication RP-1265"
Apollo 17;76500;"76501;1";;250.0;8.56;51.47;"J.C. Graf, 1993, "Lunar Soils Grain Size Catalog" NASA Reference Publication RP-1265"
Apollo 17;76500;"76501;1";;150.0;8.01;51.47;"J.C. Graf, 1993, "Lunar Soils Grain Size Catalog" NASA Reference Publication RP-1265"
Apollo 17;76500;"76501;1";;90.0;10.64;51.47;"J.C. Graf, 1993, "Lunar Soils Grain Size Catalog" NASA Reference Publication RP-1265"
Apollo 17;76500;"76501;1";;75.0;4.01;51.47;"J.C. Graf, 1993, "Lunar Soils Grain Size Catalog" NASA Reference Publication RP-1265"
Apollo 17;76500;"76501;1";;45.0;11.68;51.47;"J.C. Graf, 1993, "Lunar Soils Grain Size Catalog" NASA Reference Publication RP-1265"
Apollo 17;76500;"76501;1";;20.0;17.67;51.47;"J.C. Graf, 1993, "Lunar Soils Grain Size Catalog" NASA Reference Publication RP-1265"
Apollo 17;76500;"76501;1";;15.6;11.24;51.47;"J.C. Graf, 1993, "Lunar Soils Grain Size Catalog" NASA Reference Publication RP-1265"
Apollo 17;76500;"76501;1";;7.8;10.24;51.47;"J.C. Graf, 1993, "Lunar Soils Grain Size Catalog" NASA Reference Publication RP-1265"
Apollo 17;76500;"76501;1";;3.9;5.49;51.47;"J.C. Graf, 1993, "Lunar Soils Grain Size Catalog" NASA Reference Publication RP-1265"
Apollo 17;76500;"76501;1";;1.0;1.29;51.47;"J.C. Graf, 1993, "Lunar Soils Grain Size Catalog" NASA Reference Publication RP-1265"
Apollo 17;76500;"76501;21";;10000.0;0.0;65.26;"J.C. Graf, 1993, "Lunar Soils Grain Size Catalog" NASA Reference Publication RP-1265"
Apollo 17;76500;"76501;21";;4000.0;1.57;65.26;"J.C. Graf, 1993, "Lunar Soils Grain Size Catalog" NASA Reference Publication RP-1265"
Apollo 17;76500;"76501;21";;2000.0;1.48;65.26;"J.C. Graf, 1993, "Lunar Soils Grain Size Catalog" NASA Reference Publication RP-1265"
Apollo 17;76500;"76501;21";;1000.0;3.35;65.26;"J.C. Graf, 1993, "Lunar Soils Grain Size Catalog" NASA Reference Publication RP-1265"
Apollo 17;76500;"76501;21";;841.0;0.43;65.26;"J.C. Graf, 1993, "Lunar Soils Grain Size Catalog" NASA Reference Publication RP-1265"
Apollo 17;76500;"76501;21";;420.0;6.24;65.26;"J.C. Graf, 1993, "Lunar Soils Grain Size Catalog" NASA Reference Publication RP-1265"
Apollo 17;76500;"76501;21";;250.0;7.64;65.26;"J.C. Graf, 1993, "Lunar Soils Grain Size Catalog" NASA Reference Publication RP-1265"
Apollo 17;76500;"76501;21";;177.0;6.32;65.26;"J.C. Graf, 1993, "Lunar Soils Grain Size Catalog" NASA Reference Publication RP-1265"
Apollo 17;76500;"76501;21";;150.0;3.65;65.26;"J.C. Graf, 1993, "Lunar Soils Grain Size Catalog" NASA Reference Publication RP-1265"
Apollo 17;76500;"76501;21";;125.0;4.16;65.26;"J.C. Graf, 1993, "Lunar Soils Grain Size Catalog" NASA Reference Publication RP-1265"
Apollo 17;76500;"76501;21";;105.0;4.81;65.26;"J.C. Graf, 1993, "Lunar Soils Grain Size Catalog" NASA Reference Publication RP-1265"
Apollo 17;76500;"76501;21";;74.0;7.85;65.26;"J.C. Graf, 1993, "Lunar Soils Grain Size Catalog" NASA Reference Publication RP-1265"
Apollo 17;76500;"76501;21";;53.0;6.64;65.26;"J.C. Graf, 1993, "Lunar Soils Grain Size Catalog" NASA Reference Publication RP-1265"
Apollo 17;76500;"76501;21";;44.0;5.04;65.26;"J.C. Graf, 1993, "Lunar Soils Grain Size Catalog" NASA Reference Publication RP-1265"
Apollo 17;76500;"76501;21";;37.0;3.79;65.26;"J.C. Graf, 1993, "Lunar Soils Grain Size Catalog" NASA Reference Publication RP-1265"
Apollo 17;76500;"76501;21";;30.0;10.11;65.26;"J.C. Graf, 1993, "Lunar Soils Grain Size Catalog" NASA Reference Publication RP-1265"
Apollo 17;76500;"76501;21";;20.0;9.72;65.26;"J.C. Graf, 1993, "Lunar Soils Grain Size Catalog" NASA Reference Publication RP-1265"
Apollo 17;76500;"76501;21";;10.0;8.99;65.26;"J.C. Graf, 1993, "Lunar Soils Grain Size Catalog" NASA Reference Publication RP-1265"
Apollo 17;76500;"76501;21";;1.0;7.22;65.26;"J.C. Graf, 1993, "Lunar Soils Grain Size Catalog" NASA Reference Publication RP-1265"
Apollo 17;78220;"78221;8";;10000.0;0.0;43.14;"J.C. Graf, 1993, "Lunar Soils Grain Size Catalog" NASA Reference Publication RP-1265"
Apollo 17;78220;"78221;8";;4000.0;0.62;43.14;"J.C. Graf, 1993, "Lunar Soils Grain Size Catalog" NASA Reference Publication RP-1265"
Apollo 17;78220;"78221;8";;2000.0;1.13;43.14;"J.C. Graf, 1993, "Lunar Soils Grain Size Catalog" NASA Reference Publication RP-1265"
Apollo 17;78220;"78221;8";;1000.0;2.18;43.14;"J.C. Graf, 1993, "Lunar Soils Grain Size Catalog" NASA Reference Publication RP-1265"
Apollo 17;78220;"78221;8";;500.0;2.71;43.14;"J.C. Graf, 1993, "Lunar Soils Grain Size Catalog" NASA Reference Publication RP-1265"
Apollo 17;78220;"78221;8";;250.0;6.31;43.14;"J.C. Graf, 1993, "Lunar Soils Grain Size Catalog" NASA Reference Publication RP-1265"
Apollo 17;78220;"78221;8";;150.0;7.92;43.14;"J.C. Graf, 1993, "Lunar Soils Grain Size Catalog" NASA Reference Publication RP-1265"
Apollo 17;78220;"78221;8";;90.0;10.93;43.14;"J.C. Graf, 1993, "Lunar Soils Grain Size Catalog" NASA Reference Publication RP-1265"
Apollo 17;78220;"78221;8";;75.0;4.13;43.14;"J.C. Graf, 1993, "Lunar Soils Grain Size Catalog" NASA Reference Publication RP-1265"
Apollo 17;78220;"78221;8";;45.0;12.95;43.14;"J.C. Graf, 1993, "Lunar Soils Grain Size Catalog" NASA Reference Publication RP-1265"
Apollo 17;78220;"78221;8";;20.0;21.47;43.14;"J.C. Graf, 1993, "Lunar Soils Grain Size Catalog" NASA Reference Publication RP-1265"
Apollo 17;78220;"78221;8";;15.6;9.99;43.14;"J.C. Graf, 1993, "Lunar Soils Grain Size Catalog" NASA Reference Publication RP-1265"
Apollo 17;78220;"78221;8";;7.8;14.04;43.14;"J.C. Graf, 1993, "Lunar Soils Grain Size Catalog" NASA Reference Publication RP-1265"
Apollo 17;78220;"78221;8";;3.9;4.06;43.14;"J.C. Graf, 1993, "Lunar Soils Grain Size Catalog" NASA Reference Publication RP-1265"
Apollo 17;78220;"78221;8";;1.0;0.56;43.14;"J.C. Graf, 1993, "Lunar Soils Grain Size Catalog" NASA Reference Publication RP-1265"
Apollo 17;78420;"78421;1";;10000.0;0.0;37.04;"J.C. Graf, 1993, "Lunar Soils Grain Size Catalog" NASA Reference Publication RP-1265"
Apollo 17;78420;"78421;1";;4000.0;0.97;37.04;"J.C. Graf, 1993, "Lunar Soils Grain Size Catalog" NASA Reference Publication RP-1265"
Apollo 17;78420;"78421;1";;2000.0;1.23;37.04;"J.C. Graf, 1993, "Lunar Soils Grain Size Catalog" NASA Reference Publication RP-1265"
Apollo 17;78420;"78421;1";;1000.0;2.12;37.04;"J.C. Graf, 1993, "Lunar Soils Grain Size Catalog" NASA Reference Publication RP-1265"
Apollo 17;78420;"78421;1";;500.0;1.61;37.04;"J.C. Graf, 1993, "Lunar Soils Grain Size Catalog" NASA Reference Publication RP-1265"
Apollo 17;78420;"78421;1";;250.0;6.81;37.04;"J.C. Graf, 1993, "Lunar Soils Grain Size Catalog" NASA Reference Publication RP-1265"
Apollo 17;78420;"78421;1";;150.0;7.54;37.04;"J.C. Graf, 1993, "Lunar Soils Grain Size Catalog" NASA Reference Publication RP-1265"
Apollo 17;78420;"78421;1";;90.0;11.15;37.04;"J.C. Graf, 1993, "Lunar Soils Grain Size Catalog" NASA Reference Publication RP-1265"
Apollo 17;78420;"78421;1";;45.0;13.52;37.04;"J.C. Graf, 1993, "Lunar Soils Grain Size Catalog" NASA Reference Publication RP-1265"
Apollo 17;78420;"78421;1";;20.0;21.03;37.04;"J.C. Graf, 1993, "Lunar Soils Grain Size Catalog" NASA Reference Publication RP-1265"
Apollo 17;78420;"78421;1";;15.6;10.35;37.04;"J.C. Graf, 1993, "Lunar Soils Grain Size Catalog" NASA Reference Publication RP-1265"
Apollo 17;78420;"78421;1";;7.8;13.84;37.04;"J.C. Graf, 1993, "Lunar Soils Grain Size Catalog" NASA Reference Publication RP-1265"
Apollo 17;78420;"78421;1";;3.9;6.92;37.04;"J.C. Graf, 1993, "Lunar Soils Grain Size Catalog" NASA Reference Publication RP-1265"
Apollo 17;78420;"78421;1";;1.0;1.91;37.04;"J.C. Graf, 1993, "Lunar Soils Grain Size Catalog" NASA Reference Publication RP-1265"
Apollo 17;78420;"78421;19";;10000.0;0.0;51.2;"J.C. Graf, 1993, "Lunar Soils Grain Size Catalog" NASA Reference Publication RP-1265"
Apollo 17;78420;"78421;19";;4000.0;0.97;51.2;"J.C. Graf, 1993, "Lunar Soils Grain Size Catalog" NASA Reference Publication RP-1265"
Apollo 17;78420;"78421;19";;2000.0;1.23;51.2;"J.C. Graf, 1993, "Lunar Soils Grain Size Catalog" NASA Reference Publication RP-1265"
Apollo 17;78420;"78421;19";;1000.0;2.12;51.2;"J.C. Graf, 1993, "Lunar Soils Grain Size Catalog" NASA Reference Publication RP-1265"
Apollo 17;78420;"78421;19";;841.0;0.82;51.2;"J.C. Graf, 1993, "Lunar Soils Grain Size Catalog" NASA Reference Publication RP-1265"
Apollo 17;78420;"78421;19";;420.0;4.3;51.2;"J.C. Graf, 1993, "Lunar Soils Grain Size Catalog" NASA Reference Publication RP-1265"
Apollo 17;78420;"78421;19";;250.0;5.84;51.2;"J.C. Graf, 1993, "Lunar Soils Grain Size Catalog" NASA Reference Publication RP-1265"
Apollo 17;78420;"78421;19";;177.0;5.8;51.2;"J.C. Graf, 1993, "Lunar Soils Grain Size Catalog" NASA Reference Publication RP-1265"
Apollo 17;78420;"78421;19";;150.0;3.45;51.2;"J.C. Graf, 1993, "Lunar Soils Grain Size Catalog" NASA Reference Publication RP-1265"
Apollo 17;78420;"78421;19";;125.0;4.28;51.2;"J.C. Graf, 1993, "Lunar Soils Grain Size Catalog" NASA Reference Publication RP-1265"
Apollo 17;78420;"78421;19";;105.0;4.76;51.2;"J.C. Graf, 1993, "Lunar Soils Grain Size Catalog" NASA Reference Publication RP-1265"
Apollo 17;78420;"78421;19";;74.0;8.68;51.2;"J.C. Graf, 1993, "Lunar Soils Grain Size Catalog" NASA Reference Publication RP-1265"
Apollo 17;78420;"78421;19";;53.0;6.62;51.2;"J.C. Graf, 1993, "Lunar Soils Grain Size Catalog" NASA Reference Publication RP-1265"
Apollo 17;78420;"78421;19";;44.0;6.1;51.2;"J.C. Graf, 1993, "Lunar Soils Grain Size Catalog" NASA Reference Publication RP-1265"
Apollo 17;78420;"78421;19";;37.0;4.04;51.2;"J.C. Graf, 1993, "Lunar Soils Grain Size Catalog" NASA Reference Publication RP-1265"
Apollo 17;78420;"78421;19";;30.0;10.58;51.2;"J.C. Graf, 1993, "Lunar Soils Grain Size Catalog" NASA Reference Publication RP-1265"
Apollo 17;78420;"78421;19";;20.0;8.88;51.2;"J.C. Graf, 1993, "Lunar Soils Grain Size Catalog" NASA Reference Publication RP-1265"
Apollo 17;78420;"78421;19";;10.0;10.58;51.2;"J.C. Graf, 1993, "Lunar Soils Grain Size Catalog" NASA Reference Publication RP-1265"
Apollo 17;78420;"78421;19";;1.0;9.96;51.2;"J.C. Graf, 1993, "Lunar Soils Grain Size Catalog" NASA Reference Publication RP-1265"
Apollo 17;78460;"78461;11";;10000.0;0.0;47.34;"J.C. Graf, 1993, "Lunar Soils Grain Size Catalog" NASA Reference Publication RP-1265"
Apollo 17;78460;"78461;11";;4000.0;0.48;47.34;"J.C. Graf, 1993, "Lunar Soils Grain Size Catalog" NASA Reference Publication RP-1265"
Apollo 17;78460;"78461;11";;2000.0;1.01;47.34;"J.C. Graf, 1993, "Lunar Soils Grain Size Catalog" NASA Reference Publication RP-1265"
Apollo 17;78460;"78461;11";;1000.0;1.93;47.34;"J.C. Graf, 1993, "Lunar Soils Grain Size Catalog" NASA Reference Publication RP-1265"
Apollo 17;78460;"78461;11";;841.0;0.55;47.34;"J.C. Graf, 1993, "Lunar Soils Grain Size Catalog" NASA Reference Publication RP-1265"
Apollo 17;78460;"78461;11";;420.0;4.25;47.34;"J.C. Graf, 1993, "Lunar Soils Grain Size Catalog" NASA Reference Publication RP-1265"
Apollo 17;78460;"78461;11";;250.0;6.09;47.34;"J.C. Graf, 1993, "Lunar Soils Grain Size Catalog" NASA Reference Publication RP-1265"
Apollo 17;78460;"78461;11";;177.0;5.18;47.34;"J.C. Graf, 1993, "Lunar Soils Grain Size Catalog" NASA Reference Publication RP-1265"
Apollo 17;78460;"78461;11";;150.0;3.77;47.34;"J.C. Graf, 1993, "Lunar Soils Grain Size Catalog" NASA Reference Publication RP-1265"
Apollo 17;78460;"78461;11";;125.0;4.25;47.34;"J.C. Graf, 1993, "Lunar Soils Grain Size Catalog" NASA Reference Publication RP-1265"
Apollo 17;78460;"78461;11";;105.0;4.64;47.34;"J.C. Graf, 1993, "Lunar Soils Grain Size Catalog" NASA Reference Publication RP-1265"
Apollo 17;78460;"78461;11";;74.0;8.15;47.34;"J.C. Graf, 1993, "Lunar Soils Grain Size Catalog" NASA Reference Publication RP-1265"
Apollo 17;78460;"78461;11";;53.0;5.88;47.34;"J.C. Graf, 1993, "Lunar Soils Grain Size Catalog" NASA Reference Publication RP-1265"
Apollo 17;78460;"78461;11";;44.0;6.29;47.34;"J.C. Graf, 1993, "Lunar Soils Grain Size Catalog" NASA Reference Publication RP-1265"
Apollo 17;78460;"78461;11";;37.0;4.33;47.34;"J.C. Graf, 1993, "Lunar Soils Grain Size Catalog" NASA Reference Publication RP-1265"
Apollo 17;78460;"78461;11";;30.0;9.9;47.34;"J.C. Graf, 1993, "Lunar Soils Grain Size Catalog" NASA Reference Publication RP-1265"
Apollo 17;78460;"78461;11";;20.0;10.09;47.34;"J.C. Graf, 1993, "Lunar Soils Grain Size Catalog" NASA Reference Publication RP-1265"
Apollo 17;78460;"78461;11";;10.0;9.98;47.34;"J.C. Graf, 1993, "Lunar Soils Grain Size Catalog" NASA Reference Publication RP-1265"
Apollo 17;78460;"78461;11";;1.0;12.25;47.34;"J.C. Graf, 1993, "Lunar Soils Grain Size Catalog" NASA Reference Publication RP-1265"
Apollo 17;78480;"78481;27";;10000.0;0.0;48.34;"J.C. Graf, 1993, "Lunar Soils Grain Size Catalog" NASA Reference Publication RP-1265"
Apollo 17;78480;"78481;27";;4000.0;0.18;48.34;"J.C. Graf, 1993, "Lunar Soils Grain Size Catalog" NASA Reference Publication RP-1265"
Apollo 17;78480;"78481;27";;2000.0;0.67;48.34;"J.C. Graf, 1993, "Lunar Soils Grain Size Catalog" NASA Reference Publication RP-1265"
Apollo 17;78480;"78481;27";;1000.0;1.5;48.34;"J.C. Graf, 1993, "Lunar Soils Grain Size Catalog" NASA Reference Publication RP-1265"
Apollo 17;78480;"78481;27";;841.0;0.59;48.34;"J.C. Graf, 1993, "Lunar Soils Grain Size Catalog" NASA Reference Publication RP-1265"
Apollo 17;78480;"78481;27";;420.0;4.22;48.34;"J.C. Graf, 1993, "Lunar Soils Grain Size Catalog" NASA Reference Publication RP-1265"
Apollo 17;78480;"78481;27";;250.0;5.51;48.34;"J.C. Graf, 1993, "Lunar Soils Grain Size Catalog" NASA Reference Publication RP-1265"
Apollo 17;78480;"78481;27";;177.0;5.82;48.34;"J.C. Graf, 1993, "Lunar Soils Grain Size Catalog" NASA Reference Publication RP-1265"
Apollo 17;78480;"78481;27";;150.0;3.32;48.34;"J.C. Graf, 1993, "Lunar Soils Grain Size Catalog" NASA Reference Publication RP-1265"
Apollo 17;78480;"78481;27";;125.0;3.88;48.34;"J.C. Graf, 1993, "Lunar Soils Grain Size Catalog" NASA Reference Publication RP-1265"
Apollo 17;78480;"78481;27";;105.0;5.39;48.34;"J.C. Graf, 1993, "Lunar Soils Grain Size Catalog" NASA Reference Publication RP-1265"
Apollo 17;78480;"78481;27";;74.0;9.17;48.34;"J.C. Graf, 1993, "Lunar Soils Grain Size Catalog" NASA Reference Publication RP-1265"
Apollo 17;78480;"78481;27";;53.0;6.96;48.34;"J.C. Graf, 1993, "Lunar Soils Grain Size Catalog" NASA Reference Publication RP-1265"
Apollo 17;78480;"78481;27";;44.0;5.64;48.34;"J.C. Graf, 1993, "Lunar Soils Grain Size Catalog" NASA Reference Publication RP-1265"
Apollo 17;78480;"78481;27";;37.0;3.38;48.34;"J.C. Graf, 1993, "Lunar Soils Grain Size Catalog" NASA Reference Publication RP-1265"
Apollo 17;78480;"78481;27";;30.0;8.67;48.34;"J.C. Graf, 1993, "Lunar Soils Grain Size Catalog" NASA Reference Publication RP-1265"
Apollo 17;78480;"78481;27";;20.0;10.16;48.34;"J.C. Graf, 1993, "Lunar Soils Grain Size Catalog" NASA Reference Publication RP-1265"
Apollo 17;78480;"78481;27";;10.0;10.18;48.34;"J.C. Graf, 1993, "Lunar Soils Grain Size Catalog" NASA Reference Publication RP-1265"
Apollo 17;78480;"78481;27";;1.0;13.76;48.34;"J.C. Graf, 1993, "Lunar Soils Grain Size Catalog" NASA Reference Publication RP-1265"
Apollo 17;78500;"78501;1";;10000.0;0.0;32.0;"J.C. Graf, 1993, "Lunar Soils Grain Size Catalog" NASA Reference Publication RP-1265"
Apollo 17;78500;"78501;1";;4000.0;2.45;32.0;"J.C. Graf, 1993, "Lunar Soils Grain Size Catalog" NASA Reference Publication RP-1265"
Apollo 17;78500;"78501;1";;2000.0;2.1;32.0;"J.C. Graf, 1993, "Lunar Soils Grain Size Catalog" NASA Reference Publication RP-1265"
Apollo 17;78500;"78501;1";;1000.0;2.73;32.0;"J.C. Graf, 1993, "Lunar Soils Grain Size Catalog" NASA Reference Publication RP-1265"
Apollo 17;78500;"78501;1";;500.0;2.27;32.0;"J.C. Graf, 1993, "Lunar Soils Grain Size Catalog" NASA Reference Publication RP-1265"
Apollo 17;78500;"78501;1";;250.0;4.19;32.0;"J.C. Graf, 1993, "Lunar Soils Grain Size Catalog" NASA Reference Publication RP-1265"
Apollo 17;78500;"78501;1";;150.0;5.6;32.0;"J.C. Graf, 1993, "Lunar Soils Grain Size Catalog" NASA Reference Publication RP-1265"
Apollo 17;78500;"78501;1";;90.0;8.35;32.0;"J.C. Graf, 1993, "Lunar Soils Grain Size Catalog" NASA Reference Publication RP-1265"
Apollo 17;78500;"78501;1";;75.0;3.39;32.0;"J.C. Graf, 1993, "Lunar Soils Grain Size Catalog" NASA Reference Publication RP-1265"
Apollo 17;78500;"78501;1";;45.0;10.89;32.0;"J.C. Graf, 1993, "Lunar Soils Grain Size Catalog" NASA Reference Publication RP-1265"
Apollo 17;78500;"78501;1";;20.0;19.1;32.0;"J.C. Graf, 1993, "Lunar Soils Grain Size Catalog" NASA Reference Publication RP-1265"
Apollo 17;78500;"78501;1";;15.6;9.84;32.0;"J.C. Graf, 1993, "Lunar Soils Grain Size Catalog" NASA Reference Publication RP-1265"
Apollo 17;78500;"78501;1";;7.8;20.62;32.0;"J.C. Graf, 1993, "Lunar Soils Grain Size Catalog" NASA Reference Publication RP-1265"
Apollo 17;78500;"78501;1";;3.9;6.53;32.0;"J.C. Graf, 1993, "Lunar Soils Grain Size Catalog" NASA Reference Publication RP-1265"
Apollo 17;78500;"78501;1";;1.0;0.95;32.0;"J.C. Graf, 1993, "Lunar Soils Grain Size Catalog" NASA Reference Publication RP-1265"
Apollo 17;78500;"78501;25";;10000.0;0.0;45.17;"J.C. Graf, 1993, "Lunar Soils Grain Size Catalog" NASA Reference Publication RP-1265"
Apollo 17;78500;"78501;25";;4000.0;2.44;45.17;"J.C. Graf, 1993, "Lunar Soils Grain Size Catalog" NASA Reference Publication RP-1265"
Apollo 17;78500;"78501;25";;2000.0;2.1;45.17;"J.C. Graf, 1993, "Lunar Soils Grain Size Catalog" NASA Reference Publication RP-1265"
Apollo 17;78500;"78501;25";;1000.0;2.73;45.17;"J.C. Graf, 1993, "Lunar Soils Grain Size Catalog" NASA Reference Publication RP-1265"
Apollo 17;78500;"78501;25";;841.0;0.52;45.17;"J.C. Graf, 1993, "Lunar Soils Grain Size Catalog" NASA Reference Publication RP-1265"
Apollo 17;78500;"78501;25";;420.0;5.73;45.17;"J.C. Graf, 1993, "Lunar Soils Grain Size Catalog" NASA Reference Publication RP-1265"
Apollo 17;78500;"78501;25";;250.0;5.71;45.17;"J.C. Graf, 1993, "Lunar Soils Grain Size Catalog" NASA Reference Publication RP-1265"
Apollo 17;78500;"78501;25";;177.0;4.93;45.17;"J.C. Graf, 1993, "Lunar Soils Grain Size Catalog" NASA Reference Publication RP-1265"
Apollo 17;78500;"78501;25";;150.0;3.26;45.17;"J.C. Graf, 1993, "Lunar Soils Grain Size Catalog" NASA Reference Publication RP-1265"
Apollo 17;78500;"78501;25";;125.0;2.92;45.17;"J.C. Graf, 1993, "Lunar Soils Grain Size Catalog" NASA Reference Publication RP-1265"
Apollo 17;78500;"78501;25";;105.0;2.87;45.17;"J.C. Graf, 1993, "Lunar Soils Grain Size Catalog" NASA Reference Publication RP-1265"
Apollo 17;78500;"78501;25";;74.0;6.64;45.17;"J.C. Graf, 1993, "Lunar Soils Grain Size Catalog" NASA Reference Publication RP-1265"
Apollo 17;78500;"78501;25";;53.0;5.58;45.17;"J.C. Graf, 1993, "Lunar Soils Grain Size Catalog" NASA Reference Publication RP-1265"
Apollo 17;78500;"78501;25";;44.0;5.32;45.17;"J.C. Graf, 1993, "Lunar Soils Grain Size Catalog" NASA Reference Publication RP-1265"
Apollo 17;78500;"78501;25";;37.0;3.3;45.17;"J.C. Graf, 1993, "Lunar Soils Grain Size Catalog" NASA Reference Publication RP-1265"
Apollo 17;78500;"78501;25";;30.0;10.1;45.17;"J.C. Graf, 1993, "Lunar Soils Grain Size Catalog" NASA Reference Publication RP-1265"
Apollo 17;78500;"78501;25";;20.0;9.85;45.17;"J.C. Graf, 1993, "Lunar Soils Grain Size Catalog" NASA Reference Publication RP-1265"
Apollo 17;78500;"78501;25";;10.0;11.63;45.17;"J.C. Graf, 1993, "Lunar Soils Grain Size Catalog" NASA Reference Publication RP-1265"
Apollo 17;78500;"78501;25";;1.0;13.36;45.17;"J.C. Graf, 1993, "Lunar Soils Grain Size Catalog" NASA Reference Publication RP-1265"
Apollo 17;79001;"79001;215";45.4 - 45.9;10000.0;0.0;75.88;"J.C. Graf, 1993, "Lunar Soils Grain Size Catalog" NASA Reference Publication RP-1265"
Apollo 17;79001;"79001;215";45.4 - 45.9;8000.0;1.77;75.88;"J.C. Graf, 1993, "Lunar Soils Grain Size Catalog" NASA Reference Publication RP-1265"
Apollo 17;79001;"79001;215";45.4 - 45.9;1000.0;13.81;75.88;"J.C. Graf, 1993, "Lunar Soils Grain Size Catalog" NASA Reference Publication RP-1265"
Apollo 17;79001;"79001;215";45.4 - 45.9;500.0;5.82;75.88;"J.C. Graf, 1993, "Lunar Soils Grain Size Catalog" NASA Reference Publication RP-1265"
Apollo 17;79001;"79001;215";45.4 - 45.9;250.0;8.02;75.88;"J.C. Graf, 1993, "Lunar Soils Grain Size Catalog" NASA Reference Publication RP-1265"
Apollo 17;79001;"79001;215";45.4 - 45.9;150.0;7.42;75.88;"J.C. Graf, 1993, "Lunar Soils Grain Size Catalog" NASA Reference Publication RP-1265"
Apollo 17;79001;"79001;215";45.4 - 45.9;90.0;9.65;75.88;"J.C. Graf, 1993, "Lunar Soils Grain Size Catalog" NASA Reference Publication RP-1265"
Apollo 17;79001;"79001;215";45.4 - 45.9;45.0;14.26;75.88;"J.C. Graf, 1993, "Lunar Soils Grain Size Catalog" NASA Reference Publication RP-1265"
Apollo 17;79001;"79001;215";45.4 - 45.9;20.0;14.83;75.88;"J.C. Graf, 1993, "Lunar Soils Grain Size Catalog" NASA Reference Publication RP-1265"
Apollo 17;79001;"79001;215";45.4 - 45.9;1.0;23.42;75.88;"J.C. Graf, 1993, "Lunar Soils Grain Size Catalog" NASA Reference Publication RP-1265"
Apollo 17;79001;"79001;213";37.4 - 37.9;10000.0;0.0;78.58;"J.C. Graf, 1993, "Lunar Soils Grain Size Catalog" NASA Reference Publication RP-1265"
Apollo 17;79001;"79001;213";37.4 - 37.9;8000.0;1.77;78.58;"J.C. Graf, 1993, "Lunar Soils Grain Size Catalog" NASA Reference Publication RP-1265"
Apollo 17;79001;"79001;213";37.4 - 37.9;1000.0;13.81;78.58;"J.C. Graf, 1993, "Lunar Soils Grain Size Catalog" NASA Reference Publication RP-1265"
Apollo 17;79001;"79001;213";37.4 - 37.9;500.0;5.66;78.58;"J.C. Graf, 1993, "Lunar Soils Grain Size Catalog" NASA Reference Publication RP-1265"
Apollo 17;79001;"79001;213";37.4 - 37.9;250.0;7.0;78.58;"J.C. Graf, 1993, "Lunar Soils Grain Size Catalog" NASA Reference Publication RP-1265"
Apollo 17;79001;"79001;213";37.4 - 37.9;150.0;7.66;78.58;"J.C. Graf, 1993, "Lunar Soils Grain Size Catalog" NASA Reference Publication RP-1265"
Apollo 17;79001;"79001;213";37.4 - 37.9;90.0;11.01;78.58;"J.C. Graf, 1993, "Lunar Soils Grain Size Catalog" NASA Reference Publication RP-1265"
Apollo 17;79001;"79001;213";37.4 - 37.9;45.0;15.79;78.58;"J.C. Graf, 1993, "Lunar Soils Grain Size Catalog" NASA Reference Publication RP-1265"
Apollo 17;79001;"79001;213";37.4 - 37.9;20.0;17.25;78.58;"J.C. Graf, 1993, "Lunar Soils Grain Size Catalog" NASA Reference Publication RP-1265"
Apollo 17;79001;"79001;213";37.4 - 37.9;1.0;19.05;78.58;"J.C. Graf, 1993, "Lunar Soils Grain Size Catalog" NASA Reference Publication RP-1265"
Apollo 17;79001;"79001;211";32.9 - 33.4;10000.0;0.0;82.0;"J.C. Graf, 1993, "Lunar Soils Grain Size Catalog" NASA Reference Publication RP-1265"
Apollo 17;79001;"79001;211";32.9 - 33.4;8000.0;1.77;82.0;"J.C. Graf, 1993, "Lunar Soils Grain Size Catalog" NASA Reference Publication RP-1265"
Apollo 17;79001;"79001;211";32.9 - 33.4;1000.0;13.81;82.0;"J.C. Graf, 1993, "Lunar Soils Grain Size Catalog" NASA Reference Publication RP-1265"
Apollo 17;79001;"79001;211";32.9 - 33.4;500.0;8.02;82.0;"J.C. Graf, 1993, "Lunar Soils Grain Size Catalog" NASA Reference Publication RP-1265"
Apollo 17;79001;"79001;211";32.9 - 33.4;250.0;7.8;82.0;"J.C. Graf, 1993, "Lunar Soils Grain Size Catalog" NASA Reference Publication RP-1265"
Apollo 17;79001;"79001;211";32.9 - 33.4;150.0;7.12;82.0;"J.C. Graf, 1993, "Lunar Soils Grain Size Catalog" NASA Reference Publication RP-1265"
Apollo 17;79001;"79001;211";32.9 - 33.4;90.0;9.41;82.0;"J.C. Graf, 1993, "Lunar Soils Grain Size Catalog" NASA Reference Publication RP-1265"
Apollo 17;79001;"79001;211";32.9 - 33.4;45.0;15.41;82.0;"J.C. Graf, 1993, "Lunar Soils Grain Size Catalog" NASA Reference Publication RP-1265"
Apollo 17;79001;"79001;211";32.9 - 33.4;20.0;15.51;82.0;"J.C. Graf, 1993, "Lunar Soils Grain Size Catalog" NASA Reference Publication RP-1265"
Apollo 17;79001;"79001;211";32.9 - 33.4;1.0;20.14;82.0;"J.C. Graf, 1993, "Lunar Soils Grain Size Catalog" NASA Reference Publication RP-1265"
Apollo 17;79001;"79001;209";28.9 - 29.4;10000.0;0.0;84.72;"J.C. Graf, 1993, "Lunar Soils Grain Size Catalog" NASA Reference Publication RP-1265"
Apollo 17;79001;"79001;209";28.9 - 29.4;8000.0;1.77;84.72;"J.C. Graf, 1993, "Lunar Soils Grain Size Catalog" NASA Reference Publication RP-1265"
Apollo 17;79001;"79001;209";28.9 - 29.4;1000.0;13.81;84.72;"J.C. Graf, 1993, "Lunar Soils Grain Size Catalog" NASA Reference Publication RP-1265"
Apollo 17;79001;"79001;209";28.9 - 29.4;500.0;5.37;84.72;"J.C. Graf, 1993, "Lunar Soils Grain Size Catalog" NASA Reference Publication RP-1265"
Apollo 17;79001;"79001;209";28.9 - 29.4;250.0;8.82;84.72;"J.C. Graf, 1993, "Lunar Soils Grain Size Catalog" NASA Reference Publication RP-1265"
Apollo 17;79001;"79001;209";28.9 - 29.4;150.0;8.22;84.72;"J.C. Graf, 1993, "Lunar Soils Grain Size Catalog" NASA Reference Publication RP-1265"
Apollo 17;79001;"79001;209";28.9 - 29.4;90.0;10.57;84.72;"J.C. Graf, 1993, "Lunar Soils Grain Size Catalog" NASA Reference Publication RP-1265"
Apollo 17;79001;"79001;209";28.9 - 29.4;45.0;16.51;84.72;"J.C. Graf, 1993, "Lunar Soils Grain Size Catalog" NASA Reference Publication RP-1265"
Apollo 17;79001;"79001;209";28.9 - 29.4;20.0;14.56;84.72;"J.C. Graf, 1993, "Lunar Soils Grain Size Catalog" NASA Reference Publication RP-1265"
Apollo 17;79001;"79001;209";28.9 - 29.4;1.0;19.36;84.72;"J.C. Graf, 1993, "Lunar Soils Grain Size Catalog" NASA Reference Publication RP-1265"
Apollo 17;79001;"79001;207";25.4 - 25.9;10000.0;0.0;85.23;"J.C. Graf, 1993, "Lunar Soils Grain Size Catalog" NASA Reference Publication RP-1265"
Apollo 17;79001;"79001;207";25.4 - 25.9;8000.0;1.77;85.23;"J.C. Graf, 1993, "Lunar Soils Grain Size Catalog" NASA Reference Publication RP-1265"
Apollo 17;79001;"79001;207";25.4 - 25.9;1000.0;13.81;85.23;"J.C. Graf, 1993, "Lunar Soils Grain Size Catalog" NASA Reference Publication RP-1265"
Apollo 17;79001;"79001;207";25.4 - 25.9;500.0;5.43;85.23;"J.C. Graf, 1993, "Lunar Soils Grain Size Catalog" NASA Reference Publication RP-1265"
Apollo 17;79001;"79001;207";25.4 - 25.9;250.0;8.98;85.23;"J.C. Graf, 1993, "Lunar Soils Grain Size Catalog" NASA Reference Publication RP-1265"
Apollo 17;79001;"79001;207";25.4 - 25.9;150.0;8.21;85.23;"J.C. Graf, 1993, "Lunar Soils Grain Size Catalog" NASA Reference Publication RP-1265"
Apollo 17;79001;"79001;207";25.4 - 25.9;90.0;10.58;85.23;"J.C. Graf, 1993, "Lunar Soils Grain Size Catalog" NASA Reference Publication RP-1265"
Apollo 17;79001;"79001;207";25.4 - 25.9;45.0;15.52;85.23;"J.C. Graf, 1993, "Lunar Soils Grain Size Catalog" NASA Reference Publication RP-1265"
Apollo 17;79001;"79001;207";25.4 - 25.9;20.0;15.68;85.23;"J.C. Graf, 1993, "Lunar Soils Grain Size Catalog" NASA Reference Publication RP-1265"
Apollo 17;79001;"79001;207";25.4 - 25.9;1.0;19.02;85.23;"J.C. Graf, 1993, "Lunar Soils Grain Size Catalog" NASA Reference Publication RP-1265"
Apollo 17;79001;"79001;205";20.4 - 20.9;10000.0;0.0;77.88;"J.C. Graf, 1993, "Lunar Soils Grain Size Catalog" NASA Reference Publication RP-1265"
Apollo 17;79001;"79001;205";20.4 - 20.9;8000.0;1.77;77.88;"J.C. Graf, 1993, "Lunar Soils Grain Size Catalog" NASA Reference Publication RP-1265"
Apollo 17;79001;"79001;205";20.4 - 20.9;1000.0;13.81;77.88;"J.C. Graf, 1993, "Lunar Soils Grain Size Catalog" NASA Reference Publication RP-1265"
Apollo 17;79001;"79001;205";20.4 - 20.9;500.0;6.14;77.88;"J.C. Graf, 1993, "Lunar Soils Grain Size Catalog" NASA Reference Publication RP-1265"
Apollo 17;79001;"79001;205";20.4 - 20.9;250.0;7.67;77.88;"J.C. Graf, 1993, "Lunar Soils Grain Size Catalog" NASA Reference Publication RP-1265"
Apollo 17;79001;"79001;205";20.4 - 20.9;150.0;7.88;77.88;"J.C. Graf, 1993, "Lunar Soils Grain Size Catalog" NASA Reference Publication RP-1265"
Apollo 17;79001;"79001;205";20.4 - 20.9;90.0;9.49;77.88;"J.C. Graf, 1993, "Lunar Soils Grain Size Catalog" NASA Reference Publication RP-1265"
Apollo 17;79001;"79001;205";20.4 - 20.9;45.0;15.52;77.88;"J.C. Graf, 1993, "Lunar Soils Grain Size Catalog" NASA Reference Publication RP-1265"
Apollo 17;79001;"79001;205";20.4 - 20.9;20.0;16.36;77.88;"J.C. Graf, 1993, "Lunar Soils Grain Size Catalog" NASA Reference Publication RP-1265"
Apollo 17;79001;"79001;205";20.4 - 20.9;1.0;20.34;77.88;"J.C. Graf, 1993, "Lunar Soils Grain Size Catalog" NASA Reference Publication RP-1265"
Apollo 17;79002;"79002;146";11.5 - 12;10000.0;0.0;226.05;"J.C. Graf, 1993, "Lunar Soils Grain Size Catalog" NASA Reference Publication RP-1265"
Apollo 17;79002;"79002;146";11.5 - 12;1000.0;40.59;226.05;"J.C. Graf, 1993, "Lunar Soils Grain Size Catalog" NASA Reference Publication RP-1265"
Apollo 17;79002;"79002;146";11.5 - 12;500.0;2.9;226.05;"J.C. Graf, 1993, "Lunar Soils Grain Size Catalog" NASA Reference Publication RP-1265"
Apollo 17;79002;"79002;146";11.5 - 12;250.0;5.28;226.05;"J.C. Graf, 1993, "Lunar Soils Grain Size Catalog" NASA Reference Publication RP-1265"
Apollo 17;79002;"79002;146";11.5 - 12;150.0;6.24;226.05;"J.C. Graf, 1993, "Lunar Soils Grain Size Catalog" NASA Reference Publication RP-1265"
Apollo 17;79002;"79002;146";11.5 - 12;90.0;7.48;226.05;"J.C. Graf, 1993, "Lunar Soils Grain Size Catalog" NASA Reference Publication RP-1265"
Apollo 17;79002;"79002;146";11.5 - 12;45.0;11.18;226.05;"J.C. Graf, 1993, "Lunar Soils Grain Size Catalog" NASA Reference Publication RP-1265"
Apollo 17;79002;"79002;146";11.5 - 12;20.0;11.13;226.05;"J.C. Graf, 1993, "Lunar Soils Grain Size Catalog" NASA Reference Publication RP-1265"
Apollo 17;79002;"79002;146";11.5 - 12;1.0;14.21;226.05;"J.C. Graf, 1993, "Lunar Soils Grain Size Catalog" NASA Reference Publication RP-1265"
Apollo 17;79002;"79002;145";9.5 - 10;10000.0;0.0;47.91;"J.C. Graf, 1993, "Lunar Soils Grain Size Catalog" NASA Reference Publication RP-1265"
Apollo 17;79002;"79002;145";9.5 - 10;1000.0;0.0;47.91;"J.C. Graf, 1993, "Lunar Soils Grain Size Catalog" NASA Reference Publication RP-1265"
Apollo 17;79002;"79002;145";9.5 - 10;500.0;4.65;47.91;"J.C. Graf, 1993, "Lunar Soils Grain Size Catalog" NASA Reference Publication RP-1265"
Apollo 17;79002;"79002;145";9.5 - 10;250.0;7.14;47.91;"J.C. Graf, 1993, "Lunar Soils Grain Size Catalog" NASA Reference Publication RP-1265"
Apollo 17;79002;"79002;145";9.5 - 10;150.0;8.95;47.91;"J.C. Graf, 1993, "Lunar Soils Grain Size Catalog" NASA Reference Publication RP-1265"
Apollo 17;79002;"79002;145";9.5 - 10;90.0;12.35;47.91;"J.C. Graf, 1993, "Lunar Soils Grain Size Catalog" NASA Reference Publication RP-1265"
Apollo 17;79002;"79002;145";9.5 - 10;45.0;18.59;47.91;"J.C. Graf, 1993, "Lunar Soils Grain Size Catalog" NASA Reference Publication RP-1265"
Apollo 17;79002;"79002;145";9.5 - 10;20.0;17.49;47.91;"J.C. Graf, 1993, "Lunar Soils Grain Size Catalog" NASA Reference Publication RP-1265"
Apollo 17;79002;"79002;145";9.5 - 10;1.0;29.83;47.91;"J.C. Graf, 1993, "Lunar Soils Grain Size Catalog" NASA Reference Publication RP-1265"
Apollo 17;79002;"79002;143";6 - 6.5;10000.0;0.0;52.56;"J.C. Graf, 1993, "Lunar Soils Grain Size Catalog" NASA Reference Publication RP-1265"
Apollo 17;79002;"79002;143";6 - 6.5;1000.0;0.0;52.56;"J.C. Graf, 1993, "Lunar Soils Grain Size Catalog" NASA Reference Publication RP-1265"
Apollo 17;79002;"79002;143";6 - 6.5;500.0;4.02;52.56;"J.C. Graf, 1993, "Lunar Soils Grain Size Catalog" NASA Reference Publication RP-1265"
Apollo 17;79002;"79002;143";6 - 6.5;250.0;7.87;52.56;"J.C. Graf, 1993, "Lunar Soils Grain Size Catalog" NASA Reference Publication RP-1265"
Apollo 17;79002;"79002;143";6 - 6.5;150.0;10.03;52.56;"J.C. Graf, 1993, "Lunar Soils Grain Size Catalog" NASA Reference Publication RP-1265"
Apollo 17;79002;"79002;143";6 - 6.5;90.0;12.28;52.56;"J.C. Graf, 1993, "Lunar Soils Grain Size Catalog" NASA Reference Publication RP-1265"
Apollo 17;79002;"79002;143";6 - 6.5;45.0;20.36;52.56;"J.C. Graf, 1993, "Lunar Soils Grain Size Catalog" NASA Reference Publication RP-1265"
Apollo 17;79002;"79002;143";6 - 6.5;20.0;19.32;52.56;"J.C. Graf, 1993, "Lunar Soils Grain Size Catalog" NASA Reference Publication RP-1265"
Apollo 17;79002;"79002;143";6 - 6.5;1.0;25.12;52.56;"J.C. Graf, 1993, "Lunar Soils Grain Size Catalog" NASA Reference Publication RP-1265"
Apollo 17;79002;"79002;142";2.3 - 2.8;10000.0;0.0;53.37;"J.C. Graf, 1993, "Lunar Soils Grain Size Catalog" NASA Reference Publication RP-1265"
Apollo 17;79002;"79002;142";2.3 - 2.8;1000.0;0.0;53.37;"J.C. Graf, 1993, "Lunar Soils Grain Size Catalog" NASA Reference Publication RP-1265"
Apollo 17;79002;"79002;142";2.3 - 2.8;500.0;5.87;53.37;"J.C. Graf, 1993, "Lunar Soils Grain Size Catalog" NASA Reference Publication RP-1265"
Apollo 17;79002;"79002;142";2.3 - 2.8;250.0;8.88;53.37;"J.C. Graf, 1993, "Lunar Soils Grain Size Catalog" NASA Reference Publication RP-1265"
Apollo 17;79002;"79002;142";2.3 - 2.8;150.0;9.91;53.37;"J.C. Graf, 1993, "Lunar Soils Grain Size Catalog" NASA Reference Publication RP-1265"
Apollo 17;79002;"79002;142";2.3 - 2.8;90.0;11.87;53.37;"J.C. Graf, 1993, "Lunar Soils Grain Size Catalog" NASA Reference Publication RP-1265"
Apollo 17;79002;"79002;142";2.3 - 2.8;45.0;17.87;53.37;"J.C. Graf, 1993, "Lunar Soils Grain Size Catalog" NASA Reference Publication RP-1265"
Apollo 17;79002;"79002;142";2.3 - 2.8;20.0;18.28;53.37;"J.C. Graf, 1993, "Lunar Soils Grain Size Catalog" NASA Reference Publication RP-1265"
Apollo 17;79002;"79002;142";2.3 - 2.8;1.0;26.32;53.37;"J.C. Graf, 1993, "Lunar Soils Grain Size Catalog" NASA Reference Publication RP-1265"
Apollo 17;79002;"79002;140";0 - 0.5;10000.0;0.0;56.15;"J.C. Graf, 1993, "Lunar Soils Grain Size Catalog" NASA Reference Publication RP-1265"
Apollo 17;79002;"79002;140";0 - 0.5;1000.0;0.0;56.15;"J.C. Graf, 1993, "Lunar Soils Grain Size Catalog" NASA Reference Publication RP-1265"
Apollo 17;79002;"79002;140";0 - 0.5;500.0;4.91;56.15;"J.C. Graf, 1993, "Lunar Soils Grain Size Catalog" NASA Reference Publication RP-1265"
Apollo 17;79002;"79002;140";0 - 0.5;250.0;8.95;56.15;"J.C. Graf, 1993, "Lunar Soils Grain Size Catalog" NASA Reference Publication RP-1265"
Apollo 17;79002;"79002;140";0 - 0.5;150.0;10.58;56.15;"J.C. Graf, 1993, "Lunar Soils Grain Size Catalog" NASA Reference Publication RP-1265"
Apollo 17;79002;"79002;140";0 - 0.5;90.0;12.67;56.15;"J.C. Graf, 1993, "Lunar Soils Grain Size Catalog" NASA Reference Publication RP-1265"
Apollo 17;79002;"79002;140";0 - 0.5;45.0;18.94;56.15;"J.C. Graf, 1993, "Lunar Soils Grain Size Catalog" NASA Reference Publication RP-1265"
Apollo 17;79002;"79002;140";0 - 0.5;20.0;18.86;56.15;"J.C. Graf, 1993, "Lunar Soils Grain Size Catalog" NASA Reference Publication RP-1265"
Apollo 17;79002;"79002;140";0 - 0.5;1.0;24.08;56.15;"J.C. Graf, 1993, "Lunar Soils Grain Size Catalog" NASA Reference Publication RP-1265"
Apollo 17;79220;"79221;1";0 - 2;10000.0;0.0;61.89;"J.C. Graf, 1993, "Lunar Soils Grain Size Catalog" NASA Reference Publication RP-1265"
Apollo 17;79220;"79221;1";0 - 2;4000.0;5.49;61.89;"J.C. Graf, 1993, "Lunar Soils Grain Size Catalog" NASA Reference Publication RP-1265"
Apollo 17;79220;"79221;1";0 - 2;2000.0;3.51;61.89;"J.C. Graf, 1993, "Lunar Soils Grain Size Catalog" NASA Reference Publication RP-1265"
Apollo 17;79220;"79221;1";0 - 2;1000.0;4.07;61.89;"J.C. Graf, 1993, "Lunar Soils Grain Size Catalog" NASA Reference Publication RP-1265"
Apollo 17;79220;"79221;1";0 - 2;500.0;6.4;61.89;"J.C. Graf, 1993, "Lunar Soils Grain Size Catalog" NASA Reference Publication RP-1265"
Apollo 17;79220;"79221;1";0 - 2;250.0;5.9;61.89;"J.C. Graf, 1993, "Lunar Soils Grain Size Catalog" NASA Reference Publication RP-1265"
Apollo 17;79220;"79221;1";0 - 2;150.0;6.76;61.89;"J.C. Graf, 1993, "Lunar Soils Grain Size Catalog" NASA Reference Publication RP-1265"
Apollo 17;79220;"79221;1";0 - 2;90.0;9.9;61.89;"J.C. Graf, 1993, "Lunar Soils Grain Size Catalog" NASA Reference Publication RP-1265"
Apollo 17;79220;"79221;1";0 - 2;75.0;3.74;61.89;"J.C. Graf, 1993, "Lunar Soils Grain Size Catalog" NASA Reference Publication RP-1265"
Apollo 17;79220;"79221;1";0 - 2;45.0;11.25;61.89;"J.C. Graf, 1993, "Lunar Soils Grain Size Catalog" NASA Reference Publication RP-1265"
Apollo 17;79220;"79221;1";0 - 2;20.0;17.21;61.89;"J.C. Graf, 1993, "Lunar Soils Grain Size Catalog" NASA Reference Publication RP-1265"
Apollo 17;79220;"79221;1";0 - 2;15.6;10.23;61.89;"J.C. Graf, 1993, "Lunar Soils Grain Size Catalog" NASA Reference Publication RP-1265"
Apollo 17;79220;"79221;1";0 - 2;7.8;11.59;61.89;"J.C. Graf, 1993, "Lunar Soils Grain Size Catalog" NASA Reference Publication RP-1265"
Apollo 17;79220;"79221;1";0 - 2;3.9;2.48;61.89;"J.C. Graf, 1993, "Lunar Soils Grain Size Catalog" NASA Reference Publication RP-1265"
Apollo 17;79220;"79221;1";0 - 2;1.0;0.46;61.89;"J.C. Graf, 1993, "Lunar Soils Grain Size Catalog" NASA Reference Publication RP-1265"
Apollo 17;79220;"79221;27";0 - 2;10000.0;0.0;84.43;"J.C. Graf, 1993, "Lunar Soils Grain Size Catalog" NASA Reference Publication RP-1265"
Apollo 17;79220;"79221;27";0 - 2;4000.0;5.49;84.43;"J.C. Graf, 1993, "Lunar Soils Grain Size Catalog" NASA Reference Publication RP-1265"
Apollo 17;79220;"79221;27";0 - 2;2000.0;3.51;84.43;"J.C. Graf, 1993, "Lunar Soils Grain Size Catalog" NASA Reference Publication RP-1265"
Apollo 17;79220;"79221;27";0 - 2;1000.0;4.07;84.43;"J.C. Graf, 1993, "Lunar Soils Grain Size Catalog" NASA Reference Publication RP-1265"
Apollo 17;79220;"79221;27";0 - 2;250.0;13.49;84.43;"J.C. Graf, 1993, "Lunar Soils Grain Size Catalog" NASA Reference Publication RP-1265"
Apollo 17;79220;"79221;27";0 - 2;125.0;11.43;84.43;"J.C. Graf, 1993, "Lunar Soils Grain Size Catalog" NASA Reference Publication RP-1265"
Apollo 17;79220;"79221;27";0 - 2;63.0;20.97;84.43;"J.C. Graf, 1993, "Lunar Soils Grain Size Catalog" NASA Reference Publication RP-1265"
Apollo 17;79220;"79221;27";0 - 2;20.0;21.57;84.43;"J.C. Graf, 1993, "Lunar Soils Grain Size Catalog" NASA Reference Publication RP-1265"
Apollo 17;79220;"79221;27";0 - 2;10.0;6.44;84.43;"J.C. Graf, 1993, "Lunar Soils Grain Size Catalog" NASA Reference Publication RP-1265"
Apollo 17;79220;"79221;27";0 - 2;4.0;7.65;84.43;"J.C. Graf, 1993, "Lunar Soils Grain Size Catalog" NASA Reference Publication RP-1265"
Apollo 17;79220;"79221;27";0 - 2;1.0;4.38;84.43;"J.C. Graf, 1993, "Lunar Soils Grain Size Catalog" NASA Reference Publication RP-1265"
Apollo 17;79240;"79241;17";2 - 7;10000.0;0.0;79.54;"J.C. Graf, 1993, "Lunar Soils Grain Size Catalog" NASA Reference Publication RP-1265"
Apollo 17;79240;"79241;17";2 - 7;4000.0;5.19;79.54;"J.C. Graf, 1993, "Lunar Soils Grain Size Catalog" NASA Reference Publication RP-1265"
Apollo 17;79240;"79241;17";2 - 7;2000.0;5.0;79.54;"J.C. Graf, 1993, "Lunar Soils Grain Size Catalog" NASA Reference Publication RP-1265"
Apollo 17;79240;"79241;17";2 - 7;1000.0;5.42;79.54;"J.C. Graf, 1993, "Lunar Soils Grain Size Catalog" NASA Reference Publication RP-1265"
Apollo 17;79240;"79241;17";2 - 7;841.0;1.17;79.54;"J.C. Graf, 1993, "Lunar Soils Grain Size Catalog" NASA Reference Publication RP-1265"
Apollo 17;79240;"79241;17";2 - 7;420.0;5.79;79.54;"J.C. Graf, 1993, "Lunar Soils Grain Size Catalog" NASA Reference Publication RP-1265"
Apollo 17;79240;"79241;17";2 - 7;250.0;6.83;79.54;"J.C. Graf, 1993, "Lunar Soils Grain Size Catalog" NASA Reference Publication RP-1265"
Apollo 17;79240;"79241;17";2 - 7;177.0;4.92;79.54;"J.C. Graf, 1993, "Lunar Soils Grain Size Catalog" NASA Reference Publication RP-1265"
Apollo 17;79240;"79241;17";2 - 7;150.0;3.12;79.54;"J.C. Graf, 1993, "Lunar Soils Grain Size Catalog" NASA Reference Publication RP-1265"
Apollo 17;79240;"79241;17";2 - 7;125.0;3.01;79.54;"J.C. Graf, 1993, "Lunar Soils Grain Size Catalog" NASA Reference Publication RP-1265"
Apollo 17;79240;"79241;17";2 - 7;105.0;4.32;79.54;"J.C. Graf, 1993, "Lunar Soils Grain Size Catalog" NASA Reference Publication RP-1265"
Apollo 17;79240;"79241;17";2 - 7;74.0;6.59;79.54;"J.C. Graf, 1993, "Lunar Soils Grain Size Catalog" NASA Reference Publication RP-1265"
Apollo 17;79240;"79241;17";2 - 7;53.0;5.48;79.54;"J.C. Graf, 1993, "Lunar Soils Grain Size Catalog" NASA Reference Publication RP-1265"
Apollo 17;79240;"79241;17";2 - 7;44.0;4.81;79.54;"J.C. Graf, 1993, "Lunar Soils Grain Size Catalog" NASA Reference Publication RP-1265"
Apollo 17;79240;"79241;17";2 - 7;37.0;3.9;79.54;"J.C. Graf, 1993, "Lunar Soils Grain Size Catalog" NASA Reference Publication RP-1265"
Apollo 17;79240;"79241;17";2 - 7;30.0;7.57;79.54;"J.C. Graf, 1993, "Lunar Soils Grain Size Catalog" NASA Reference Publication RP-1265"
Apollo 17;79240;"79241;17";2 - 7;20.0;7.46;79.54;"J.C. Graf, 1993, "Lunar Soils Grain Size Catalog" NASA Reference Publication RP-1265"
Apollo 17;79240;"79241;17";2 - 7;10.0;9.35;79.54;"J.C. Graf, 1993, "Lunar Soils Grain Size Catalog" NASA Reference Publication RP-1265"
Apollo 17;79240;"79241;17";2 - 7;1.0;9.07;79.54;"J.C. Graf, 1993, "Lunar Soils Grain Size Catalog" NASA Reference Publication RP-1265"
Apollo 17;79260;"79261;1";7 - 17;10000.0;0.0;85.87;"J.C. Graf, 1993, "Lunar Soils Grain Size Catalog" NASA Reference Publication RP-1265"
Apollo 17;79260;"79261;1";7 - 17;4000.0;6.92;85.87;"J.C. Graf, 1993, "Lunar Soils Grain Size Catalog" NASA Reference Publication RP-1265"
Apollo 17;79260;"79261;1";7 - 17;2000.0;5.0;85.87;"J.C. Graf, 1993, "Lunar Soils Grain Size Catalog" NASA Reference Publication RP-1265"
Apollo 17;79260;"79261;1";7 - 17;1000.0;5.13;85.87;"J.C. Graf, 1993, "Lunar Soils Grain Size Catalog" NASA Reference Publication RP-1265"
Apollo 17;79260;"79261;1";7 - 17;500.0;10.38;85.87;"J.C. Graf, 1993, "Lunar Soils Grain Size Catalog" NASA Reference Publication RP-1265"
Apollo 17;79260;"79261;1";7 - 17;250.0;6.13;85.87;"J.C. Graf, 1993, "Lunar Soils Grain Size Catalog" NASA Reference Publication RP-1265"
Apollo 17;79260;"79261;1";7 - 17;150.0;6.33;85.87;"J.C. Graf, 1993, "Lunar Soils Grain Size Catalog" NASA Reference Publication RP-1265"
Apollo 17;79260;"79261;1";7 - 17;90.0;9.2;85.87;"J.C. Graf, 1993, "Lunar Soils Grain Size Catalog" NASA Reference Publication RP-1265"
Apollo 17;79260;"79261;1";7 - 17;75.0;3.53;85.87;"J.C. Graf, 1993, "Lunar Soils Grain Size Catalog" NASA Reference Publication RP-1265"
Apollo 17;79260;"79261;1";7 - 17;45.0;10.73;85.87;"J.C. Graf, 1993, "Lunar Soils Grain Size Catalog" NASA Reference Publication RP-1265"
Apollo 17;79260;"79261;1";7 - 17;20.0;16.87;85.87;"J.C. Graf, 1993, "Lunar Soils Grain Size Catalog" NASA Reference Publication RP-1265"
Apollo 17;79260;"79261;1";7 - 17;15.6;6.93;85.87;"J.C. Graf, 1993, "Lunar Soils Grain Size Catalog" NASA Reference Publication RP-1265"
Apollo 17;79260;"79261;1";7 - 17;7.8;9.47;85.87;"J.C. Graf, 1993, "Lunar Soils Grain Size Catalog" NASA Reference Publication RP-1265"
Apollo 17;79260;"79261;1";7 - 17;3.9;2.1;85.87;"J.C. Graf, 1993, "Lunar Soils Grain Size Catalog" NASA Reference Publication RP-1265"
Apollo 17;79260;"79261;1";7 - 17;1.0;0.29;85.87;"J.C. Graf, 1993, "Lunar Soils Grain Size Catalog" NASA Reference Publication RP-1265"
Apollo 17;79260;"79261;19";7 - 17;10000.0;0.0;96.68;"J.C. Graf, 1993, "Lunar Soils Grain Size Catalog" NASA Reference Publication RP-1265"
Apollo 17;79260;"79261;19";7 - 17;4000.0;6.92;96.68;"J.C. Graf, 1993, "Lunar Soils Grain Size Catalog" NASA Reference Publication RP-1265"
Apollo 17;79260;"79261;19";7 - 17;2000.0;5.01;96.68;"J.C. Graf, 1993, "Lunar Soils Grain Size Catalog" NASA Reference Publication RP-1265"
Apollo 17;79260;"79261;19";7 - 17;1000.0;5.13;96.68;"J.C. Graf, 1993, "Lunar Soils Grain Size Catalog" NASA Reference Publication RP-1265"
Apollo 17;79260;"79261;19";7 - 17;250.0;15.42;96.68;"J.C. Graf, 1993, "Lunar Soils Grain Size Catalog" NASA Reference Publication RP-1265"
Apollo 17;79260;"79261;19";7 - 17;125.0;12.63;96.68;"J.C. Graf, 1993, "Lunar Soils Grain Size Catalog" NASA Reference Publication RP-1265"
Apollo 17;79260;"79261;19";7 - 17;63.0;13.04;96.68;"J.C. Graf, 1993, "Lunar Soils Grain Size Catalog" NASA Reference Publication RP-1265"
Apollo 17;79260;"79261;19";7 - 17;20.0;19.6;96.68;"J.C. Graf, 1993, "Lunar Soils Grain Size Catalog" NASA Reference Publication RP-1265"
Apollo 17;79260;"79261;19";7 - 17;10.0;3.69;96.68;"J.C. Graf, 1993, "Lunar Soils Grain Size Catalog" NASA Reference Publication RP-1265"
Apollo 17;79260;"79261;19";7 - 17;4.0;11.32;96.68;"J.C. Graf, 1993, "Lunar Soils Grain Size Catalog" NASA Reference Publication RP-1265"
Apollo 17;79260;"79261;19";7 - 17;1.0;6.23;96.68;"J.C. Graf, 1993, "Lunar Soils Grain Size Catalog" NASA Reference Publication RP-1265"
Apollo 17;79260;"79261;23";7 - 17;10000.0;0.0;89.01;"J.C. Graf, 1993, "Lunar Soils Grain Size Catalog" NASA Reference Publication RP-1265"
Apollo 17;79260;"79261;23";7 - 17;4000.0;6.92;89.01;"J.C. Graf, 1993, "Lunar Soils Grain Size Catalog" NASA Reference Publication RP-1265"
Apollo 17;79260;"79261;23";7 - 17;2000.0;5.0;89.01;"J.C. Graf, 1993, "Lunar Soils Grain Size Catalog" NASA Reference Publication RP-1265"
Apollo 17;79260;"79261;23";7 - 17;1000.0;5.13;89.01;"J.C. Graf, 1993, "Lunar Soils Grain Size Catalog" NASA Reference Publication RP-1265"
Apollo 17;79260;"79261;23";7 - 17;841.0;1.68;89.01;"J.C. Graf, 1993, "Lunar Soils Grain Size Catalog" NASA Reference Publication RP-1265"
Apollo 17;79260;"79261;23";7 - 17;420.0;6.61;89.01;"J.C. Graf, 1993, "Lunar Soils Grain Size Catalog" NASA Reference Publication RP-1265"
Apollo 17;79260;"79261;23";7 - 17;250.0;5.96;89.01;"J.C. Graf, 1993, "Lunar Soils Grain Size Catalog" NASA Reference Publication RP-1265"
Apollo 17;79260;"79261;23";7 - 17;177.0;5.53;89.01;"J.C. Graf, 1993, "Lunar Soils Grain Size Catalog" NASA Reference Publication RP-1265"
Apollo 17;79260;"79261;23";7 - 17;150.0;2.85;89.01;"J.C. Graf, 1993, "Lunar Soils Grain Size Catalog" NASA Reference Publication RP-1265"
Apollo 17;79260;"79261;23";7 - 17;125.0;3.69;89.01;"J.C. Graf, 1993, "Lunar Soils Grain Size Catalog" NASA Reference Publication RP-1265"
Apollo 17;79260;"79261;23";7 - 17;105.0;3.74;89.01;"J.C. Graf, 1993, "Lunar Soils Grain Size Catalog" NASA Reference Publication RP-1265"
Apollo 17;79260;"79261;23";7 - 17;74.0;6.12;89.01;"J.C. Graf, 1993, "Lunar Soils Grain Size Catalog" NASA Reference Publication RP-1265"
Apollo 17;79260;"79261;23";7 - 17;53.0;4.91;89.01;"J.C. Graf, 1993, "Lunar Soils Grain Size Catalog" NASA Reference Publication RP-1265"
Apollo 17;79260;"79261;23";7 - 17;44.0;4.22;89.01;"J.C. Graf, 1993, "Lunar Soils Grain Size Catalog" NASA Reference Publication RP-1265"
Apollo 17;79260;"79261;23";7 - 17;37.0;3.96;89.01;"J.C. Graf, 1993, "Lunar Soils Grain Size Catalog" NASA Reference Publication RP-1265"
Apollo 17;79260;"79261;23";7 - 17;30.0;9.88;89.01;"J.C. Graf, 1993, "Lunar Soils Grain Size Catalog" NASA Reference Publication RP-1265"
Apollo 17;79260;"79261;23";7 - 17;20.0;7.78;89.01;"J.C. Graf, 1993, "Lunar Soils Grain Size Catalog" NASA Reference Publication RP-1265"
Apollo 17;79260;"79261;23";7 - 17;10.0;8.55;89.01;"J.C. Graf, 1993, "Lunar Soils Grain Size Catalog" NASA Reference Publication RP-1265"
Apollo 17;79260;"79261;23";7 - 17;1.0;6.45;89.01;"J.C. Graf, 1993, "Lunar Soils Grain Size Catalog" NASA Reference Publication RP-1265"
Apollo 17;79510;"79511;4";;10000.0;0.0;98.42;"J.C. Graf, 1993, "Lunar Soils Grain Size Catalog" NASA Reference Publication RP-1265"
Apollo 17;79510;"79511;4";;4000.0;5.7;98.42;"J.C. Graf, 1993, "Lunar Soils Grain Size Catalog" NASA Reference Publication RP-1265"
Apollo 17;79510;"79511;4";;2000.0;4.63;98.42;"J.C. Graf, 1993, "Lunar Soils Grain Size Catalog" NASA Reference Publication RP-1265"
Apollo 17;79510;"79511;4";;1000.0;5.27;98.42;"J.C. Graf, 1993, "Lunar Soils Grain Size Catalog" NASA Reference Publication RP-1265"
Apollo 17;79510;"79511;4";;500.0;6.26;98.42;"J.C. Graf, 1993, "Lunar Soils Grain Size Catalog" NASA Reference Publication RP-1265"
Apollo 17;79510;"79511;4";;250.0;7.6;98.42;"J.C. Graf, 1993, "Lunar Soils Grain Size Catalog" NASA Reference Publication RP-1265"
Apollo 17;79510;"79511;4";;125.0;14.19;98.42;"J.C. Graf, 1993, "Lunar Soils Grain Size Catalog" NASA Reference Publication RP-1265"
Apollo 17;79510;"79511;4";;63.0;18.2;98.42;"J.C. Graf, 1993, "Lunar Soils Grain Size Catalog" NASA Reference Publication RP-1265"
Apollo 17;79510;"79511;4";;20.0;19.62;98.42;"J.C. Graf, 1993, "Lunar Soils Grain Size Catalog" NASA Reference Publication RP-1265"
Apollo 17;79510;"79511;4";;10.0;6.18;98.42;"J.C. Graf, 1993, "Lunar Soils Grain Size Catalog" NASA Reference Publication RP-1265"
Apollo 17;79510;"79511;4";;4.0;5.76;98.42;"J.C. Graf, 1993, "Lunar Soils Grain Size Catalog" NASA Reference Publication RP-1265"
Apollo 17;79510;"79511;4";;1.0;5.59;98.42;"J.C. Graf, 1993, "Lunar Soils Grain Size Catalog" NASA Reference Publication RP-1265"
Apollo 17;79510;"79511;7";;10000.0;0.0;107.35;"J.C. Graf, 1993, "Lunar Soils Grain Size Catalog" NASA Reference Publication RP-1265"
Apollo 17;79510;"79511;7";;4000.0;5.69;107.35;"J.C. Graf, 1993, "Lunar Soils Grain Size Catalog" NASA Reference Publication RP-1265"
Apollo 17;79510;"79511;7";;2000.0;4.62;107.35;"J.C. Graf, 1993, "Lunar Soils Grain Size Catalog" NASA Reference Publication RP-1265"
Apollo 17;79510;"79511;7";;1000.0;5.27;107.35;"J.C. Graf, 1993, "Lunar Soils Grain Size Catalog" NASA Reference Publication RP-1265"
Apollo 17;79510;"79511;7";;841.0;1.89;107.35;"J.C. Graf, 1993, "Lunar Soils Grain Size Catalog" NASA Reference Publication RP-1265"
Apollo 17;79510;"79511;7";;420.0;7.22;107.35;"J.C. Graf, 1993, "Lunar Soils Grain Size Catalog" NASA Reference Publication RP-1265"
Apollo 17;79510;"79511;7";;250.0;7.93;107.35;"J.C. Graf, 1993, "Lunar Soils Grain Size Catalog" NASA Reference Publication RP-1265"
Apollo 17;79510;"79511;7";;177.0;5.96;107.35;"J.C. Graf, 1993, "Lunar Soils Grain Size Catalog" NASA Reference Publication RP-1265"
Apollo 17;79510;"79511;7";;150.0;3.47;107.35;"J.C. Graf, 1993, "Lunar Soils Grain Size Catalog" NASA Reference Publication RP-1265"
Apollo 17;79510;"79511;7";;125.0;3.96;107.35;"J.C. Graf, 1993, "Lunar Soils Grain Size Catalog" NASA Reference Publication RP-1265"
Apollo 17;79510;"79511;7";;105.0;4.57;107.35;"J.C. Graf, 1993, "Lunar Soils Grain Size Catalog" NASA Reference Publication RP-1265"
Apollo 17;79510;"79511;7";;74.0;7.4;107.35;"J.C. Graf, 1993, "Lunar Soils Grain Size Catalog" NASA Reference Publication RP-1265"
Apollo 17;79510;"79511;7";;53.0;5.9;107.35;"J.C. Graf, 1993, "Lunar Soils Grain Size Catalog" NASA Reference Publication RP-1265"
Apollo 17;79510;"79511;7";;44.0;5.2;107.35;"J.C. Graf, 1993, "Lunar Soils Grain Size Catalog" NASA Reference Publication RP-1265"
Apollo 17;79510;"79511;7";;37.0;2.02;107.35;"J.C. Graf, 1993, "Lunar Soils Grain Size Catalog" NASA Reference Publication RP-1265"
Apollo 17;79510;"79511;7";;30.0;6.19;107.35;"J.C. Graf, 1993, "Lunar Soils Grain Size Catalog" NASA Reference Publication RP-1265"
Apollo 17;79510;"79511;7";;20.0;7.7;107.35;"J.C. Graf, 1993, "Lunar Soils Grain Size Catalog" NASA Reference Publication RP-1265"
Apollo 17;79510;"79511;7";;10.0;5.88;107.35;"J.C. Graf, 1993, "Lunar Soils Grain Size Catalog" NASA Reference Publication RP-1265"
Apollo 17;79510;"79511;7";;1.0;8.13;107.35;"J.C. Graf, 1993, "Lunar Soils Grain Size Catalog" NASA Reference Publication RP-1265"
